-- phpMyAdmin SQL Dump
-- version 4.6.5.2
-- https://www.phpmyadmin.net/
--
-- Servidor: 127.0.0.1
-- Tiempo de generación: 08-01-2018 a las 02:05:26
-- Versión del servidor: 10.1.21-MariaDB
-- Versión de PHP: 5.6.30

SET SQL_MODE = "NO_AUTO_VALUE_ON_ZERO";
SET time_zone = "+00:00";


/*!40101 SET @OLD_CHARACTER_SET_CLIENT=@@CHARACTER_SET_CLIENT */;
/*!40101 SET @OLD_CHARACTER_SET_RESULTS=@@CHARACTER_SET_RESULTS */;
/*!40101 SET @OLD_COLLATION_CONNECTION=@@COLLATION_CONNECTION */;
/*!40101 SET NAMES utf8mb4 */;

--
-- Base de datos: `facturaelectronica`
--

-- --------------------------------------------------------

--
-- Estructura de tabla para la tabla `cliente`
--

CREATE TABLE `cliente` (
  `cliente_id` int(11) NOT NULL,
  `usuario_id` int(11) NOT NULL,
  `fecha_registro` datetime NOT NULL,
  `nombre_cliente` varchar(100) COLLATE utf8_spanish_ci NOT NULL,
  `cedula_cliente` varchar(100) COLLATE utf8_spanish_ci NOT NULL,
  `estado_cliente` int(11) NOT NULL COMMENT '0 para inactivo, 1 para activo'
) ENGINE=InnoDB DEFAULT CHARSET=utf8 COLLATE=utf8_spanish_ci;

--
-- Volcado de datos para la tabla `cliente`
--

INSERT INTO `cliente` (`cliente_id`, `usuario_id`, `fecha_registro`, `nombre_cliente`, `cedula_cliente`, `estado_cliente`) VALUES
(1, 1, '2017-12-07 07:33:46', 'Cliente 1', '123456890', 1),
(2, 1, '2017-12-07 07:33:59', 'Cliente 2', '321654987', 0),
(3, 1, '2017-12-07 07:34:33', 'Cliente 3', '987654321', 1),
(4, 1, '2017-12-07 07:34:54', 'Cliente 4', '654987312', 1),
(5, 1, '2017-12-09 03:18:47', 'Cliente 5', '65498761654', 1),
(6, 1, '2017-12-09 08:24:07', 'Cliente 6', '23432', 0),
(7, 1, '2017-12-09 08:24:12', 'Cliente 7', '', 1),
(8, 1, '2017-12-09 08:24:17', 'Cliente 8', '', 1),
(9, 1, '2017-12-09 08:24:25', 'Cliente 9', '', 0),
(10, 1, '2017-12-09 08:24:31', 'Cliente 10', '', 1),
(11, 1, '2017-12-09 08:24:36', 'Cliente 11', '', 1),
(12, 1, '2017-12-09 08:24:42', 'Cliente 12', '', 0),
(13, 1, '2017-12-17 06:02:59', 'Cliente 13', '568798654', 1),
(14, 1, '2017-12-29 00:58:24', 'Cliente 14', '65465461', 1);

-- --------------------------------------------------------

--
-- Estructura de tabla para la tabla `cliente_correo`
--

CREATE TABLE `cliente_correo` (
  `cliente_correo_id` int(11) NOT NULL,
  `cliente_id` int(11) NOT NULL,
  `correo_cliente` varchar(100) COLLATE utf8_spanish_ci NOT NULL
) ENGINE=InnoDB DEFAULT CHARSET=utf8 COLLATE=utf8_spanish_ci;

--
-- Volcado de datos para la tabla `cliente_correo`
--

INSERT INTO `cliente_correo` (`cliente_correo_id`, `cliente_id`, `correo_cliente`) VALUES
(1, 2, 'keylor@orbelink.com'),
(4, 5, 'prueba@cliente.com'),
(11, 3, 'khmg13@gmail.com'),
(12, 3, 'khmg13@hotmail.es'),
(13, 4, 'cliente4@cliente.net'),
(16, 1, 'cliente1@cliente.com'),
(17, 1, 'cliente3@cliente.com'),
(18, 13, 'cliente13@gmail.com'),
(19, 13, 'cliente13@hotmail.com');

-- --------------------------------------------------------

--
-- Estructura de tabla para la tabla `cliente_telefono`
--

CREATE TABLE `cliente_telefono` (
  `cliente_telefono_id` int(11) NOT NULL,
  `cliente_id` int(11) NOT NULL,
  `telefono_cliente` varchar(30) COLLATE utf8_spanish_ci NOT NULL
) ENGINE=InnoDB DEFAULT CHARSET=utf8 COLLATE=utf8_spanish_ci;

--
-- Volcado de datos para la tabla `cliente_telefono`
--

INSERT INTO `cliente_telefono` (`cliente_telefono_id`, `cliente_id`, `telefono_cliente`) VALUES
(4, 5, '3054369224'),
(9, 3, '22345360'),
(10, 3, '22539150'),
(11, 4, '69325841'),
(12, 4, '95658788'),
(15, 1, '1654616984'),
(16, 1, '2222222223'),
(17, 13, '88888888'),
(18, 13, '99999999');

-- --------------------------------------------------------

--
-- Estructura de tabla para la tabla `colaborador`
--

CREATE TABLE `colaborador` (
  `colaborador_id` int(11) NOT NULL,
  `colaborador_puesto_id` int(11) NOT NULL,
  `nombre` varchar(50) COLLATE utf8_spanish_ci NOT NULL,
  `apellidos` varchar(50) COLLATE utf8_spanish_ci NOT NULL,
  `correo_electronico` varchar(100) COLLATE utf8_spanish_ci NOT NULL,
  `cedula` varchar(25) COLLATE utf8_spanish_ci NOT NULL,
  `seguro_social` varchar(50) COLLATE utf8_spanish_ci NOT NULL,
  `identificador_interno` varchar(50) COLLATE utf8_spanish_ci NOT NULL,
  `telefono` varchar(20) COLLATE utf8_spanish_ci NOT NULL
) ENGINE=InnoDB DEFAULT CHARSET=utf8 COLLATE=utf8_spanish_ci ROW_FORMAT=COMPACT;

-- --------------------------------------------------------

--
-- Estructura de tabla para la tabla `colaborador_costo_hora`
--

CREATE TABLE `colaborador_costo_hora` (
  `colaborador_costo_hora_id` int(11) NOT NULL,
  `colaborador_id` int(11) NOT NULL,
  `moneda_id` int(11) NOT NULL,
  `fecha_registro` datetime NOT NULL,
  `costo_hora` float(10,2) NOT NULL,
  `estado_costo` int(11) NOT NULL COMMENT '0 es inactivo, 1 es activo'
) ENGINE=InnoDB DEFAULT CHARSET=utf8 COLLATE=utf8_spanish_ci ROW_FORMAT=COMPACT;

-- --------------------------------------------------------

--
-- Estructura de tabla para la tabla `colaborador_puesto`
--

CREATE TABLE `colaborador_puesto` (
  `colaborador_puesto_id` int(11) NOT NULL,
  `puesto` varchar(60) COLLATE utf8_spanish_ci NOT NULL
) ENGINE=InnoDB DEFAULT CHARSET=utf8 COLLATE=utf8_spanish_ci ROW_FORMAT=COMPACT;

--
-- Volcado de datos para la tabla `colaborador_puesto`
--

INSERT INTO `colaborador_puesto` (`colaborador_puesto_id`, `puesto`) VALUES
(1, 'Jefe de proyecto'),
(2, 'Operario'),
(3, 'Operante');

-- --------------------------------------------------------

--
-- Estructura de tabla para la tabla `moneda`
--

CREATE TABLE `moneda` (
  `moneda_id` int(11) NOT NULL,
  `moneda` varchar(50) COLLATE utf8_spanish_ci NOT NULL,
  `simbolo` varchar(6) COLLATE utf8_spanish_ci NOT NULL
) ENGINE=InnoDB DEFAULT CHARSET=utf8 COLLATE=utf8_spanish_ci;

--
-- Volcado de datos para la tabla `moneda`
--

INSERT INTO `moneda` (`moneda_id`, `moneda`, `simbolo`) VALUES
(1, 'Dolar (USD)', '$'),
(2, 'Colón (CRC)', '₡');

-- --------------------------------------------------------

--
-- Estructura de tabla para la tabla `pais`
--

CREATE TABLE `pais` (
  `id` int(11) NOT NULL COMMENT 'ID de país',
  `codigo_pais` varchar(4) COLLATE utf8_spanish_ci NOT NULL,
  `nombre_pais` varchar(50) COLLATE utf8_spanish_ci NOT NULL
) ENGINE=InnoDB DEFAULT CHARSET=utf8 COLLATE=utf8_spanish_ci ROW_FORMAT=COMPACT;

--
-- Volcado de datos para la tabla `pais`
--

INSERT INTO `pais` (`id`, `codigo_pais`, `nombre_pais`) VALUES
(1, 'AF', 'Afghanistan'),
(2, 'AL', 'Albania'),
(3, 'DZ', 'Algeria'),
(4, 'DS', 'American Samoa'),
(5, 'AD', 'Andorra'),
(6, 'AO', 'Angola'),
(7, 'AI', 'Anguilla'),
(8, 'AQ', 'Antarctica'),
(9, 'AG', 'Antigua and Barbuda'),
(10, 'AR', 'Argentina'),
(11, 'AM', 'Armenia'),
(12, 'AW', 'Aruba'),
(13, 'AU', 'Australia'),
(14, 'AT', 'Austria'),
(15, 'AZ', 'Azerbaijan'),
(16, 'BS', 'Bahamas'),
(17, 'BH', 'Bahrain'),
(18, 'BD', 'Bangladesh'),
(19, 'BB', 'Barbados'),
(20, 'BY', 'Belarus'),
(21, 'BE', 'Belgium'),
(22, 'BZ', 'Belize'),
(23, 'BJ', 'Benin'),
(24, 'BM', 'Bermuda'),
(25, 'BT', 'Bhutan'),
(26, 'BO', 'Bolivia'),
(27, 'BA', 'Bosnia and Herzegovina'),
(28, 'BW', 'Botswana'),
(29, 'BV', 'Bouvet Island'),
(30, 'BR', 'Brazil'),
(31, 'IO', 'British Indian Ocean Territory'),
(32, 'BN', 'Brunei Darussalam'),
(33, 'BG', 'Bulgaria'),
(34, 'BF', 'Burkina Faso'),
(35, 'BI', 'Burundi'),
(36, 'KH', 'Cambodia'),
(37, 'CM', 'Cameroon'),
(38, 'CA', 'Canada'),
(39, 'CV', 'Cape Verde'),
(40, 'KY', 'Cayman Islands'),
(41, 'CF', 'Central African Republic'),
(42, 'TD', 'Chad'),
(43, 'CL', 'Chile'),
(44, 'CN', 'China'),
(45, 'CX', 'Christmas Island'),
(46, 'CC', 'Cocos (Keeling) Islands'),
(47, 'CO', 'Colombia'),
(48, 'KM', 'Comoros'),
(49, 'CG', 'Congo'),
(50, 'CK', 'Cook Islands'),
(51, 'CR', 'Costa Rica'),
(52, 'HR', 'Croatia (Hrvatska)'),
(53, 'CU', 'Cuba'),
(54, 'CY', 'Cyprus'),
(55, 'CZ', 'Czech Republic'),
(56, 'DK', 'Denmark'),
(57, 'DJ', 'Djibouti'),
(58, 'DM', 'Dominica'),
(59, 'DO', 'Dominican Republic'),
(60, 'TP', 'East Timor'),
(61, 'EC', 'Ecuador'),
(62, 'EG', 'Egypt'),
(63, 'SV', 'El Salvador'),
(64, 'GQ', 'Equatorial Guinea'),
(65, 'ER', 'Eritrea'),
(66, 'EE', 'Estonia'),
(67, 'ET', 'Ethiopia'),
(68, 'FK', 'Falkland Islands (Malvinas)'),
(69, 'FO', 'Faroe Islands'),
(70, 'FJ', 'Fiji'),
(71, 'FI', 'Finland'),
(72, 'FR', 'France'),
(73, 'FX', 'France, Metropolitan'),
(74, 'GF', 'French Guiana'),
(75, 'PF', 'French Polynesia'),
(76, 'TF', 'French Southern Territories'),
(77, 'GA', 'Gabon'),
(78, 'GM', 'Gambia'),
(79, 'GE', 'Georgia'),
(80, 'DE', 'Germany'),
(81, 'GH', 'Ghana'),
(82, 'GI', 'Gibraltar'),
(83, 'GK', 'Guernsey'),
(84, 'GR', 'Greece'),
(85, 'GL', 'Greenland'),
(86, 'GD', 'Grenada'),
(87, 'GP', 'Guadeloupe'),
(88, 'GU', 'Guam'),
(89, 'GT', 'Guatemala'),
(90, 'GN', 'Guinea'),
(91, 'GW', 'Guinea-Bissau'),
(92, 'GY', 'Guyana'),
(93, 'HT', 'Haiti'),
(94, 'HM', 'Heard and Mc Donald Islands'),
(95, 'HN', 'Honduras'),
(96, 'HK', 'Hong Kong'),
(97, 'HU', 'Hungary'),
(98, 'IS', 'Iceland'),
(99, 'IN', 'India'),
(100, 'IM', 'Isle of Man'),
(101, 'ID', 'Indonesia'),
(102, 'IR', 'Iran (Islamic Republic of)'),
(103, 'IQ', 'Iraq'),
(104, 'IE', 'Ireland'),
(105, 'IL', 'Israel'),
(106, 'IT', 'Italy'),
(107, 'CI', 'Ivory Coast'),
(108, 'JE', 'Jersey'),
(109, 'JM', 'Jamaica'),
(110, 'JP', 'Japan'),
(111, 'JO', 'Jordan'),
(112, 'KZ', 'Kazakhstan'),
(113, 'KE', 'Kenya'),
(114, 'KI', 'Kiribati'),
(115, 'KP', 'Korea, Democratic People\'s Republic of'),
(116, 'KR', 'Korea, Republic of'),
(117, 'XK', 'Kosovo'),
(118, 'KW', 'Kuwait'),
(119, 'KG', 'Kyrgyzstan'),
(120, 'LA', 'Lao People\'s Democratic Republic'),
(121, 'LV', 'Latvia'),
(122, 'LB', 'Lebanon'),
(123, 'LS', 'Lesotho'),
(124, 'LR', 'Liberia'),
(125, 'LY', 'Libyan Arab Jamahiriya'),
(126, 'LI', 'Liechtenstein'),
(127, 'LT', 'Lithuania'),
(128, 'LU', 'Luxembourg'),
(129, 'MO', 'Macau'),
(130, 'MK', 'Macedonia'),
(131, 'MG', 'Madagascar'),
(132, 'MW', 'Malawi'),
(133, 'MY', 'Malaysia'),
(134, 'MV', 'Maldives'),
(135, 'ML', 'Mali'),
(136, 'MT', 'Malta'),
(137, 'MH', 'Marshall Islands'),
(138, 'MQ', 'Martinique'),
(139, 'MR', 'Mauritania'),
(140, 'MU', 'Mauritius'),
(141, 'TY', 'Mayotte'),
(142, 'MX', 'Mexico'),
(143, 'FM', 'Micronesia, Federated States of'),
(144, 'MD', 'Moldova, Republic of'),
(145, 'MC', 'Monaco'),
(146, 'MN', 'Mongolia'),
(147, 'ME', 'Montenegro'),
(148, 'MS', 'Montserrat'),
(149, 'MA', 'Morocco'),
(150, 'MZ', 'Mozambique'),
(151, 'MM', 'Myanmar'),
(152, 'NA', 'Namibia'),
(153, 'NR', 'Nauru'),
(154, 'NP', 'Nepal'),
(155, 'NL', 'Netherlands'),
(156, 'AN', 'Netherlands Antilles'),
(157, 'NC', 'New Caledonia'),
(158, 'NZ', 'New Zealand'),
(159, 'NI', 'Nicaragua'),
(160, 'NE', 'Niger'),
(161, 'NG', 'Nigeria'),
(162, 'NU', 'Niue'),
(163, 'NF', 'Norfolk Island'),
(164, 'MP', 'Northern Mariana Islands'),
(165, 'NO', 'Norway'),
(166, 'OM', 'Oman'),
(167, 'PK', 'Pakistan'),
(168, 'PW', 'Palau'),
(169, 'PS', 'Palestine'),
(170, 'PA', 'Panama'),
(171, 'PG', 'Papua New Guinea'),
(172, 'PY', 'Paraguay'),
(173, 'PE', 'Peru'),
(174, 'PH', 'Philippines'),
(175, 'PN', 'Pitcairn'),
(176, 'PL', 'Poland'),
(177, 'PT', 'Portugal'),
(178, 'PR', 'Puerto Rico'),
(179, 'QA', 'Qatar'),
(180, 'RE', 'Reunion'),
(181, 'RO', 'Romania'),
(182, 'RU', 'Russian Federation'),
(183, 'RW', 'Rwanda'),
(184, 'KN', 'Saint Kitts and Nevis'),
(185, 'LC', 'Saint Lucia'),
(186, 'VC', 'Saint Vincent and the Grenadines'),
(187, 'WS', 'Samoa'),
(188, 'SM', 'San Marino'),
(189, 'ST', 'Sao Tome and Principe'),
(190, 'SA', 'Saudi Arabia'),
(191, 'SN', 'Senegal'),
(192, 'RS', 'Serbia'),
(193, 'SC', 'Seychelles'),
(194, 'SL', 'Sierra Leone'),
(195, 'SG', 'Singapore'),
(196, 'SK', 'Slovakia'),
(197, 'SI', 'Slovenia'),
(198, 'SB', 'Solomon Islands'),
(199, 'SO', 'Somalia'),
(200, 'ZA', 'South Africa'),
(201, 'GS', 'South Georgia South Sandwich Islands'),
(202, 'ES', 'Spain'),
(203, 'LK', 'Sri Lanka'),
(204, 'SH', 'St. Helena'),
(205, 'PM', 'St. Pierre and Miquelon'),
(206, 'SD', 'Sudan'),
(207, 'SR', 'Suriname'),
(208, 'SJ', 'Svalbard and Jan Mayen Islands'),
(209, 'SZ', 'Swaziland'),
(210, 'SE', 'Sweden'),
(211, 'CH', 'Switzerland'),
(212, 'SY', 'Syrian Arab Republic'),
(213, 'TW', 'Taiwan'),
(214, 'TJ', 'Tajikistan'),
(215, 'TZ', 'Tanzania, United Republic of'),
(216, 'TH', 'Thailand'),
(217, 'TG', 'Togo'),
(218, 'TK', 'Tokelau'),
(219, 'TO', 'Tonga'),
(220, 'TT', 'Trinidad and Tobago'),
(221, 'TN', 'Tunisia'),
(222, 'TR', 'Turkey'),
(223, 'TM', 'Turkmenistan'),
(224, 'TC', 'Turks and Caicos Islands'),
(225, 'TV', 'Tuvalu'),
(226, 'UG', 'Uganda'),
(227, 'UA', 'Ukraine'),
(228, 'AE', 'United Arab Emirates'),
(229, 'GB', 'United Kingdom'),
(230, 'US', 'United States'),
(231, 'UM', 'United States minor outlying islands'),
(232, 'UY', 'Uruguay'),
(233, 'UZ', 'Uzbekistan'),
(234, 'VU', 'Vanuatu'),
(235, 'VA', 'Vatican City State'),
(236, 'VE', 'Venezuela'),
(237, 'VN', 'Vietnam'),
(238, 'VG', 'Virgin Islands (British)'),
(239, 'VI', 'Virgin Islands (U.S.)'),
(240, 'WF', 'Wallis and Futuna Islands'),
(241, 'EH', 'Western Sahara'),
(242, 'YE', 'Yemen'),
(243, 'ZR', 'Zaire'),
(244, 'ZM', 'Zambia'),
(245, 'ZW', 'Zimbabwe');

-- --------------------------------------------------------

--
-- Estructura de tabla para la tabla `proveedor`
--

CREATE TABLE `proveedor` (
  `proveedor_id` int(11) NOT NULL,
  `usuario_id` int(11) NOT NULL,
  `fecha_registro` datetime NOT NULL,
  `nombre_proveedor` varchar(100) COLLATE utf8_spanish_ci NOT NULL,
  `cedula_proveedor` varchar(100) COLLATE utf8_spanish_ci NOT NULL,
  `estado_proveedor` int(11) NOT NULL COMMENT '0 para inactivo, 1 para activo'
) ENGINE=InnoDB DEFAULT CHARSET=utf8 COLLATE=utf8_spanish_ci;

--
-- Volcado de datos para la tabla `proveedor`
--

INSERT INTO `proveedor` (`proveedor_id`, `usuario_id`, `fecha_registro`, `nombre_proveedor`, `cedula_proveedor`, `estado_proveedor`) VALUES
(1, 1, '2017-12-07 07:42:18', 'Ferreteria 1', '933366696-2-3', 1),
(2, 1, '2017-12-11 07:03:30', 'Ferreteria 2', '65498998', 1),
(3, 1, '2017-12-11 07:04:09', 'Proveedor 3', '89798798', 1),
(4, 1, '2017-12-17 06:03:47', 'Ferreteria 4', '6565989', 1);

-- --------------------------------------------------------

--
-- Estructura de tabla para la tabla `proveedor_correo`
--

CREATE TABLE `proveedor_correo` (
  `proveedor_correo_id` int(11) NOT NULL,
  `proveedor_id` int(11) NOT NULL,
  `correo_proveedor` varchar(100) COLLATE utf8_spanish_ci NOT NULL
) ENGINE=InnoDB DEFAULT CHARSET=utf8 COLLATE=utf8_spanish_ci;

--
-- Volcado de datos para la tabla `proveedor_correo`
--

INSERT INTO `proveedor_correo` (`proveedor_correo_id`, `proveedor_id`, `correo_proveedor`) VALUES
(8, 2, 'ferreteria2@proveedor.com'),
(13, 1, 'proveedor1@gmail.com'),
(14, 1, 'proveedor2@gmail.com'),
(15, 3, 'proveedor3@ferreteria.com'),
(16, 3, 'proveedor3@proveedor.com'),
(17, 4, 'ferreteria4@proveedor.com');

-- --------------------------------------------------------

--
-- Estructura de tabla para la tabla `proveedor_telefono`
--

CREATE TABLE `proveedor_telefono` (
  `proveedor_telefono_id` int(11) NOT NULL,
  `proveedor_id` int(11) NOT NULL,
  `telefono_proveedor` varchar(30) COLLATE utf8_spanish_ci NOT NULL
) ENGINE=InnoDB DEFAULT CHARSET=utf8 COLLATE=utf8_spanish_ci;

--
-- Volcado de datos para la tabla `proveedor_telefono`
--

INSERT INTO `proveedor_telefono` (`proveedor_telefono_id`, `proveedor_id`, `telefono_proveedor`) VALUES
(14, 1, '54878877'),
(15, 1, '22336699'),
(16, 3, '498798465'),
(17, 4, '26546513');

-- --------------------------------------------------------

--
-- Estructura de tabla para la tabla `proyecto`
--

CREATE TABLE `proyecto` (
  `proyecto_id` int(11) NOT NULL,
  `usuario_id` int(11) NOT NULL,
  `cliente_id` int(11) NOT NULL,
  `jefe_proyecto_id` int(11) NOT NULL COMMENT 'Jefe de Proyecto',
  `proyecto_estado_id` int(11) NOT NULL,
  `distrito_id` int(11) NOT NULL,
  `moneda_id` int(11) NOT NULL,
  `nombre_proyecto` varchar(400) COLLATE utf8_spanish_ci NOT NULL,
  `fecha_registro` datetime NOT NULL,
  `fecha_firma_contrato` date DEFAULT NULL,
  `fecha_inicio` date DEFAULT NULL,
  `fecha_entrega_estimada` date DEFAULT NULL,
  `numero_contrato` varchar(100) COLLATE utf8_spanish_ci NOT NULL,
  `orden_compra` varchar(100) COLLATE utf8_spanish_ci NOT NULL,
  `direccion_exacta` text COLLATE utf8_spanish_ci NOT NULL,
  `observaciones` text COLLATE utf8_spanish_ci NOT NULL
) ENGINE=InnoDB DEFAULT CHARSET=utf8 COLLATE=utf8_spanish_ci;

--
-- Volcado de datos para la tabla `proyecto`
--

INSERT INTO `proyecto` (`proyecto_id`, `usuario_id`, `cliente_id`, `jefe_proyecto_id`, `proyecto_estado_id`, `distrito_id`, `moneda_id`, `nombre_proyecto`, `fecha_registro`, `fecha_firma_contrato`, `fecha_inicio`, `fecha_entrega_estimada`, `numero_contrato`, `orden_compra`, `direccion_exacta`, `observaciones`) VALUES
(1, 1, 3, 0, 2, 38, 1, 'Proyecto 1', '2017-12-16 04:53:04', '2017-12-01', '2017-12-25', '2018-02-28', '11111', '222223', 'Frente a la iglesia', 'Prueba de observaciones nueva'),
(2, 1, 10, 0, 1, 122, 1, 'Proyecto 2', '2017-12-16 05:40:24', '2017-12-14', '2017-12-18', '2017-12-22', '123456', '654321', 'Casa naranja', 'Prueba 2 de proyecto'),
(3, 1, 8, 0, 1, 261, 1, 'Proyecto 3', '2017-12-16 05:47:57', '2017-12-14', '2017-12-18', '2017-12-22', '369258', '147258', 'Casa verde', 'Prueba 3 de proyecto'),
(4, 1, 7, 0, 2, 363, 1, 'Proyecto 4', '2017-12-16 05:50:10', '2017-12-15', '2017-12-20', '2017-12-29', '789456', '6549871', 'Casa azul', 'Prueba 4 de proyecto'),
(5, 1, 4, 0, 2, 1, 1, 'Proyecto 5', '2017-12-16 07:32:27', '2019-02-13', '2019-02-15', '2020-12-01', '12345', '123156498', 'En el estadio', 'Prueba 5'),
(6, 1, 8, 0, 3, 140, 1, 'Proyecto 6', '2017-12-17 01:43:36', '1970-01-01', '1970-01-01', '1970-01-01', '1122', '3566', 'Frente a la iglesia', ''),
(7, 1, 13, 0, 3, 351, 1, 'Proyecto 7', '2017-12-17 01:46:09', '2019-01-01', '2019-02-13', '2020-12-23', '75888', '96478', 'En la llanura', 'Proyecto 7 observaciones'),
(15, 1, 8, 0, 1, 316, 1, 'Proyecto 15', '2017-12-30 05:29:56', '2018-01-01', '2018-01-02', '2018-06-09', '234234', '234211', '', '');

-- --------------------------------------------------------

--
-- Estructura de tabla para la tabla `proyecto_colaborador`
--

CREATE TABLE `proyecto_colaborador` (
  `proyecto_colaborador_id` int(11) NOT NULL,
  `proyecto_id` int(11) NOT NULL,
  `colaborador_id` int(11) NOT NULL,
  `tipo_relacion` int(2) NOT NULL COMMENT '1 = Jefe de proyecto, 2 = colaborador',
  `fecha_registro` datetime NOT NULL,
  `estado_registro` int(2) NOT NULL COMMENT '0 = inactivo, 1 = activo'
) ENGINE=InnoDB DEFAULT CHARSET=utf8 COLLATE=utf8_spanish_ci;

-- --------------------------------------------------------

--
-- Estructura de tabla para la tabla `proyecto_estado`
--

CREATE TABLE `proyecto_estado` (
  `proyecto_estado_id` int(11) NOT NULL,
  `proyecto_estado` varchar(50) COLLATE utf8_spanish_ci NOT NULL
) ENGINE=InnoDB DEFAULT CHARSET=utf8 COLLATE=utf8_spanish_ci;

--
-- Volcado de datos para la tabla `proyecto_estado`
--

INSERT INTO `proyecto_estado` (`proyecto_estado_id`, `proyecto_estado`) VALUES
(1, 'En presupuesto'),
(2, 'En ejecución'),
(3, 'Entregado'),
(4, 'Archivado');

-- --------------------------------------------------------

--
-- Estructura de tabla para la tabla `proyecto_gasto`
--

CREATE TABLE `proyecto_gasto` (
  `proyecto_gasto_id` int(11) NOT NULL,
  `proyecto_id` int(11) NOT NULL,
  `usuario_id` int(11) NOT NULL,
  `proyecto_gasto_tipo_id` int(11) NOT NULL,
  `fecha_registro` datetime NOT NULL,
  `fecha_gasto` date NOT NULL
) ENGINE=InnoDB DEFAULT CHARSET=utf8 COLLATE=utf8_spanish_ci;

--
-- Volcado de datos para la tabla `proyecto_gasto`
--

INSERT INTO `proyecto_gasto` (`proyecto_gasto_id`, `proyecto_id`, `usuario_id`, `proyecto_gasto_tipo_id`, `fecha_registro`, `fecha_gasto`) VALUES
(2, 1, 1, 3, '2017-12-28 07:11:00', '2017-12-30'),
(3, 1, 1, 3, '2017-12-28 07:11:52', '2018-01-26'),
(4, 1, 1, 1, '2017-12-28 07:22:51', '2018-01-05'),
(5, 1, 1, 2, '2017-12-29 01:47:09', '2018-01-01'),
(6, 1, 1, 1, '2017-12-29 03:57:26', '2018-01-02'),
(7, 1, 1, 1, '2017-12-29 03:58:13', '2018-01-05'),
(9, 1, 1, 4, '2017-12-29 05:47:30', '2017-12-29'),
(10, 2, 1, 4, '2017-12-29 05:48:15', '2017-12-29'),
(11, 3, 1, 4, '2017-12-29 05:48:18', '2017-12-29'),
(12, 4, 1, 4, '2017-12-29 05:48:23', '2017-12-29'),
(13, 5, 1, 4, '2017-12-29 05:48:26', '2017-12-29'),
(14, 6, 1, 4, '2017-12-29 05:48:29', '2017-12-29'),
(15, 7, 1, 4, '2017-12-29 05:48:32', '2017-12-29'),
(20, 15, 1, 4, '2017-12-30 05:29:57', '2017-12-30'),
(21, 15, 1, 1, '2017-12-30 05:30:28', '2018-01-03');

-- --------------------------------------------------------

--
-- Estructura de tabla para la tabla `proyecto_gasto_detalle`
--

CREATE TABLE `proyecto_gasto_detalle` (
  `proyecto_gasto_detalle_id` int(11) NOT NULL,
  `proyecto_gasto_id` int(11) NOT NULL,
  `proveedor_id` int(11) NOT NULL,
  `proyecto_gasto_estado_id` int(11) NOT NULL,
  `numero_factura` int(11) NOT NULL
) ENGINE=InnoDB DEFAULT CHARSET=utf8 COLLATE=utf8_spanish_ci;

--
-- Volcado de datos para la tabla `proyecto_gasto_detalle`
--

INSERT INTO `proyecto_gasto_detalle` (`proyecto_gasto_detalle_id`, `proyecto_gasto_id`, `proveedor_id`, `proyecto_gasto_estado_id`, `numero_factura`) VALUES
(2, 2, 1, 1, 123546),
(3, 4, 4, 1, 98165),
(4, 3, 1, 2, 34534),
(5, 6, 1, 2, 76788),
(6, 7, 2, 2, 7867878),
(9, 21, 1, 1, 34234);

-- --------------------------------------------------------

--
-- Estructura de tabla para la tabla `proyecto_gasto_estado`
--

CREATE TABLE `proyecto_gasto_estado` (
  `proyecto_gasto_estado_id` int(11) NOT NULL,
  `proyecto_gasto_estado` varchar(30) COLLATE utf8_spanish_ci NOT NULL
) ENGINE=InnoDB DEFAULT CHARSET=utf8 COLLATE=utf8_spanish_ci;

--
-- Volcado de datos para la tabla `proyecto_gasto_estado`
--

INSERT INTO `proyecto_gasto_estado` (`proyecto_gasto_estado_id`, `proyecto_gasto_estado`) VALUES
(1, 'Pendiente'),
(2, 'Cancelado');

-- --------------------------------------------------------

--
-- Estructura de tabla para la tabla `proyecto_gasto_mano_obra`
--

CREATE TABLE `proyecto_gasto_mano_obra` (
  `proyecto_gasto_mano_obra_id` int(11) NOT NULL,
  `proyecto_gasto_id` int(11) NOT NULL,
  `proyecto_colaborador_id` int(11) NOT NULL,
  `usuario_id` int(11) NOT NULL,
  `fecha_registro` datetime NOT NULL,
  `cantidad_horas` float(6,2) NOT NULL,
  `costo_hora_mano_obra` float(10,2) NOT NULL,
  `estado_registro` int(2) NOT NULL COMMENT '0 = inactivo, 1 = activo'
) ENGINE=InnoDB DEFAULT CHARSET=utf8 COLLATE=utf8_spanish_ci;

-- --------------------------------------------------------

--
-- Estructura de tabla para la tabla `proyecto_gasto_monto`
--

CREATE TABLE `proyecto_gasto_monto` (
  `proyecto_gasto_monto_id` int(11) NOT NULL,
  `proyecto_gasto_id` int(11) NOT NULL,
  `moneda_id` int(11) NOT NULL,
  `proyecto_gasto_monto` float(20,2) NOT NULL,
  `estado_registro` int(11) NOT NULL COMMENT '0 = inactivo, 1 = activo',
  `fecha_registro` datetime NOT NULL
) ENGINE=InnoDB DEFAULT CHARSET=utf8 COLLATE=utf8_spanish_ci;

--
-- Volcado de datos para la tabla `proyecto_gasto_monto`
--

INSERT INTO `proyecto_gasto_monto` (`proyecto_gasto_monto_id`, `proyecto_gasto_id`, `moneda_id`, `proyecto_gasto_monto`, `estado_registro`, `fecha_registro`) VALUES
(2, 2, 2, 20000.00, 0, '2017-12-28 07:11:00'),
(3, 3, 1, 1000.00, 0, '2017-12-28 07:11:52'),
(4, 4, 1, 250.00, 0, '2017-12-28 07:22:51'),
(5, 5, 2, 200000.00, 1, '2017-12-29 01:47:09'),
(8, 2, 2, 20200.00, 1, '2017-12-29 02:12:53'),
(9, 3, 1, 1000.00, 0, '2017-12-29 02:13:25'),
(10, 3, 2, 1000.00, 0, '2017-12-29 02:15:27'),
(14, 3, 1, 1000.00, 0, '2017-12-29 02:55:21'),
(15, 6, 1, 2500.00, 1, '2017-12-29 03:57:26'),
(16, 7, 2, 50000.00, 1, '2017-12-29 03:58:13'),
(18, 9, 1, 650.00, 0, '2017-12-29 05:47:30'),
(19, 10, 1, 1200.00, 1, '2017-12-29 05:48:15'),
(20, 11, 1, 5000.00, 1, '2017-12-29 05:48:18'),
(21, 12, 1, 16546.54, 1, '2017-12-29 05:48:23'),
(22, 13, 1, 1500.00, 1, '2017-12-29 05:48:26'),
(23, 14, 1, 6555.55, 1, '2017-12-29 05:48:29'),
(24, 15, 1, 3698.85, 1, '2017-12-29 05:48:32'),
(25, 9, 1, 675.00, 1, '2017-12-29 05:51:59'),
(26, 3, 1, 500.00, 0, '2017-12-29 06:09:39'),
(27, 3, 1, 700.00, 1, '2017-12-29 06:49:37'),
(28, 4, 1, 12500.00, 0, '2017-12-29 07:12:58'),
(29, 4, 1, 8500.00, 0, '2017-12-29 07:13:53'),
(30, 4, 1, 10500.00, 0, '2017-12-29 07:14:17'),
(31, 4, 1, 3000.00, 0, '2017-12-29 07:15:01'),
(32, 4, 1, 1000.00, 1, '2017-12-29 07:15:21'),
(37, 20, 1, 0.00, 0, '2017-12-30 05:29:57'),
(38, 21, 1, 1000.00, 1, '2017-12-30 05:30:28'),
(39, 20, 1, 250.00, 1, '2017-12-30 05:31:01');

-- --------------------------------------------------------

--
-- Estructura de tabla para la tabla `proyecto_gasto_tipo`
--

CREATE TABLE `proyecto_gasto_tipo` (
  `proyecto_gasto_tipo_id` int(11) NOT NULL,
  `proyecto_gasto_tipo` varchar(30) COLLATE utf8_spanish_ci NOT NULL
) ENGINE=InnoDB DEFAULT CHARSET=utf8 COLLATE=utf8_spanish_ci;

--
-- Volcado de datos para la tabla `proyecto_gasto_tipo`
--

INSERT INTO `proyecto_gasto_tipo` (`proyecto_gasto_tipo_id`, `proyecto_gasto_tipo`) VALUES
(1, 'Gasto en Materiales'),
(2, 'Gasto en Mano de Obra'),
(3, 'Gasto de Operación'),
(4, 'Gasto Administrativo');

-- --------------------------------------------------------

--
-- Estructura de tabla para la tabla `proyecto_tipo_cambio`
--

CREATE TABLE `proyecto_tipo_cambio` (
  `proyecto_tipo_cambio_id` int(11) NOT NULL,
  `proyecto_id` int(11) NOT NULL,
  `moneda_base_id` int(11) NOT NULL,
  `moneda_destino_id` int(11) NOT NULL,
  `valor_compra` float(10,2) NOT NULL,
  `valor_venta` float(10,2) NOT NULL,
  `fecha_registro` datetime NOT NULL
) ENGINE=InnoDB DEFAULT CHARSET=utf8 COLLATE=utf8_spanish_ci;

--
-- Volcado de datos para la tabla `proyecto_tipo_cambio`
--

INSERT INTO `proyecto_tipo_cambio` (`proyecto_tipo_cambio_id`, `proyecto_id`, `moneda_base_id`, `moneda_destino_id`, `valor_compra`, `valor_venta`, `fecha_registro`) VALUES
(1, 5, 1, 2, 568.00, 572.00, '2017-12-16 07:32:28'),
(2, 6, 1, 2, 558.00, 568.00, '2017-12-17 01:43:36'),
(3, 7, 1, 2, 569.00, 575.00, '2017-12-17 01:46:09'),
(4, 1, 1, 2, 568.75, 571.45, '2017-12-17 21:20:16'),
(11, 2, 1, 2, 0.00, 0.00, '2017-12-29 05:48:15'),
(12, 3, 1, 2, 0.00, 0.00, '2017-12-29 05:48:18'),
(13, 4, 1, 2, 0.00, 0.00, '2017-12-29 05:48:23'),
(15, 15, 1, 2, 562.00, 570.00, '2017-12-30 05:29:57');

-- --------------------------------------------------------

--
-- Estructura de tabla para la tabla `proyecto_valor_oferta`
--

CREATE TABLE `proyecto_valor_oferta` (
  `proyecto_valor_oferta_id` int(11) NOT NULL,
  `proyecto_valor_oferta_tipo_id` int(11) NOT NULL,
  `proyecto_id` int(11) NOT NULL,
  `moneda_id` int(11) NOT NULL,
  `valor_oferta` float(20,2) NOT NULL,
  `fecha_registro` datetime NOT NULL,
  `estado_registro` int(1) NOT NULL COMMENT '0 = inactivo, 1 = activo'
) ENGINE=InnoDB DEFAULT CHARSET=utf8 COLLATE=utf8_spanish_ci;

--
-- Volcado de datos para la tabla `proyecto_valor_oferta`
--

INSERT INTO `proyecto_valor_oferta` (`proyecto_valor_oferta_id`, `proyecto_valor_oferta_tipo_id`, `proyecto_id`, `moneda_id`, `valor_oferta`, `fecha_registro`, `estado_registro`) VALUES
(1, 5, 1, 1, 2000.00, '2017-12-16 04:53:04', 1),
(2, 1, 1, 1, 5000.00, '2017-12-16 04:53:04', 1),
(3, 2, 1, 1, 4000.00, '2017-12-16 04:53:04', 1),
(4, 3, 1, 1, 600.00, '2017-12-16 04:53:04', 1),
(5, 4, 1, 1, 675.00, '2017-12-16 04:53:04', 1),
(6, 5, 2, 1, 200.00, '2017-12-16 05:40:24', 1),
(7, 1, 2, 1, 580.00, '2017-12-16 05:40:24', 1),
(8, 2, 2, 1, 200.00, '2017-12-16 05:40:24', 1),
(9, 3, 2, 1, 360.00, '2017-12-16 05:40:24', 1),
(10, 4, 2, 1, 1200.00, '2017-12-16 05:40:24', 1),
(11, 5, 3, 1, 1000.00, '2017-12-16 05:47:57', 1),
(12, 1, 3, 1, 2000.00, '2017-12-16 05:47:57', 1),
(13, 2, 3, 1, 3000.00, '2017-12-16 05:47:57', 1),
(14, 3, 3, 1, 4000.00, '2017-12-16 05:47:57', 1),
(15, 4, 3, 1, 5000.00, '2017-12-16 05:47:57', 1),
(16, 5, 4, 1, 506.66, '2017-12-16 05:50:10', 1),
(17, 1, 4, 1, 365.55, '2017-12-16 05:50:10', 1),
(18, 2, 4, 1, 3656.65, '2017-12-16 05:50:10', 1),
(19, 3, 4, 1, 21.65, '2017-12-16 05:50:10', 1),
(20, 4, 4, 1, 16546.54, '2017-12-16 05:50:10', 1),
(21, 5, 5, 1, 1010.10, '2017-12-16 07:32:28', 1),
(22, 1, 5, 1, 350.00, '2017-12-16 07:32:28', 1),
(23, 2, 5, 1, 2000.00, '2017-12-16 07:32:28', 1),
(24, 3, 5, 1, 1010.10, '2017-12-16 07:32:28', 1),
(25, 4, 5, 1, 1500.00, '2017-12-16 07:32:28', 1),
(26, 5, 6, 1, 2000.00, '2017-12-17 01:43:36', 1),
(27, 1, 6, 1, 125.22, '2017-12-17 01:43:36', 1),
(28, 2, 6, 1, 356.66, '2017-12-17 01:43:36', 1),
(29, 3, 6, 1, 544.44, '2017-12-17 01:43:36', 1),
(30, 4, 6, 1, 6555.55, '2017-12-17 01:43:36', 1),
(31, 5, 7, 1, 20000.00, '2017-12-17 01:46:09', 1),
(32, 1, 7, 1, 15000.00, '2017-12-17 01:46:09', 1),
(33, 2, 7, 1, 3655.00, '2017-12-17 01:46:09', 1),
(34, 3, 7, 1, 1215.50, '2017-12-17 01:46:09', 1),
(35, 4, 7, 1, 3698.85, '2017-12-17 01:46:09', 1),
(39, 6, 5, 1, 2770.00, '2017-12-27 01:36:43', 1),
(41, 6, 5, 1, 1700.00, '2017-12-27 01:38:42', 1),
(43, 6, 5, 1, 500.00, '2017-12-27 01:39:06', 1),
(44, 6, 1, 1, 1200.00, '2017-12-26 01:40:47', 1),
(45, 6, 1, 1, 1300.00, '2017-12-27 01:41:06', 1),
(46, 6, 1, 1, 600.00, '2017-12-28 01:41:39', 1),
(49, 6, 2, 1, 2500.00, '2017-12-27 03:27:26', 1),
(50, 6, 2, 1, 1200.00, '2017-12-27 03:27:40', 1),
(88, 6, 1, 1, 150.00, '2017-12-28 07:37:49', 1),
(95, 1, 15, 1, 0.00, '2017-12-30 05:29:57', 1),
(96, 2, 15, 1, 0.00, '2017-12-30 05:29:57', 1),
(97, 3, 15, 1, 0.00, '2017-12-30 05:29:57', 1),
(98, 4, 15, 1, 250.00, '2017-12-30 05:29:57', 1),
(99, 5, 15, 1, 0.00, '2017-12-30 05:29:57', 1);

-- --------------------------------------------------------

--
-- Estructura de tabla para la tabla `proyecto_valor_oferta_extension_detalle`
--

CREATE TABLE `proyecto_valor_oferta_extension_detalle` (
  `proyecto_valor_oferta_extension_detalle_id` int(11) NOT NULL,
  `proyecto_valor_oferta_id` int(11) NOT NULL,
  `proyecto_valor_oferta_extension_tipo_id` int(11) NOT NULL,
  `proyecto_valor_oferta_extension_descripcion` text COLLATE utf8_spanish_ci NOT NULL
) ENGINE=InnoDB DEFAULT CHARSET=utf8 COLLATE=utf8_spanish_ci;

--
-- Volcado de datos para la tabla `proyecto_valor_oferta_extension_detalle`
--

INSERT INTO `proyecto_valor_oferta_extension_detalle` (`proyecto_valor_oferta_extension_detalle_id`, `proyecto_valor_oferta_id`, `proyecto_valor_oferta_extension_tipo_id`, `proyecto_valor_oferta_extension_descripcion`) VALUES
(4, 39, 1, ''),
(6, 41, 2, ''),
(8, 43, 3, ''),
(9, 44, 1, 'Cambio de color de paredes'),
(10, 45, 2, 'Cambio de cielorazo'),
(11, 46, 3, 'Camibio de ceramica\r\n'),
(14, 49, 1, '2 paredes adicionales'),
(15, 50, 2, 'Cambio de color'),
(23, 88, 3, '');

-- --------------------------------------------------------

--
-- Estructura de tabla para la tabla `proyecto_valor_oferta_extension_tipo`
--

CREATE TABLE `proyecto_valor_oferta_extension_tipo` (
  `proyecto_valor_oferta_extension_tipo_id` int(11) NOT NULL,
  `proyecto_valor_oferta_extension_tipo` varchar(50) COLLATE utf8_spanish_ci NOT NULL,
  `estado_registro` int(11) NOT NULL COMMENT '0 = Inactivo, 1 = activo'
) ENGINE=InnoDB DEFAULT CHARSET=utf8 COLLATE=utf8_spanish_ci;

--
-- Volcado de datos para la tabla `proyecto_valor_oferta_extension_tipo`
--

INSERT INTO `proyecto_valor_oferta_extension_tipo` (`proyecto_valor_oferta_extension_tipo_id`, `proyecto_valor_oferta_extension_tipo`, `estado_registro`) VALUES
(1, 'Paredes', 1),
(2, 'Cielo', 1),
(3, 'Pisos', 1);

-- --------------------------------------------------------

--
-- Estructura de tabla para la tabla `proyecto_valor_oferta_tipo`
--

CREATE TABLE `proyecto_valor_oferta_tipo` (
  `proyecto_valor_oferta_tipo_id` int(11) NOT NULL,
  `proyecto_valor_oferta_tipo` varchar(50) COLLATE utf8_spanish_ci NOT NULL
) ENGINE=InnoDB DEFAULT CHARSET=utf8 COLLATE=utf8_spanish_ci;

--
-- Volcado de datos para la tabla `proyecto_valor_oferta_tipo`
--

INSERT INTO `proyecto_valor_oferta_tipo` (`proyecto_valor_oferta_tipo_id`, `proyecto_valor_oferta_tipo`) VALUES
(1, 'Valor de Materiales'),
(2, 'Valor de Mano de Obra'),
(3, 'Valor de Gastos de Operación'),
(4, 'Valor de Gastos Administrativos'),
(5, 'Valor de Utilidad'),
(6, 'Valor de Extensiones');

-- --------------------------------------------------------

--
-- Estructura de tabla para la tabla `ubicacion_barrio`
--

CREATE TABLE `ubicacion_barrio` (
  `provincia_id` int(11) DEFAULT NULL,
  `canton_id` int(11) DEFAULT NULL,
  `distrito_id` int(11) DEFAULT NULL,
  `barrio_id` int(11) DEFAULT NULL,
  `barrio` text
) ENGINE=InnoDB DEFAULT CHARSET=latin1;

--
-- Volcado de datos para la tabla `ubicacion_barrio`
--

INSERT INTO `ubicacion_barrio` (`provincia_id`, `canton_id`, `distrito_id`, `barrio_id`, `barrio`) VALUES
(1, 1, 1, 1, 'Amón'),
(1, 1, 1, 2, 'Aranjuez'),
(1, 1, 1, 3, 'California (parte)'),
(1, 1, 1, 4, 'Carmen'),
(1, 1, 1, 5, 'Empalme'),
(1, 1, 1, 6, 'Escalante'),
(1, 1, 1, 7, 'Otoya.'),
(1, 1, 2, 1, 'Bajos de la Unión'),
(1, 1, 2, 2, 'Claret'),
(1, 1, 2, 3, 'Cocacola'),
(1, 1, 2, 4, 'Iglesias Flores'),
(1, 1, 2, 5, 'Mantica'),
(1, 1, 2, 6, 'México'),
(1, 1, 2, 7, 'Paso de la Vaca'),
(1, 1, 2, 8, 'Pitahaya.'),
(1, 1, 3, 1, 'Almendares'),
(1, 1, 3, 2, 'Ángeles'),
(1, 1, 3, 3, 'Bolívar'),
(1, 1, 3, 4, 'Carit'),
(1, 1, 3, 5, 'Colón (parte)'),
(1, 1, 3, 6, 'Corazón de Jesús'),
(1, 1, 3, 7, 'Cristo Rey'),
(1, 1, 3, 8, 'Cuba'),
(1, 1, 3, 9, 'Dolorosa (parte)'),
(1, 1, 3, 10, 'Merced'),
(1, 1, 3, 11, 'Pacífico (parte)'),
(1, 1, 3, 12, 'Pinos'),
(1, 1, 3, 13, 'Salubridad'),
(1, 1, 3, 14, 'San Bosco'),
(1, 1, 3, 15, 'San Francisco'),
(1, 1, 3, 16, 'Santa Lucía'),
(1, 1, 3, 17, 'Silos.'),
(1, 1, 4, 1, 'Bellavista'),
(1, 1, 4, 2, 'California (parte)'),
(1, 1, 4, 3, 'Carlos María Jiménez'),
(1, 1, 4, 4, 'Dolorosa (parte)'),
(1, 1, 4, 5, 'Dos Pinos'),
(1, 1, 4, 6, 'Francisco Peralta (parte)'),
(1, 1, 4, 7, 'González Lahmann'),
(1, 1, 4, 8, 'González Víquez'),
(1, 1, 4, 9, 'Güell'),
(1, 1, 4, 10, 'La Cruz'),
(1, 1, 4, 11, 'Lomas de Ocloro'),
(1, 1, 4, 12, 'Luján'),
(1, 1, 4, 13, 'Milflor'),
(1, 1, 4, 14, 'Naciones Unidas'),
(1, 1, 4, 15, 'Pacífico (parte)'),
(1, 1, 4, 16, 'San Cayetano (parte)'),
(1, 1, 4, 17, 'Soledad'),
(1, 1, 4, 18, 'Tabacalera'),
(1, 1, 4, 19, 'Vasconia.'),
(1, 1, 5, 1, 'Alborada'),
(1, 1, 5, 2, 'Calderón Muñoz'),
(1, 1, 5, 3, 'Cerrito'),
(1, 1, 5, 4, 'Córdoba'),
(1, 1, 5, 5, 'Gloria'),
(1, 1, 5, 6, 'Jardín'),
(1, 1, 5, 7, 'Luisas'),
(1, 1, 5, 8, 'Mangos'),
(1, 1, 5, 9, 'Montealegre'),
(1, 1, 5, 10, 'Moreno Cañas'),
(1, 1, 5, 11, 'Quesada Durán'),
(1, 1, 5, 12, 'San Dimas'),
(1, 1, 5, 13, 'San Gerardo (parte)'),
(1, 1, 5, 14, 'Trébol'),
(1, 1, 5, 15, 'Ujarrás'),
(1, 1, 5, 16, 'Vista Hermosa'),
(1, 1, 5, 17, 'Yoses Sur'),
(1, 1, 5, 18, 'Zapote (centro).'),
(1, 1, 6, 1, 'Ahogados (parte)'),
(1, 1, 6, 2, 'Bosque'),
(1, 1, 6, 3, 'Cabañas'),
(1, 1, 6, 4, 'Camelias'),
(1, 1, 6, 5, 'Coopeguaria'),
(1, 1, 6, 6, 'Faro'),
(1, 1, 6, 7, 'Fátima'),
(1, 1, 6, 8, 'Hispano'),
(1, 1, 6, 9, 'I Griega'),
(1, 1, 6, 10, 'Lincoln'),
(1, 1, 6, 11, 'Lomas de San Francisco'),
(1, 1, 6, 12, 'Maalot'),
(1, 1, 6, 13, 'Méndez'),
(1, 1, 6, 14, 'Pacífica'),
(1, 1, 6, 15, 'San Francisco de Dos Ríos (centro)'),
(1, 1, 6, 16, 'Sauces'),
(1, 1, 6, 17, 'Saucitos'),
(1, 1, 6, 18, 'Zurquí.'),
(1, 1, 7, 1, 'Alborada'),
(1, 1, 7, 2, 'Ánimas'),
(1, 1, 7, 3, 'Árboles'),
(1, 1, 7, 4, 'Bajos del Torres'),
(1, 1, 7, 5, 'Carranza'),
(1, 1, 7, 6, 'Corazón de Jesús'),
(1, 1, 7, 7, 'Cristal'),
(1, 1, 7, 8, 'Carvajal Castro'),
(1, 1, 7, 9, 'Jardines de Autopista'),
(1, 1, 7, 10, 'La Caja'),
(1, 1, 7, 11, 'La Carpio'),
(1, 1, 7, 12, 'Magnolia'),
(1, 1, 7, 13, 'Marimil'),
(1, 1, 7, 14, 'Monserrat'),
(1, 1, 7, 15, 'Peregrina'),
(1, 1, 7, 16, 'Robledal'),
(1, 1, 7, 17, 'Rossiter Carballo'),
(1, 1, 7, 18, 'Santander'),
(1, 1, 7, 19, 'Saturno'),
(1, 1, 7, 20, 'Uruca (centro)'),
(1, 1, 7, 21, 'Vuelta del Virilla.'),
(1, 1, 8, 1, 'Américas'),
(1, 1, 8, 2, 'Bajo Cañada (parte)'),
(1, 1, 8, 3, 'Balcón Verde'),
(1, 1, 8, 4, 'Colón (parte)'),
(1, 1, 8, 5, 'Del Pino'),
(1, 1, 8, 6, 'Holanda'),
(1, 1, 8, 7, 'La Luisa'),
(1, 1, 8, 8, 'La Salle'),
(1, 1, 8, 9, 'Lomalinda'),
(1, 1, 8, 10, 'Morenos'),
(1, 1, 8, 11, 'Niza'),
(1, 1, 8, 12, 'Rancho Luna'),
(1, 1, 8, 13, 'Rohrmoser (parte)'),
(1, 1, 8, 14, 'Roma'),
(1, 1, 8, 15, 'Sabana'),
(1, 1, 8, 16, 'Tovar.'),
(1, 1, 9, 1, 'Alfa'),
(1, 1, 9, 2, 'Asturias'),
(1, 1, 9, 3, 'Asunción'),
(1, 1, 9, 4, 'Bribrí'),
(1, 1, 9, 5, 'Favorita Norte'),
(1, 1, 9, 6, 'Favorita Sur'),
(1, 1, 9, 7, 'Galicia'),
(1, 1, 9, 8, 'Geroma'),
(1, 1, 9, 9, 'Hispania'),
(1, 1, 9, 10, 'Libertad'),
(1, 1, 9, 11, 'Lomas del Río'),
(1, 1, 9, 12, 'Llanos del Sol'),
(1, 1, 9, 13, 'María Reina'),
(1, 1, 9, 14, 'Metrópolis'),
(1, 1, 9, 15, 'Navarra'),
(1, 1, 9, 16, 'Pavas (centro)'),
(1, 1, 9, 17, 'Pueblo Nuevo'),
(1, 1, 9, 18, 'Residencial del Oeste'),
(1, 1, 9, 19, 'Rincón Grande'),
(1, 1, 9, 20, 'Rohrmoser (parte)'),
(1, 1, 9, 21, 'Rotonda'),
(1, 1, 9, 22, 'San Pedro'),
(1, 1, 9, 23, 'Santa Bárbara'),
(1, 1, 9, 24, 'Santa Catalina'),
(1, 1, 9, 25, 'Santa Fé'),
(1, 1, 9, 26, 'Triángulo'),
(1, 1, 9, 27, 'Villa Esperanza.'),
(1, 1, 10, 1, 'Bajo Cañada (parte)'),
(1, 1, 10, 2, 'Belgrano'),
(1, 1, 10, 3, 'Hatillo Centro'),
(1, 1, 10, 4, 'Hatillo 1'),
(1, 1, 10, 5, 'Hatillo 2'),
(1, 1, 10, 6, 'Hatillo 3'),
(1, 1, 10, 7, 'Hatillo 4'),
(1, 1, 10, 8, 'Hatillo 5'),
(1, 1, 10, 9, 'Hatillo 6'),
(1, 1, 10, 10, 'Hatillo 7'),
(1, 1, 10, 11, 'Hatillo 8'),
(1, 1, 10, 12, 'Quince de Setiembre'),
(1, 1, 10, 13, 'Sagrada Familia'),
(1, 1, 10, 14, 'Tiribí'),
(1, 1, 10, 15, 'Topacio'),
(1, 1, 10, 16, 'Veinticinco de Julio'),
(1, 1, 10, 17, 'Vivienda en Marcha.'),
(1, 1, 11, 1, 'Bengala'),
(1, 1, 11, 2, 'Bilbao'),
(1, 1, 11, 3, 'Cañada del Sur'),
(1, 1, 11, 4, 'Carmen'),
(1, 1, 11, 5, 'Cascajal'),
(1, 1, 11, 6, 'Cerro Azul'),
(1, 1, 11, 7, 'Colombari'),
(1, 1, 11, 8, 'Domingo Savio'),
(1, 1, 11, 9, 'Guacamaya'),
(1, 1, 11, 10, 'Jazmín'),
(1, 1, 11, 11, 'Hogar Propio'),
(1, 1, 11, 12, 'Kennedy'),
(1, 1, 11, 13, 'López Mateos'),
(1, 1, 11, 14, 'Luna Park'),
(1, 1, 11, 15, 'Martínez'),
(1, 1, 11, 16, 'Mojados'),
(1, 1, 11, 17, 'Mongito'),
(1, 1, 11, 18, 'Monte Azúl'),
(1, 1, 11, 19, 'Musmanni'),
(1, 1, 11, 20, 'Paso Ancho'),
(1, 1, 11, 21, 'Presidentes'),
(1, 1, 11, 22, 'San Cayetano (parte)'),
(1, 1, 11, 23, 'San Martín'),
(1, 1, 11, 24, 'San Sebastián (centro)'),
(1, 1, 11, 25, 'Santa Rosa'),
(1, 1, 11, 26, 'Seminario'),
(1, 1, 11, 27, 'Sorobarú.'),
(1, 2, 1, 1, 'Alto Carrizal'),
(1, 2, 1, 2, 'Carrizal (parte)'),
(1, 2, 1, 3, 'Faroles'),
(1, 2, 1, 4, 'Guapinol'),
(1, 2, 1, 5, 'Hulera'),
(1, 2, 1, 6, 'Itabas'),
(1, 2, 1, 7, 'Jaboncillo'),
(1, 2, 1, 8, 'Profesores (parte).'),
(1, 2, 2, 1, 'Avellana'),
(1, 2, 2, 2, 'Bebedero'),
(1, 2, 2, 3, 'Belo Horizonte (parte)'),
(1, 2, 2, 4, 'Carrizal (parte)'),
(1, 2, 2, 5, 'Curío'),
(1, 2, 2, 6, 'Chirca'),
(1, 2, 2, 7, 'Chiverral'),
(1, 2, 2, 8, 'Entierrillo'),
(1, 2, 2, 9, 'Filtros'),
(1, 2, 2, 10, 'Guayabos'),
(1, 2, 2, 11, 'Hojablanca'),
(1, 2, 2, 12, 'Juan Santana'),
(1, 2, 2, 13, 'Lajas'),
(1, 2, 2, 14, 'Masilla'),
(1, 2, 2, 15, 'Muta'),
(1, 2, 2, 16, 'Pedrero'),
(1, 2, 2, 17, 'Perú'),
(1, 2, 2, 18, 'Profesores (parte)'),
(1, 2, 2, 19, 'Sabanillas'),
(1, 2, 2, 20, 'Salitrillos'),
(1, 2, 2, 21, 'Santa Eduvigis'),
(1, 2, 2, 22, 'Santa Teresa'),
(1, 2, 2, 23, 'Tejarcillos'),
(1, 2, 2, 24, 'Torrotillo'),
(1, 2, 2, 25, 'Vista de Oro.'),
(1, 2, 3, 1, 'Anonos'),
(1, 2, 3, 2, 'Ayala'),
(1, 2, 3, 3, 'Bajo Anonos'),
(1, 2, 3, 4, 'Bajo Palomas'),
(1, 2, 3, 5, 'Belo Horizonte (parte)'),
(1, 2, 3, 6, 'Betina'),
(1, 2, 3, 7, 'Ceiba'),
(1, 2, 3, 8, 'Facio Castro'),
(1, 2, 3, 9, 'Guachipelín'),
(1, 2, 3, 10, 'Herrera'),
(1, 2, 3, 11, 'Laureles'),
(1, 2, 3, 12, 'León'),
(1, 2, 3, 13, 'Loma Real'),
(1, 2, 3, 14, 'Matapalo'),
(1, 2, 3, 15, 'Maynard'),
(1, 2, 3, 16, 'Mirador'),
(1, 2, 3, 17, 'Miravalles'),
(1, 2, 3, 18, 'Palermo'),
(1, 2, 3, 19, 'Palma de Mallorca'),
(1, 2, 3, 20, 'Pinar'),
(1, 2, 3, 21, 'Primavera'),
(1, 2, 3, 22, 'Quesada'),
(1, 2, 3, 23, 'Real de Pereira (parte)'),
(1, 2, 3, 24, 'Santa Marta'),
(1, 2, 3, 25, 'Tena'),
(1, 2, 3, 26, 'Trejos Montealegre'),
(1, 2, 3, 27, 'Vista Alegre.'),
(1, 3, 1, 1, 'Altamira'),
(1, 3, 1, 2, 'Bellavista'),
(1, 3, 1, 3, 'Calle Fallas'),
(1, 3, 1, 4, 'Camaquirí'),
(1, 3, 1, 5, 'Capilla'),
(1, 3, 1, 6, 'Centro de Amigos'),
(1, 3, 1, 7, 'Cerámica'),
(1, 3, 1, 8, 'Colonia del Sur'),
(1, 3, 1, 9, 'Contadores'),
(1, 3, 1, 10, 'Cruce'),
(1, 3, 1, 11, 'Cucubres'),
(1, 3, 1, 12, 'Dorados'),
(1, 3, 1, 13, 'Florita'),
(1, 3, 1, 14, 'Fortuna'),
(1, 3, 1, 15, 'Jardín'),
(1, 3, 1, 16, 'Loto'),
(1, 3, 1, 17, 'Metrópoli'),
(1, 3, 1, 18, 'Monseñor Sanabria'),
(1, 3, 1, 19, 'Monteclaro'),
(1, 3, 1, 20, 'Palogrande'),
(1, 3, 1, 21, 'Pinos'),
(1, 3, 1, 22, 'Retoños'),
(1, 3, 1, 23, 'Río Jorco'),
(1, 3, 1, 24, 'Sabara'),
(1, 3, 1, 25, 'San Esteban Rey'),
(1, 3, 1, 26, 'San Jerónimo'),
(1, 3, 1, 27, 'San José'),
(1, 3, 1, 28, 'San Roque'),
(1, 3, 1, 29, 'Tauros'),
(1, 3, 1, 30, 'Torremolinos'),
(1, 3, 1, 31, 'Venecia'),
(1, 3, 1, 32, 'Vista Verde.'),
(1, 3, 2, 1, 'Ángeles'),
(1, 3, 2, 2, 'Capri'),
(1, 3, 2, 3, 'Damas Israelitas'),
(1, 3, 2, 4, 'Girasol'),
(1, 3, 2, 5, 'Higuito'),
(1, 3, 2, 6, 'Lindavista'),
(1, 3, 2, 7, 'Lomas de Jorco'),
(1, 3, 2, 8, 'Llano'),
(1, 3, 2, 9, 'Meseguer'),
(1, 3, 2, 10, 'Olivos'),
(1, 3, 2, 11, 'Orquídeas'),
(1, 3, 2, 12, 'Peñascal'),
(1, 3, 2, 13, 'Rinconada'),
(1, 3, 2, 14, 'Rodillal'),
(1, 3, 2, 15, 'Sabanilla'),
(1, 3, 2, 16, 'San Martín'),
(1, 3, 2, 17, 'Santa Eduvigis'),
(1, 3, 2, 18, 'Valverde.'),
(1, 3, 2, 19, 'Alto Alumbre'),
(1, 3, 2, 20, 'Hoyo'),
(1, 3, 2, 21, 'Jericó'),
(1, 3, 2, 22, 'Manzano'),
(1, 3, 2, 23, 'Pacaya'),
(1, 3, 2, 24, 'Roblar'),
(1, 3, 2, 25, 'Ticalpes (parte)'),
(1, 3, 2, 26, 'Calle Naranjos.'),
(1, 3, 3, 1, 'Calabacitas'),
(1, 3, 3, 2, 'Calle Común'),
(1, 3, 3, 3, 'Cruz Roja'),
(1, 3, 3, 4, 'Itaipú'),
(1, 3, 3, 5, 'Máquinas'),
(1, 3, 3, 6, 'Mota'),
(1, 3, 3, 7, 'Novedades'),
(1, 3, 3, 8, 'Pedrito Monge'),
(1, 3, 3, 9, 'Río'),
(1, 3, 3, 10, 'Robles.'),
(1, 3, 4, 1, 'Alpino'),
(1, 3, 4, 2, 'Arco Iris'),
(1, 3, 4, 3, 'Bambú'),
(1, 3, 4, 4, 'Berlay'),
(1, 3, 4, 5, 'Guaria'),
(1, 3, 4, 6, 'Huaso (parte)'),
(1, 3, 4, 7, 'Juncales'),
(1, 3, 4, 8, 'Lajas'),
(1, 3, 4, 9, 'Macarena'),
(1, 3, 4, 10, 'Maiquetía'),
(1, 3, 4, 11, 'Méndez.'),
(1, 3, 5, 1, 'Acacias'),
(1, 3, 5, 2, 'Calle Amador'),
(1, 3, 5, 3, 'Constancia'),
(1, 3, 5, 4, 'Churuca'),
(1, 3, 5, 5, 'Huetares'),
(1, 3, 5, 6, 'Plazoleta'),
(1, 3, 5, 7, 'Pueblo Nuevo'),
(1, 3, 5, 8, 'Río Damas'),
(1, 3, 5, 9, 'Rotondas'),
(1, 3, 5, 10, 'Solar.'),
(1, 3, 6, 1, 'Bajos de Tarrazú'),
(1, 3, 6, 2, 'Bustamante'),
(1, 3, 6, 3, 'Santa Elena (parte)'),
(1, 3, 6, 4, 'Violeta.'),
(1, 3, 7, 1, 'Aguacate'),
(1, 3, 7, 2, 'Balneario'),
(1, 3, 7, 3, 'Don Bosco'),
(1, 3, 7, 4, 'Guatuso'),
(1, 3, 7, 5, 'Güízaro'),
(1, 3, 7, 6, 'Jerusalén'),
(1, 3, 7, 7, 'Lince'),
(1, 3, 7, 8, 'Mesas'),
(1, 3, 7, 9, 'Quebrada Honda'),
(1, 3, 7, 10, 'Ticalpes (parte).'),
(1, 3, 8, 1, 'Empalme (parte)'),
(1, 3, 8, 2, 'Lucha (parte)'),
(1, 3, 8, 3, 'San Cristóbal Sur'),
(1, 3, 8, 4, 'Sierra.'),
(1, 3, 9, 1, 'Bajo Tigre'),
(1, 3, 9, 2, 'Chirogres'),
(1, 3, 9, 3, 'Guadarrama'),
(1, 3, 9, 4, 'Joya'),
(1, 3, 9, 5, 'La Fila (parte)'),
(1, 3, 9, 6, 'Llano bonito'),
(1, 3, 9, 7, 'Quebrada Honda'),
(1, 3, 9, 8, 'Trinidad (parte).'),
(1, 3, 10, 1, 'Cajita'),
(1, 3, 10, 2, 'Dorado'),
(1, 3, 10, 3, 'Dos Cercas'),
(1, 3, 10, 4, 'Fomentera'),
(1, 3, 10, 5, 'Nuestra Señora de la Esperanza'),
(1, 3, 10, 6, 'San Lorenzo.'),
(1, 3, 11, 1, 'Ángeles'),
(1, 3, 11, 2, 'Autofores'),
(1, 3, 11, 3, 'Balboa'),
(1, 3, 11, 4, 'Coopelot'),
(1, 3, 11, 5, 'Gardenia'),
(1, 3, 11, 6, 'Higuerones'),
(1, 3, 11, 7, 'Leo'),
(1, 3, 11, 8, 'Mónaco'),
(1, 3, 11, 9, 'Sagitario'),
(1, 3, 11, 10, 'Santa Cecilia'),
(1, 3, 11, 11, 'Tejar (parte)'),
(1, 3, 11, 12, 'Treviso'),
(1, 3, 11, 13, 'Unidas'),
(1, 3, 11, 14, 'Valencia'),
(1, 3, 11, 15, 'Vizcaya.'),
(1, 3, 12, 1, 'Cartonera'),
(1, 3, 12, 2, 'Claveles'),
(1, 3, 12, 3, 'Damasco'),
(1, 3, 12, 4, 'Diamante'),
(1, 3, 12, 5, 'Esmeraldas'),
(1, 3, 12, 6, 'Fortuna'),
(1, 3, 12, 7, 'Fortunita'),
(1, 3, 12, 8, 'Porvenir'),
(1, 3, 12, 9, 'Raya'),
(1, 3, 12, 10, 'Riberalta'),
(1, 3, 12, 11, 'Villanueva.'),
(1, 3, 13, 1, 'Letras'),
(1, 3, 13, 2, 'Balcón Verde.'),
(1, 4, 1, 1, 'Ángeles'),
(1, 4, 1, 0, 'Bajo Badilla'),
(1, 4, 1, 2, 'Bajo Moras'),
(1, 4, 1, 0, 'Buenos Aires'),
(1, 4, 1, 3, 'Cañales Abajo'),
(1, 4, 1, 0, 'Corazón de María'),
(1, 4, 1, 4, 'Cañales Arriba'),
(1, 4, 1, 0, 'Jarasal'),
(1, 4, 1, 5, 'Carit'),
(1, 4, 1, 0, 'Junquillo Arriba'),
(1, 4, 1, 6, 'Charcón (parte)'),
(1, 4, 1, 0, 'Pueblo Nuevo'),
(1, 4, 1, 7, 'Cirrí'),
(1, 4, 1, 0, 'San Isidro.'),
(1, 4, 1, 8, 'Junquillo Abajo'),
(1, 4, 1, 9, 'Pozos'),
(1, 4, 1, 10, 'San Francisco'),
(1, 4, 1, 11, 'San Martín'),
(1, 4, 1, 12, 'Zapote.'),
(1, 4, 2, 1, 'Alto Palma'),
(1, 4, 2, 2, 'Bajo Lanas'),
(1, 4, 2, 3, 'Bajo Legua'),
(1, 4, 2, 4, 'Bajo Legüita'),
(1, 4, 2, 5, 'Bajo Quesada'),
(1, 4, 2, 6, 'Bocana'),
(1, 4, 2, 7, 'Carmona'),
(1, 4, 2, 8, 'Cerbatana'),
(1, 4, 2, 9, 'Charquillos'),
(1, 4, 2, 10, 'Jilgueral'),
(1, 4, 2, 11, 'Llano Grande'),
(1, 4, 2, 12, 'Mercedes Norte'),
(1, 4, 2, 13, 'Potenciana'),
(1, 4, 2, 14, 'Quebrada Honda'),
(1, 4, 2, 15, 'Quivel'),
(1, 4, 2, 16, 'Rancho Largo'),
(1, 4, 2, 17, 'Salitrales'),
(1, 4, 2, 18, 'Santa Marta'),
(1, 4, 2, 19, 'Túfares'),
(1, 4, 2, 20, 'Tulín'),
(1, 4, 2, 21, 'Víbora'),
(1, 4, 2, 22, 'Zapotal.'),
(1, 4, 3, 1, 'Alto Barbacoas'),
(1, 4, 3, 2, 'Bajo Burgos'),
(1, 4, 3, 3, 'Cortezal'),
(1, 4, 3, 4, 'Guatuso'),
(1, 4, 3, 5, 'Piedades'),
(1, 4, 3, 6, 'San Juan.'),
(1, 4, 4, 1, 'Cacao'),
(1, 4, 4, 2, 'Cuesta Mora'),
(1, 4, 4, 3, 'Grifo Bajo'),
(1, 4, 4, 4, 'Poró'),
(1, 4, 4, 5, 'Pueblo Nuevo'),
(1, 4, 4, 6, 'Salitrillo.'),
(1, 4, 5, 1, 'Bijagual'),
(1, 4, 5, 2, 'Floralia'),
(1, 4, 5, 3, 'Punta de Lanza'),
(1, 4, 5, 4, 'San Rafael Abajo.'),
(1, 4, 6, 1, 'Alto Cebadilla'),
(1, 4, 6, 2, 'Bajo Chacones'),
(1, 4, 6, 3, 'Copalar'),
(1, 4, 6, 4, 'Pedernal'),
(1, 4, 6, 5, 'Polca'),
(1, 4, 6, 6, 'Sabanas.'),
(1, 4, 7, 1, 'Bajo Guevara'),
(1, 4, 7, 2, 'Planta'),
(1, 4, 7, 3, 'Rinconada.'),
(1, 4, 8, 1, 'Bajo Herrera'),
(1, 4, 8, 2, 'Calle Herrera'),
(1, 4, 8, 3, 'Cruce Guanacaste'),
(1, 4, 8, 4, 'Charcón (parte)'),
(1, 4, 8, 5, 'Estero'),
(1, 4, 8, 6, 'Río Viejo'),
(1, 4, 8, 7, 'Salitral'),
(1, 4, 8, 8, 'Tinamaste.'),
(1, 4, 9, 1, 'Alto Concepción'),
(1, 4, 9, 2, 'Alto Pérez Astúa'),
(1, 4, 9, 3, 'Ángeles'),
(1, 4, 9, 4, 'Angostura (parte)'),
(1, 4, 9, 5, 'Arenal'),
(1, 4, 9, 6, 'Bajo Chires'),
(1, 4, 9, 7, 'Bajo de Guarumal'),
(1, 4, 9, 8, 'Bajo el Rey'),
(1, 4, 9, 9, 'Bajo Vega'),
(1, 4, 9, 10, 'Cerdas'),
(1, 4, 9, 11, 'Fila Aguacate'),
(1, 4, 9, 12, 'Gamalotillo 1 (Colonia)'),
(1, 4, 9, 13, 'Gamalotillo 2 (Gamalotillo)'),
(1, 4, 9, 14, 'Gamalotillo 3 (Tierra Fértil)'),
(1, 4, 9, 15, 'Gloria'),
(1, 4, 9, 16, 'Guarumal'),
(1, 4, 9, 17, 'Guarumalito'),
(1, 4, 9, 18, 'Mastatal'),
(1, 4, 9, 19, 'Pericos'),
(1, 4, 9, 20, 'Río Negro (parte)'),
(1, 4, 9, 21, 'San Miguel'),
(1, 4, 9, 22, 'San Vicente'),
(1, 4, 9, 23, 'Santa Rosa'),
(1, 4, 9, 24, 'Vista de Mar'),
(1, 4, 9, 25, 'Zapatón.'),
(1, 5, 1, 1, 'Corea'),
(1, 5, 1, 2, 'I Griega'),
(1, 5, 1, 3, 'Las Tres Marías'),
(1, 5, 1, 4, 'Santa Cecilia'),
(1, 5, 1, 5, 'Rodeo'),
(1, 5, 1, 6, 'Sitio.'),
(1, 5, 1, 7, 'Alto Pastora'),
(1, 5, 1, 8, 'Bajo Canet'),
(1, 5, 1, 9, 'Bajo San Juan'),
(1, 5, 1, 10, 'Canet'),
(1, 5, 1, 11, 'Cedral (parte)'),
(1, 5, 1, 12, 'Guadalupe'),
(1, 5, 1, 13, 'Llano Piedra'),
(1, 5, 1, 14, 'San Cayetano'),
(1, 5, 1, 15, 'San Guillermo'),
(1, 5, 1, 16, 'Sabana (parte)'),
(1, 5, 1, 17, 'San Pedro.'),
(1, 5, 2, 1, 'Alto Guarumal'),
(1, 5, 2, 2, 'Alto Portal'),
(1, 5, 2, 3, 'Alto Zapotal'),
(1, 5, 2, 4, 'Ardilla'),
(1, 5, 2, 5, 'Bajo Quebrada Honda'),
(1, 5, 2, 6, 'Bajo Reyes'),
(1, 5, 2, 7, 'Bajo Zapotal'),
(1, 5, 2, 8, 'Cerro Nara'),
(1, 5, 2, 9, 'Concepción'),
(1, 5, 2, 10, 'Chilamate'),
(1, 5, 2, 11, 'Delicias'),
(1, 5, 2, 12, 'Esperanza'),
(1, 5, 2, 13, 'Esquipulas'),
(1, 5, 2, 14, 'La Pacaya'),
(1, 5, 2, 15, 'Las Pavas'),
(1, 5, 2, 16, 'Mata de Caña'),
(1, 5, 2, 17, 'Miramar'),
(1, 5, 2, 18, 'Nápoles'),
(1, 5, 2, 19, 'Naranjillo'),
(1, 5, 2, 20, 'Palma'),
(1, 5, 2, 21, 'Quebrada Arroyo'),
(1, 5, 2, 22, 'Rodeo'),
(1, 5, 2, 23, 'Sabana (parte)'),
(1, 5, 2, 24, 'Salado'),
(1, 5, 2, 25, 'San Bernardo'),
(1, 5, 2, 26, 'San Francisco'),
(1, 5, 2, 27, 'San Martín'),
(1, 5, 2, 28, 'Santa Cecilia'),
(1, 5, 2, 29, 'Santa Marta'),
(1, 5, 2, 30, 'Santa Rosa'),
(1, 5, 2, 31, 'Zapotal.'),
(1, 5, 3, 1, 'Alto Chiral'),
(1, 5, 3, 2, 'San Juan (Alto San Juan)'),
(1, 5, 3, 3, 'Bajo Jénaro'),
(1, 5, 3, 4, 'Bajo San José'),
(1, 5, 3, 5, 'Jamaica'),
(1, 5, 3, 6, 'Quebrada Seca (Santa Ana)'),
(1, 5, 3, 7, 'San Jerónimo'),
(1, 5, 3, 8, 'San Josecito.'),
(1, 6, 1, 1, 'Guatuso'),
(1, 6, 1, 2, 'Mirador.'),
(1, 6, 1, 3, 'Alfonso XIII'),
(1, 6, 1, 4, 'Barro'),
(1, 6, 1, 5, 'Cinco Esquinas (parte)'),
(1, 6, 1, 6, 'Corazón de Jesús'),
(1, 6, 1, 7, 'Guapinol'),
(1, 6, 1, 8, 'Las Mercedes'),
(1, 6, 1, 9, 'Lomas de Aserrí'),
(1, 6, 1, 10, 'Lourdes'),
(1, 6, 1, 11, 'María Auxiliadora'),
(1, 6, 1, 12, 'Mesas'),
(1, 6, 1, 13, 'Poás'),
(1, 6, 1, 14, 'Santa Rita'),
(1, 6, 1, 15, 'Sáurez'),
(1, 6, 1, 16, 'Tres Marías'),
(1, 6, 1, 17, 'Vereda.'),
(1, 6, 2, 1, 'Bajos de Praga'),
(1, 6, 2, 2, 'Máquina Vieja'),
(1, 6, 2, 3, 'Tigre.'),
(1, 6, 3, 1, 'Calvario'),
(1, 6, 3, 2, 'Ceiba Alta (parte)'),
(1, 6, 3, 3, 'Jocotal'),
(1, 6, 3, 4, 'Legua de Naranjo'),
(1, 6, 3, 5, 'Mangos'),
(1, 6, 3, 6, 'Meseta'),
(1, 6, 3, 7, 'Monte Redondo'),
(1, 6, 3, 8, 'Ojo de Agua'),
(1, 6, 3, 9, 'Rosalía'),
(1, 6, 3, 10, 'Uruca.'),
(1, 6, 4, 1, 'La Fila (parte)'),
(1, 6, 4, 0, 'Pueblo Nuevo.'),
(1, 6, 4, 2, 'Limonal'),
(1, 6, 4, 3, 'Los Solano'),
(1, 6, 4, 4, 'Rancho Grande'),
(1, 6, 4, 5, 'Salitral'),
(1, 6, 4, 6, 'Tranquerillas'),
(1, 6, 4, 7, 'Trinidad (parte)'),
(1, 6, 4, 8, 'Villanueva.'),
(1, 6, 5, 1, 'Alto Buenavista'),
(1, 6, 5, 2, 'Altos del Aguacate'),
(1, 6, 5, 3, 'Bajo Bijagual'),
(1, 6, 5, 4, 'Bajo Máquinas'),
(1, 6, 5, 5, 'Bajo Venegas (parte)'),
(1, 6, 5, 6, 'Carmen (parte).'),
(1, 6, 6, 1, 'Ojo de Agua (parte)'),
(1, 6, 6, 2, 'Portuguez.'),
(1, 6, 7, 1, 'Cinco Esquinas (parte)'),
(1, 6, 7, 2, 'Santa Teresita.'),
(1, 6, 7, 3, 'Cerro'),
(1, 6, 7, 4, 'Cuesta Grande'),
(1, 6, 7, 5, 'Guinealillo'),
(1, 6, 7, 6, 'Huaso (parte)'),
(1, 6, 7, 7, 'Lagunillas'),
(1, 6, 7, 8, 'Palo Blanco'),
(1, 6, 7, 9, 'Quebradas'),
(1, 6, 7, 10, 'Rincón.'),
(1, 7, 1, 1, 'Alhambra'),
(1, 7, 1, 0, 'Cabriola'),
(1, 7, 1, 2, 'Brasil'),
(1, 7, 1, 0, 'Cedral'),
(1, 7, 1, 3, 'Carreras'),
(1, 7, 1, 0, 'Cuesta Achiotal'),
(1, 7, 1, 4, 'Colonia del Prado'),
(1, 7, 1, 0, 'Llano León'),
(1, 7, 1, 5, 'Llano Limón'),
(1, 7, 1, 0, 'Michoacán'),
(1, 7, 1, 6, 'Nuevo Brasil'),
(1, 7, 1, 0, 'Quebrada Honda'),
(1, 7, 1, 7, 'Piñal'),
(1, 7, 1, 0, 'Rodeo'),
(1, 7, 1, 8, 'San Bosco'),
(1, 7, 1, 0, 'Santísima Trinidad'),
(1, 7, 1, 9, 'San Vicente'),
(1, 7, 1, 0, 'Ticufres.'),
(1, 7, 1, 10, 'Tablera.'),
(1, 7, 2, 1, 'Bajo Claras'),
(1, 7, 2, 2, 'Bajo Morado'),
(1, 7, 2, 3, 'Corrogres'),
(1, 7, 2, 4, 'Monte Negro.'),
(1, 7, 3, 1, 'Bajo Bustamante'),
(1, 7, 3, 2, 'Bajo Lima'),
(1, 7, 3, 3, 'Bajo Loaiza'),
(1, 7, 3, 4, 'Cañas'),
(1, 7, 3, 5, 'Corralar'),
(1, 7, 3, 6, 'Morado'),
(1, 7, 3, 7, 'Piedras Blancas'),
(1, 7, 3, 8, 'Salto.'),
(1, 7, 4, 1, 'Chile'),
(1, 7, 4, 2, 'Danta'),
(1, 7, 4, 3, 'Palma'),
(1, 7, 4, 4, 'Quebrada Grande.'),
(1, 7, 5, 1, 'Cordel'),
(1, 7, 5, 2, 'Chucás'),
(1, 7, 5, 3, 'Jateo'),
(1, 7, 5, 4, 'Llano Grande'),
(1, 7, 5, 5, 'Monte Frío (Potrerillos).'),
(1, 7, 6, 1, 'Pito.'),
(1, 7, 7, 1, 'San Juan'),
(1, 7, 7, 2, 'San Martín'),
(1, 7, 7, 3, 'Quebrada Honda.'),
(1, 8, 1, 1, 'Árboles'),
(1, 8, 1, 2, 'Colonia del Río'),
(1, 8, 1, 3, 'El Alto (parte)'),
(1, 8, 1, 4, 'Fátima'),
(1, 8, 1, 5, 'Independencia'),
(1, 8, 1, 6, 'Jardín'),
(1, 8, 1, 7, 'Magnolia'),
(1, 8, 1, 8, 'Maravilla'),
(1, 8, 1, 9, 'Margarita'),
(1, 8, 1, 10, 'Minerva'),
(1, 8, 1, 11, 'Moreno Cañas'),
(1, 8, 1, 12, 'Orquídea'),
(1, 8, 1, 13, 'Pilar Jiménez'),
(1, 8, 1, 14, 'Rothe'),
(1, 8, 1, 15, 'San Gerardo'),
(1, 8, 1, 16, 'Santa Cecilia'),
(1, 8, 1, 17, 'Santa Eduvigis'),
(1, 8, 1, 18, 'Santo Cristo'),
(1, 8, 1, 19, 'Unión'),
(1, 8, 1, 20, 'Yurusti.'),
(1, 8, 2, 1, 'Carlos María Ulloa'),
(1, 8, 2, 2, 'San Francisco (centro)'),
(1, 8, 2, 3, 'Tournón.'),
(1, 8, 3, 1, 'Calle Blancos (centro)'),
(1, 8, 3, 2, 'Ciprés'),
(1, 8, 3, 3, 'Encanto'),
(1, 8, 3, 4, 'Esquivel Bonilla'),
(1, 8, 3, 5, 'Montelimar'),
(1, 8, 3, 6, 'Pinos'),
(1, 8, 3, 7, 'San Antonio'),
(1, 8, 3, 8, 'San Gabriel'),
(1, 8, 3, 9, 'Santo Tomás'),
(1, 8, 3, 10, 'Volio.'),
(1, 8, 4, 1, 'Bruncas'),
(1, 8, 4, 2, 'Carmen'),
(1, 8, 4, 3, 'Claraval'),
(1, 8, 4, 4, 'Cruz'),
(1, 8, 4, 5, 'Cuesta Grande (parte)'),
(1, 8, 4, 6, 'Estéfana (parte)'),
(1, 8, 4, 7, 'Hortensias'),
(1, 8, 4, 8, 'Jaboncillal'),
(1, 8, 4, 9, 'Jardines de la Paz'),
(1, 8, 4, 10, 'Lourdes'),
(1, 8, 4, 11, 'Praderas'),
(1, 8, 4, 12, 'Tepeyac'),
(1, 8, 4, 13, 'Térraba'),
(1, 8, 4, 14, 'Villalta'),
(1, 8, 4, 15, 'Villaverde'),
(1, 8, 4, 16, 'Vista del Valle.'),
(1, 8, 5, 1, 'Ángeles'),
(1, 8, 5, 2, 'El Alto (parte)'),
(1, 8, 5, 3, 'Floresta'),
(1, 8, 5, 4, 'Korobó'),
(1, 8, 5, 5, 'La Mora'),
(1, 8, 5, 6, 'Morita'),
(1, 8, 5, 7, 'Mozotal'),
(1, 8, 5, 8, 'Nazareno'),
(1, 8, 5, 9, 'Orquídea'),
(1, 8, 5, 10, 'Rodrigo Facio'),
(1, 8, 5, 11, 'Santa Clara (parte)'),
(1, 8, 5, 12, 'Setillal'),
(1, 8, 5, 13, 'Vista del Monte.'),
(1, 8, 6, 1, 'Mirador.'),
(1, 8, 6, 2, 'Corralillo'),
(1, 8, 6, 3, 'Guayabillos'),
(1, 8, 6, 4, 'Isla'),
(1, 8, 6, 5, 'San Miguel'),
(1, 8, 6, 0, 'Vista de Mar.'),
(1, 8, 7, 1, 'Ana Frank'),
(1, 8, 7, 2, 'Castores'),
(1, 8, 7, 3, 'Cuadros'),
(1, 8, 7, 4, 'Don Carlos'),
(1, 8, 7, 5, 'El Alto (parte)'),
(1, 8, 7, 6, 'Flor de Liz'),
(1, 8, 7, 7, 'Kurú'),
(1, 8, 7, 8, 'Lomas de Tepeyac'),
(1, 8, 7, 9, 'Lupita'),
(1, 8, 7, 10, 'Montesol'),
(1, 8, 7, 11, 'Nogales'),
(1, 8, 7, 12, 'Pueblo'),
(1, 8, 7, 13, 'Violetas.'),
(1, 9, 1, 1, 'Aguas Lindas'),
(1, 9, 1, 2, 'Cabañas'),
(1, 9, 1, 3, 'Casa Blanca'),
(1, 9, 1, 4, 'Lajas (parte)'),
(1, 9, 1, 5, 'Obando'),
(1, 9, 1, 6, 'Paso Machete (parte)'),
(1, 9, 1, 7, 'San Rafael.'),
(1, 9, 1, 8, 'Corrogres'),
(1, 9, 1, 9, 'Pilas.'),
(1, 9, 2, 1, 'Paso Machete (parte)'),
(1, 9, 2, 2, 'Robalillo.'),
(1, 9, 2, 3, 'Alto Raicero'),
(1, 9, 2, 4, 'Chirracal'),
(1, 9, 2, 5, 'Matinilla'),
(1, 9, 2, 6, 'Pabellón'),
(1, 9, 2, 7, 'Perico.'),
(1, 9, 3, 1, 'Alto Palomas'),
(1, 9, 3, 2, 'Concepción'),
(1, 9, 3, 3, 'Cuevas'),
(1, 9, 3, 4, 'Chispa'),
(1, 9, 3, 5, 'Gavilanes'),
(1, 9, 3, 6, 'Honduras'),
(1, 9, 3, 7, 'Lajas (parte)'),
(1, 9, 3, 8, 'Lindora'),
(1, 9, 3, 9, 'Manantial'),
(1, 9, 3, 10, 'Real de Pereira (parte)'),
(1, 9, 3, 11, 'Valle del sol.'),
(1, 9, 4, 1, 'Chimba'),
(1, 9, 4, 2, 'Guapinol'),
(1, 9, 4, 3, 'Mata Grande'),
(1, 9, 4, 4, 'Mina'),
(1, 9, 4, 5, 'Paso Machete (parte)'),
(1, 9, 4, 6, 'Río Uruca.'),
(1, 9, 5, 1, 'Caraña'),
(1, 9, 5, 2, 'Cebadilla'),
(1, 9, 5, 3, 'Finquitas'),
(1, 9, 5, 4, 'Montaña del Sol'),
(1, 9, 5, 5, 'Rincón San Marcos'),
(1, 9, 5, 6, 'Triunfo.'),
(1, 9, 6, 1, 'Canjel'),
(1, 9, 6, 2, 'Copey.'),
(1, 10, 1, 1, 'Bellavista'),
(1, 10, 1, 2, 'Chorotega'),
(1, 10, 1, 3, 'Lagunilla'),
(1, 10, 1, 4, 'Macha'),
(1, 10, 1, 5, 'Madrigal.'),
(1, 10, 2, 1, 'Aguilar Machado'),
(1, 10, 2, 2, 'Cochea'),
(1, 10, 2, 3, 'El Alto'),
(1, 10, 2, 4, 'Faro del Suroeste'),
(1, 10, 2, 5, 'Filtros'),
(1, 10, 2, 6, 'Pueblo Escondido'),
(1, 10, 2, 7, 'Vistas de Alajuelita.'),
(1, 10, 3, 1, 'Caracas'),
(1, 10, 3, 2, 'Cascabela'),
(1, 10, 3, 3, 'Llano'),
(1, 10, 3, 4, 'Piedra de fuego.'),
(1, 10, 3, 5, 'Lámparas.'),
(1, 10, 4, 1, 'Almendros'),
(1, 10, 4, 2, 'Boca del Monte'),
(1, 10, 4, 3, 'Chirivico'),
(1, 10, 4, 4, 'Monte Alto'),
(1, 10, 4, 5, 'Once de Abril'),
(1, 10, 4, 6, 'Progreso'),
(1, 10, 4, 7, 'Tejar (parte)'),
(1, 10, 4, 8, 'Vista de San José'),
(1, 10, 4, 9, 'Vista Real.'),
(1, 10, 5, 1, 'Aurora'),
(1, 10, 5, 2, 'Corina Rodríguez'),
(1, 10, 5, 3, 'Esquipulas Dos'),
(1, 10, 5, 4, 'La Guápil'),
(1, 10, 5, 5, 'Peralta'),
(1, 10, 5, 6, 'Verbena.'),
(1, 10, 5, 7, 'Palo Campano.'),
(1, 11, 1, 1, 'Alamos'),
(1, 11, 1, 2, 'Alpes'),
(1, 11, 1, 3, 'Arias'),
(1, 11, 1, 4, 'Brisa'),
(1, 11, 1, 5, 'Cedros'),
(1, 11, 1, 6, 'Corazón de Jesús'),
(1, 11, 1, 7, 'Durazno'),
(1, 11, 1, 8, 'Girasoles (parte)'),
(1, 11, 1, 9, 'Huacas'),
(1, 11, 1, 10, 'Magnolias'),
(1, 11, 1, 11, 'Mercedes'),
(1, 11, 1, 12, 'Monte Azul'),
(1, 11, 1, 13, 'San Francisco'),
(1, 11, 1, 14, 'San Martín'),
(1, 11, 1, 15, 'Villa Solidarista.'),
(1, 11, 2, 1, 'Fanguillo'),
(1, 11, 2, 2, 'I Griega'),
(1, 11, 2, 3, 'Loma Bonita'),
(1, 11, 2, 4, 'Nubes'),
(1, 11, 2, 5, 'Patio de Agua'),
(1, 11, 2, 6, 'Villa Emaus.'),
(1, 11, 3, 1, 'Calera'),
(1, 11, 3, 2, 'Carmen'),
(1, 11, 3, 3, 'Gemelas'),
(1, 11, 3, 4, 'Josué'),
(1, 11, 3, 5, 'Manzanos'),
(1, 11, 3, 6, 'Murtal'),
(1, 11, 3, 7, 'Sitrae'),
(1, 11, 3, 8, 'Valle Felíz.'),
(1, 11, 3, 9, 'Alto Palma (parte)'),
(1, 11, 3, 10, 'Platanares'),
(1, 11, 3, 11, 'Rodeo (parte).'),
(1, 11, 4, 1, 'Cornelia'),
(1, 11, 4, 2, 'Girasoles (parte)'),
(1, 11, 4, 3, 'Horizontes'),
(1, 11, 4, 4, 'Irazú'),
(1, 11, 4, 5, 'Jardines'),
(1, 11, 4, 6, 'Labrador'),
(1, 11, 4, 7, 'Patalillo'),
(1, 11, 4, 8, 'Santa Marta'),
(1, 11, 4, 9, 'Trapiche'),
(1, 11, 4, 10, 'Villalinda'),
(1, 11, 4, 11, 'Villanova.'),
(1, 11, 5, 1, 'Avilés'),
(1, 11, 5, 2, 'Cerro Indio'),
(1, 11, 5, 3, 'Guaba'),
(1, 11, 5, 4, 'Rojizo'),
(1, 11, 5, 5, 'Sinaí.'),
(1, 11, 5, 6, 'Canoa'),
(1, 11, 5, 7, 'Cascajal'),
(1, 11, 5, 8, 'Choco'),
(1, 11, 5, 9, 'Isla'),
(1, 11, 5, 10, 'Monserrat'),
(1, 11, 5, 11, 'Patillos'),
(1, 11, 5, 12, 'Rodeo (parte)'),
(1, 11, 5, 13, 'Santa Rita de Casia'),
(1, 11, 5, 14, 'Tierras Morenas'),
(1, 11, 5, 15, 'Vegas de Cajón'),
(1, 11, 5, 16, 'Venita.'),
(1, 12, 1, 1, 'Abarca'),
(1, 12, 1, 2, 'Corral'),
(1, 12, 1, 3, 'María Auxiliadora'),
(1, 12, 1, 4, 'Ortiga'),
(1, 12, 1, 5, 'Pozos'),
(1, 12, 1, 6, 'San Martín (San Gerardo)'),
(1, 12, 1, 7, 'San Luis'),
(1, 12, 1, 8, 'Turrujal'),
(1, 12, 1, 9, 'Vereda.'),
(1, 12, 1, 10, 'Aguablanca (parte)'),
(1, 12, 1, 11, 'Alto Escalera'),
(1, 12, 1, 12, 'Alto Los Mora'),
(1, 12, 1, 13, 'Ángeles'),
(1, 12, 1, 14, 'Chirraca (parte)'),
(1, 12, 1, 15, 'Esperanza'),
(1, 12, 1, 16, 'Potrerillos'),
(1, 12, 1, 17, 'Resbalón'),
(1, 12, 1, 18, 'Tablazo.'),
(1, 12, 2, 1, 'Alto Sierra'),
(1, 12, 2, 2, 'Alto Vigía'),
(1, 12, 2, 3, 'Bajo Arias'),
(1, 12, 2, 4, 'Bajo Bermúdez'),
(1, 12, 2, 5, 'Bajo Calvo'),
(1, 12, 2, 6, 'Bajo Cárdenas'),
(1, 12, 2, 7, 'Bajo Moras'),
(1, 12, 2, 8, 'Coyolar'),
(1, 12, 2, 9, 'Hondonada'),
(1, 12, 2, 10, 'La Cruz'),
(1, 12, 2, 11, 'Lagunillas (parte)'),
(1, 12, 2, 12, 'Ococa'),
(1, 12, 2, 13, 'Toledo'),
(1, 12, 2, 14, 'Zapote.'),
(1, 12, 3, 1, 'San Pablo'),
(1, 12, 3, 2, 'Agua Blanca (parte)'),
(1, 12, 3, 3, 'Bajo Cerdas'),
(1, 12, 3, 4, 'Bajos de Jorco'),
(1, 12, 3, 5, 'Bolívar'),
(1, 12, 3, 6, 'Cañadas'),
(1, 12, 3, 7, 'Caragral'),
(1, 12, 3, 8, 'Corazón de Jesús'),
(1, 12, 3, 9, 'Charcalillo'),
(1, 12, 3, 10, 'Chirraca (parte)'),
(1, 12, 3, 11, 'Fila'),
(1, 12, 3, 12, 'Jaular'),
(1, 12, 3, 13, 'Lagunillas (parte)'),
(1, 12, 3, 14, 'La Mina'),
(1, 12, 3, 15, 'La Pita'),
(1, 12, 3, 16, 'Los Monge'),
(1, 12, 3, 17, 'Playa'),
(1, 12, 3, 18, 'San Pablo'),
(1, 12, 3, 19, 'Sevilla.'),
(1, 12, 4, 1, 'Bajo Los Cruces'),
(1, 12, 4, 2, 'Ceiba Alta (parte)'),
(1, 12, 4, 3, 'Ceiba Baja'),
(1, 12, 4, 4, 'Ceiba Este'),
(1, 12, 4, 5, 'Escuadra'),
(1, 12, 4, 6, 'Gravilias'),
(1, 12, 4, 7, 'Lindavista'),
(1, 12, 4, 8, 'Llano Bonito'),
(1, 12, 4, 9, 'Mesa'),
(1, 12, 4, 10, 'Naranjal'),
(1, 12, 4, 11, 'Perpetuo Socorro'),
(1, 12, 4, 12, 'Tejar'),
(1, 12, 4, 13, 'Tiquires.'),
(1, 12, 5, 1, 'Alto Parritón'),
(1, 12, 5, 2, 'Bajo Palma'),
(1, 12, 5, 3, 'Bajo Pérez'),
(1, 12, 5, 4, 'Bijagual'),
(1, 12, 5, 5, 'Breñón'),
(1, 12, 5, 6, 'Caspirola'),
(1, 12, 5, 7, 'Colorado'),
(1, 12, 5, 8, 'Cuesta Aguacate'),
(1, 12, 5, 9, 'Limas'),
(1, 12, 5, 10, 'Parritón'),
(1, 12, 5, 11, 'Plomo'),
(1, 12, 5, 12, 'Sabanas'),
(1, 12, 5, 13, 'San Jerónimo'),
(1, 12, 5, 14, 'Soledad'),
(1, 12, 5, 15, 'Téruel'),
(1, 12, 5, 16, 'Tiquiritos'),
(1, 12, 5, 17, 'Uruca'),
(1, 12, 5, 18, 'Zoncuano.'),
(1, 13, 1, 1, 'Acacias'),
(1, 13, 1, 2, 'Arboleda'),
(1, 13, 1, 3, 'Asturias'),
(1, 13, 1, 4, 'Estudiantes'),
(1, 13, 1, 5, 'Florida'),
(1, 13, 1, 6, 'González Truque'),
(1, 13, 1, 7, 'Jesús Jiménez Zamora'),
(1, 13, 1, 8, 'Lindavista'),
(1, 13, 1, 9, 'Rosas'),
(1, 13, 1, 10, 'San Jerónimo'),
(1, 13, 1, 11, 'Santa Eduvigis'),
(1, 13, 1, 12, 'Valle'),
(1, 13, 1, 13, 'Versalles'),
(1, 13, 1, 14, 'Villafranca'),
(1, 13, 1, 15, 'Virginia.'),
(1, 13, 2, 1, 'Bajo Piuses'),
(1, 13, 2, 2, 'Copey'),
(1, 13, 2, 3, 'Leiva Urcuyo'),
(1, 13, 2, 4, 'Lilas'),
(1, 13, 2, 5, 'Lomas del Pinar'),
(1, 13, 2, 6, 'Montecarlo'),
(1, 13, 2, 7, 'Santa Teresa.'),
(1, 13, 3, 1, 'Apolo'),
(1, 13, 3, 2, 'Dalia'),
(1, 13, 3, 3, 'Estancia'),
(1, 13, 3, 4, 'Fletcher'),
(1, 13, 3, 5, 'Franjo'),
(1, 13, 3, 6, 'Jardines de Tibás'),
(1, 13, 3, 7, 'Jardines La Trinidad'),
(1, 13, 3, 8, 'Monterreal'),
(1, 13, 3, 9, 'Palmeras'),
(1, 13, 3, 10, 'Santa Mónica'),
(1, 13, 3, 11, 'Talamanca'),
(1, 13, 3, 12, 'Vergel.'),
(1, 13, 4, 1, 'Doña Fabiola'),
(1, 13, 4, 2, 'Garabito.'),
(1, 13, 5, 1, 'Anselmo Alvarado'),
(1, 13, 5, 2, 'Balsa'),
(1, 13, 5, 3, 'Cuatro Reinas'),
(1, 13, 5, 4, 'Orquídeas'),
(1, 13, 5, 5, 'Rey'),
(1, 13, 5, 6, 'San Agustín.'),
(1, 14, 1, 1, 'Alondra'),
(1, 14, 1, 2, 'Americano'),
(1, 14, 1, 3, 'Américas'),
(1, 14, 1, 4, 'Bajo Isla'),
(1, 14, 1, 5, 'Bajo Varelas'),
(1, 14, 1, 6, 'Barro de Olla'),
(1, 14, 1, 7, 'Caragua'),
(1, 14, 1, 8, 'Carmen'),
(1, 14, 1, 9, 'Colegios'),
(1, 14, 1, 10, 'Colegios Norte'),
(1, 14, 1, 11, 'Chaves'),
(1, 14, 1, 12, 'El Alto (parte)'),
(1, 14, 1, 13, 'Flor'),
(1, 14, 1, 14, 'Florencia'),
(1, 14, 1, 15, 'Guaria'),
(1, 14, 1, 16, 'Guaria Oriental'),
(1, 14, 1, 17, 'Isla'),
(1, 14, 1, 18, 'Jardines de Moravia'),
(1, 14, 1, 19, 'La Casa'),
(1, 14, 1, 20, 'Ladrillera'),
(1, 14, 1, 21, 'Robles'),
(1, 14, 1, 22, 'Romeral'),
(1, 14, 1, 23, 'Sagrado Corazón'),
(1, 14, 1, 24, 'San Blas'),
(1, 14, 1, 25, 'San Jorge'),
(1, 14, 1, 26, 'San Martín'),
(1, 14, 1, 27, 'San Rafael'),
(1, 14, 1, 28, 'Santa Clara (parte)'),
(1, 14, 1, 29, 'Santo Tomás'),
(1, 14, 1, 30, 'Saprissa.'),
(1, 14, 2, 1, 'Alto Palma (parte)'),
(1, 14, 2, 2, 'Platanares'),
(1, 14, 2, 3, 'Tornillal'),
(1, 14, 2, 4, 'Torre.'),
(1, 14, 3, 1, 'Altos de Trinidad'),
(1, 14, 3, 2, 'Cipreses'),
(1, 14, 3, 3, 'Colonia'),
(1, 14, 3, 4, 'Moral'),
(1, 14, 3, 5, 'Níspero'),
(1, 14, 3, 6, 'Rosal'),
(1, 14, 3, 7, 'Ruano'),
(1, 14, 3, 8, 'Sitios'),
(1, 14, 3, 9, 'Tanques'),
(1, 14, 3, 10, 'Virilla.'),
(1, 15, 1, 1, 'Alhambra'),
(1, 15, 1, 2, 'Azáleas'),
(1, 15, 1, 3, 'Carmiol'),
(1, 15, 1, 4, 'Cedral'),
(1, 15, 1, 5, 'Dent (parte)'),
(1, 15, 1, 6, 'Francisco Peralta (parte)'),
(1, 15, 1, 7, 'Fuentes'),
(1, 15, 1, 8, 'Granja'),
(1, 15, 1, 9, 'Kezia'),
(1, 15, 1, 10, 'Lourdes'),
(1, 15, 1, 11, 'Monterrey'),
(1, 15, 1, 12, 'Nadori'),
(1, 15, 1, 13, 'Oriente'),
(1, 15, 1, 14, 'Pinto'),
(1, 15, 1, 15, 'Prados del Este'),
(1, 15, 1, 16, 'Roosevelt'),
(1, 15, 1, 17, 'San Gerardo (parte)'),
(1, 15, 1, 18, 'Santa Marta'),
(1, 15, 1, 19, 'Saprissa'),
(1, 15, 1, 20, 'Vargas Araya'),
(1, 15, 1, 21, 'Yoses.'),
(1, 15, 2, 1, 'Arboleda'),
(1, 15, 2, 2, 'Bloquera'),
(1, 15, 2, 3, 'Cedros'),
(1, 15, 2, 4, 'El Cristo (parte)'),
(1, 15, 2, 5, 'Españolita'),
(1, 15, 2, 6, 'Luciana'),
(1, 15, 2, 7, 'Marsella'),
(1, 15, 2, 8, 'Maravilla'),
(1, 15, 2, 9, 'Rodeo'),
(1, 15, 2, 10, 'Rosales'),
(1, 15, 2, 11, 'San Marino.'),
(1, 15, 3, 1, 'Alma Máter'),
(1, 15, 3, 2, 'Damiana'),
(1, 15, 3, 3, 'Dent (parte)'),
(1, 15, 3, 4, 'Guaymí'),
(1, 15, 3, 5, 'Paso Hondo'),
(1, 15, 3, 6, 'Paulina.'),
(1, 15, 4, 1, 'Alameda'),
(1, 15, 4, 2, 'Andrómeda'),
(1, 15, 4, 3, 'Begonia'),
(1, 15, 4, 4, 'Cuesta Grande (parte)'),
(1, 15, 4, 5, 'El Cristo (parte)'),
(1, 15, 4, 6, 'Estéfana (parte)'),
(1, 15, 4, 7, 'Europa'),
(1, 15, 4, 8, 'Liburgia'),
(1, 15, 4, 9, 'Mansiones (parte)'),
(1, 15, 4, 10, 'Maruz'),
(1, 15, 4, 11, 'Salitrillos.'),
(1, 16, 1, 1, 'Alto Poró'),
(1, 16, 1, 2, 'Bolsón'),
(1, 16, 1, 3, 'Purires.'),
(1, 16, 2, 1, 'Alto Limón'),
(1, 16, 2, 2, 'Florecilla'),
(1, 16, 2, 3, 'Limón'),
(1, 16, 2, 4, 'Palmar'),
(1, 16, 2, 5, 'Pita Villa Colina.'),
(1, 16, 3, 1, 'Bajo Laguna'),
(1, 16, 3, 2, 'El Barro'),
(1, 16, 3, 3, 'Llano Bonito (San Juan de Mata)'),
(1, 16, 3, 4, 'Molenillo'),
(1, 16, 3, 5, 'Paso Agres'),
(1, 16, 3, 6, 'Surtubal'),
(1, 16, 3, 7, 'Tronco Negro.'),
(1, 16, 4, 1, 'Pital'),
(1, 16, 4, 2, 'Potenciana Arriba'),
(1, 16, 4, 3, 'Quebrada Azul'),
(1, 16, 4, 4, 'San Francisco'),
(1, 16, 4, 5, 'San Rafael.'),
(1, 16, 5, 1, 'Alto Espavel'),
(1, 16, 5, 2, 'Angostura (parte)'),
(1, 16, 5, 3, 'Bijagualito'),
(1, 16, 5, 4, 'Bola'),
(1, 16, 5, 5, 'Carara'),
(1, 16, 5, 6, 'Cima'),
(1, 16, 5, 7, 'Delicias'),
(1, 16, 5, 8, 'El Sur'),
(1, 16, 5, 9, 'Esperanza'),
(1, 16, 5, 10, 'Fila Negra'),
(1, 16, 5, 11, 'Galán'),
(1, 16, 5, 12, 'La Trampa'),
(1, 16, 5, 13, 'Lajas'),
(1, 16, 5, 14, 'Mata de Platano'),
(1, 16, 5, 15, 'Montelimar'),
(1, 16, 5, 16, 'Pacayal'),
(1, 16, 5, 17, 'Pavona'),
(1, 16, 5, 18, 'Quina'),
(1, 16, 5, 19, 'Río Negro'),
(1, 16, 5, 20, 'Río Seco'),
(1, 16, 5, 21, 'San Francísco'),
(1, 16, 5, 22, 'San Gabriel'),
(1, 16, 5, 23, 'San Isidro'),
(1, 16, 5, 24, 'San Jerónimo'),
(1, 16, 5, 25, 'Tulín.'),
(1, 17, 1, 1, 'Bandera'),
(1, 17, 1, 2, 'Higueronal'),
(1, 17, 1, 3, 'Llano'),
(1, 17, 1, 4, 'Nubes'),
(1, 17, 1, 5, 'San Rafael.'),
(1, 17, 1, 6, 'Botella'),
(1, 17, 1, 7, 'Cedral'),
(1, 17, 1, 8, 'Guaria'),
(1, 17, 1, 9, 'Naranjo'),
(1, 17, 1, 10, 'Quebrada Grande (parte)'),
(1, 17, 1, 11, 'Reyes'),
(1, 17, 1, 12, 'San Joaquín'),
(1, 17, 1, 13, 'San Lucas'),
(1, 17, 1, 14, 'Sukia'),
(1, 17, 1, 15, 'Vapor.'),
(1, 17, 2, 1, 'Cabeceras de Tarrazú'),
(1, 17, 2, 2, 'Chonta (parte)'),
(1, 17, 2, 3, 'Quebradillas.'),
(1, 17, 3, 1, 'Bernardo Ureña.'),
(1, 17, 3, 2, 'Alto Cañazo'),
(1, 17, 3, 3, 'Alto indio'),
(1, 17, 3, 4, 'Alto Miramar'),
(1, 17, 3, 5, 'Cañón (parte)'),
(1, 17, 3, 6, 'Cima'),
(1, 17, 3, 7, 'Cruce Chinchilla'),
(1, 17, 3, 8, 'Florida'),
(1, 17, 3, 9, 'Garrafa'),
(1, 17, 3, 10, 'Jaboncillo'),
(1, 17, 3, 11, 'Madreselva'),
(1, 17, 3, 12, 'Ojo de Agua (parte)'),
(1, 17, 3, 13, 'Paso Macho (parte)'),
(1, 17, 3, 14, 'Pedregoso'),
(1, 17, 3, 15, 'Providencia'),
(1, 17, 3, 16, 'Quebrada Grande (parte)'),
(1, 17, 3, 17, 'Quebrador'),
(1, 17, 3, 18, 'Río Blanco'),
(1, 17, 3, 19, 'Salsipuedes (parte)'),
(1, 17, 3, 20, 'San Carlos'),
(1, 17, 3, 21, 'San Gerardo'),
(1, 17, 3, 22, 'Trinidad'),
(1, 17, 3, 23, 'Vueltas.'),
(1, 18, 1, 1, 'Ahogados (parte)'),
(1, 18, 1, 2, 'Aromático'),
(1, 18, 1, 3, 'Cipreses'),
(1, 18, 1, 4, 'Chapultepec'),
(1, 18, 1, 5, 'Dorados'),
(1, 18, 1, 6, 'Guayabos'),
(1, 18, 1, 7, 'Hacienda Vieja'),
(1, 18, 1, 8, 'Hogar'),
(1, 18, 1, 9, 'José María Zeledón'),
(1, 18, 1, 10, 'Laguna'),
(1, 18, 1, 11, 'La Lía'),
(1, 18, 1, 12, 'Mallorca'),
(1, 18, 1, 13, 'María Auxiliadora'),
(1, 18, 1, 14, 'Miramontes'),
(1, 18, 1, 15, 'Nopalera'),
(1, 18, 1, 16, 'Plaza del Sol'),
(1, 18, 1, 17, 'Prado'),
(1, 18, 1, 18, 'San José'),
(1, 18, 1, 19, 'Santa Cecilia'),
(1, 18, 1, 20, 'Tacaco.'),
(1, 18, 2, 1, 'Biarquiria'),
(1, 18, 2, 2, 'Eucalipto'),
(1, 18, 2, 3, 'Freses'),
(1, 18, 2, 4, 'Granadilla Norte'),
(1, 18, 2, 5, 'Granadilla Sur'),
(1, 18, 2, 6, 'Montaña Rusa (parte).'),
(1, 18, 3, 1, 'Araucauria (parte)'),
(1, 18, 3, 2, 'Lomas de Ayarco'),
(1, 18, 3, 3, 'Pinares.'),
(1, 18, 4, 1, 'Colina'),
(1, 18, 4, 2, 'Lomas de San Pancracio'),
(1, 18, 4, 3, 'Ponderosa'),
(1, 18, 4, 4, 'Quince de Agosto.'),
(1, 19, 1, 1, 'Aeropuerto'),
(1, 19, 1, 2, 'Alto Alonso'),
(1, 19, 1, 3, 'Boruca'),
(1, 19, 1, 4, 'Boston'),
(1, 19, 1, 5, 'Cementerio'),
(1, 19, 1, 6, 'Cooperativa'),
(1, 19, 1, 7, 'Cristo Rey'),
(1, 19, 1, 8, 'Doce de Marzo'),
(1, 19, 1, 9, 'Dorotea'),
(1, 19, 1, 10, 'Durán Picado'),
(1, 19, 1, 11, 'España'),
(1, 19, 1, 12, 'Estadio'),
(1, 19, 1, 13, 'Evans Gordon Wilson'),
(1, 19, 1, 14, 'González'),
(1, 19, 1, 15, 'Hospital'),
(1, 19, 1, 16, 'Hoyón'),
(1, 19, 1, 17, 'I Griega'),
(1, 19, 1, 18, 'Las Américas'),
(1, 19, 1, 19, 'Lomas de Cocorí'),
(1, 19, 1, 20, 'Luis Monge'),
(1, 19, 1, 21, 'Morazán'),
(1, 19, 1, 22, 'Pavones'),
(1, 19, 1, 23, 'Pedregoso'),
(1, 19, 1, 24, 'Pocito'),
(1, 19, 1, 25, 'Prado'),
(1, 19, 1, 26, 'Romero'),
(1, 19, 1, 27, 'Sagrada Familia'),
(1, 19, 1, 28, 'San Andrés'),
(1, 19, 1, 29, 'San Luis'),
(1, 19, 1, 30, 'San Rafael Sur'),
(1, 19, 1, 31, 'San Vicente'),
(1, 19, 1, 32, 'Santa Cecilia'),
(1, 19, 1, 33, 'Sinaí'),
(1, 19, 1, 34, 'Tierra Prometida'),
(1, 19, 1, 35, 'Tormenta'),
(1, 19, 1, 36, 'Unesco'),
(1, 19, 1, 37, 'Valverde.'),
(1, 19, 1, 38, 'Alto Ceibo'),
(1, 19, 1, 39, 'Alto Huacas'),
(1, 19, 1, 40, 'Alto Sajaral'),
(1, 19, 1, 41, 'Alto San Juan'),
(1, 19, 1, 42, 'Alto Tumbas'),
(1, 19, 1, 43, 'Angostura'),
(1, 19, 1, 44, 'Bajo Ceibo'),
(1, 19, 1, 45, 'Bajo Esperanzas'),
(1, 19, 1, 46, 'Bajo Mora'),
(1, 19, 1, 47, 'Bijaguales'),
(1, 19, 1, 48, 'Bocana'),
(1, 19, 1, 49, 'Bonita'),
(1, 19, 1, 50, 'Ceibo'),
(1, 19, 1, 51, 'Ceniza'),
(1, 19, 1, 52, 'Dorado'),
(1, 19, 1, 53, 'Esperanzas'),
(1, 19, 1, 54, 'Guadalupe'),
(1, 19, 1, 55, 'Guaria'),
(1, 19, 1, 56, 'Higuerones'),
(1, 19, 1, 57, 'Jilguero'),
(1, 19, 1, 58, 'Jilguero Sur'),
(1, 19, 1, 59, 'Los Guayabos'),
(1, 19, 1, 60, 'María Auxiliadora'),
(1, 19, 1, 61, 'Miravalles'),
(1, 19, 1, 62, 'Morete'),
(1, 19, 1, 63, 'Ojo de Agua'),
(1, 19, 1, 64, 'Ocho de Diciembre'),
(1, 19, 1, 65, 'Pacuarito'),
(1, 19, 1, 66, 'Palma'),
(1, 19, 1, 67, 'Paso Beita'),
(1, 19, 1, 68, 'Paso Lagarto'),
(1, 19, 1, 69, 'Quebrada Honda (parte)'),
(1, 19, 1, 70, 'Quebrada Vueltas'),
(1, 19, 1, 71, 'Quebradas'),
(1, 19, 1, 72, 'Roble'),
(1, 19, 1, 73, 'Rosario'),
(1, 19, 1, 74, 'San Agustín'),
(1, 19, 1, 75, 'San Jorge'),
(1, 19, 1, 76, 'San Juan de Miramar'),
(1, 19, 1, 77, 'San Lorenzo'),
(1, 19, 1, 78, 'San Rafael Norte'),
(1, 19, 1, 79, 'Santa Fé'),
(1, 19, 1, 80, 'Santa Marta'),
(1, 19, 1, 81, 'Suiza (parte)'),
(1, 19, 1, 82, 'Tajo'),
(1, 19, 1, 83, 'Toledo'),
(1, 19, 1, 84, 'Tronconales'),
(1, 19, 1, 85, 'Tuis'),
(1, 19, 1, 86, 'Villanueva.'),
(1, 19, 2, 1, 'Arepa'),
(1, 19, 2, 2, 'Carmen'),
(1, 19, 2, 3, 'Chanchos'),
(1, 19, 2, 4, 'Hermosa'),
(1, 19, 2, 5, 'Linda'),
(1, 19, 2, 6, 'Linda Arriba'),
(1, 19, 2, 7, 'Miraflores'),
(1, 19, 2, 8, 'Paraíso de la Tierra'),
(1, 19, 2, 9, 'Peñas Blancas'),
(1, 19, 2, 10, 'Quizarrá (parte)'),
(1, 19, 2, 11, 'San Blas'),
(1, 19, 2, 12, 'San Luis'),
(1, 19, 2, 13, 'Santa Cruz'),
(1, 19, 2, 14, 'Santa Elena'),
(1, 19, 2, 15, 'Trinidad.'),
(1, 19, 3, 1, 'Alto Brisas'),
(1, 19, 3, 2, 'Ángeles'),
(1, 19, 3, 3, 'Aurora'),
(1, 19, 3, 4, 'Chiles'),
(1, 19, 3, 5, 'Crematorio'),
(1, 19, 3, 6, 'Daniel Flores'),
(1, 19, 3, 7, 'Laboratorio'),
(1, 19, 3, 8, 'Los Pinos'),
(1, 19, 3, 9, 'Loma Verde'),
(1, 19, 3, 10, 'Lourdes'),
(1, 19, 3, 11, 'Rosas'),
(1, 19, 3, 12, 'Rosa Iris'),
(1, 19, 3, 13, 'San Francisco'),
(1, 19, 3, 14, 'Santa Margarita'),
(1, 19, 3, 15, 'Trocha'),
(1, 19, 3, 16, 'Villa Ligia.'),
(1, 19, 3, 17, 'Aguas Buenas (parte)'),
(1, 19, 3, 18, 'Bajos de Pacuar'),
(1, 19, 3, 19, 'Concepción (parte)'),
(1, 19, 3, 20, 'Corazón de Jesús'),
(1, 19, 3, 21, 'Juntas de Pacuar'),
(1, 19, 3, 22, 'Paso Bote'),
(1, 19, 3, 23, 'Patio de Agua'),
(1, 19, 3, 24, 'Peje'),
(1, 19, 3, 25, 'Percal'),
(1, 19, 3, 26, 'Pinar del Río'),
(1, 19, 3, 27, 'Quebrada Honda (parte)'),
(1, 19, 3, 28, 'Repunta'),
(1, 19, 3, 29, 'Reyes'),
(1, 19, 3, 30, 'Ribera'),
(1, 19, 3, 31, 'Suiza (parte).'),
(1, 19, 4, 1, 'Linda Vista'),
(1, 19, 4, 2, 'Lourdes.'),
(1, 19, 4, 3, 'Alaska'),
(1, 19, 4, 4, 'Altamira'),
(1, 19, 4, 5, 'Alto Jaular'),
(1, 19, 4, 6, 'Ángeles'),
(1, 19, 4, 7, 'Boquete'),
(1, 19, 4, 8, 'Buenavista'),
(1, 19, 4, 9, 'Canaán'),
(1, 19, 4, 10, 'Chimirol'),
(1, 19, 4, 11, 'Chispa'),
(1, 19, 4, 12, 'Chuma'),
(1, 19, 4, 13, 'División (parte)'),
(1, 19, 4, 14, 'Guadalupe'),
(1, 19, 4, 15, 'Herradura'),
(1, 19, 4, 16, 'La Bambú'),
(1, 19, 4, 17, 'Los Monges'),
(1, 19, 4, 18, 'Monterrey'),
(1, 19, 4, 19, 'Palmital'),
(1, 19, 4, 20, 'Piedra Alta'),
(1, 19, 4, 21, 'Playa Quesada'),
(1, 19, 4, 22, 'Playas'),
(1, 19, 4, 23, 'Pueblo Nuevo'),
(1, 19, 4, 24, 'Río Blanco'),
(1, 19, 4, 25, 'San Antonio'),
(1, 19, 4, 26, 'San Gerardo'),
(1, 19, 4, 27, 'San José'),
(1, 19, 4, 28, 'San Juan Norte'),
(1, 19, 4, 29, 'Siberia (parte)'),
(1, 19, 4, 30, 'Tirrá'),
(1, 19, 4, 31, 'Zapotal.'),
(1, 19, 5, 1, 'Cruz Roja.'),
(1, 19, 5, 2, 'Arenilla (Junta)'),
(1, 19, 5, 3, 'Alto Calderón'),
(1, 19, 5, 4, 'Cedral (parte)'),
(1, 19, 5, 5, 'Fátima'),
(1, 19, 5, 6, 'Fortuna'),
(1, 19, 5, 7, 'Guaria'),
(1, 19, 5, 8, 'Laguna'),
(1, 19, 5, 9, 'Rinconada Vega'),
(1, 19, 5, 10, 'San Jerónimo'),
(1, 19, 5, 11, 'San Juan'),
(1, 19, 5, 12, 'San Juancito'),
(1, 19, 5, 13, 'San Rafael'),
(1, 19, 5, 14, 'Santa Ana'),
(1, 19, 5, 15, 'Santo Domingo'),
(1, 19, 5, 16, 'Tambor'),
(1, 19, 5, 17, 'Unión'),
(1, 19, 5, 18, 'Zapotal.'),
(1, 19, 6, 1, 'Aguas Buenas (parte)'),
(1, 19, 6, 2, 'Bajo Bonitas'),
(1, 19, 6, 3, 'Bajo Espinoza'),
(1, 19, 6, 4, 'Bolivia'),
(1, 19, 6, 5, 'Bonitas'),
(1, 19, 6, 6, 'Buenos Aires'),
(1, 19, 6, 7, 'Concepción (parte)'),
(1, 19, 6, 8, 'Cristo Rey'),
(1, 19, 6, 9, 'La Sierra'),
(1, 19, 6, 10, 'Lourdes'),
(1, 19, 6, 11, 'Mastatal'),
(1, 19, 6, 12, 'Mollejoncito'),
(1, 19, 6, 13, 'Mollejones'),
(1, 19, 6, 14, 'Naranjos'),
(1, 19, 6, 15, 'Oratorio'),
(1, 19, 6, 16, 'San Carlos'),
(1, 19, 6, 17, 'San Pablito'),
(1, 19, 6, 18, 'San Pablo'),
(1, 19, 6, 19, 'San Roque (parte)'),
(1, 19, 6, 20, 'Socorro'),
(1, 19, 6, 21, 'Surtubal (parte)'),
(1, 19, 6, 22, 'Villa Argentina'),
(1, 19, 6, 23, 'Villa Flor'),
(1, 19, 6, 24, 'Vista de Mar.'),
(1, 19, 7, 1, 'Achiotal'),
(1, 19, 7, 2, 'Aguila'),
(1, 19, 7, 3, 'Alto Trinidad (Puñal)'),
(1, 19, 7, 4, 'Bajo Caliente'),
(1, 19, 7, 5, 'Bajo Minas'),
(1, 19, 7, 6, 'Barrionuevo'),
(1, 19, 7, 7, 'Bellavista'),
(1, 19, 7, 8, 'Calientillo'),
(1, 19, 7, 9, 'Corralillo'),
(1, 19, 7, 10, 'China Kichá'),
(1, 19, 7, 11, 'Delicias'),
(1, 19, 7, 12, 'Desamparados'),
(1, 19, 7, 13, 'El Progreso'),
(1, 19, 7, 14, 'Gibre'),
(1, 19, 7, 15, 'Guadalupe'),
(1, 19, 7, 16, 'Las Cruces'),
(1, 19, 7, 17, 'Mesas'),
(1, 19, 7, 18, 'Minas'),
(1, 19, 7, 19, 'Montezuma'),
(1, 19, 7, 20, 'Paraiso'),
(1, 19, 7, 21, 'San Antonio'),
(1, 19, 7, 22, 'San Gabriel'),
(1, 19, 7, 23, 'San Marcos'),
(1, 19, 7, 24, 'San Martín'),
(1, 19, 7, 25, 'San Miguel'),
(1, 19, 7, 26, 'San Roque (parte)'),
(1, 19, 7, 27, 'Santa Cecilia'),
(1, 19, 7, 28, 'Santa Fe'),
(1, 19, 7, 29, 'Santa Luisa'),
(1, 19, 7, 30, 'Surtubal (parte)'),
(1, 19, 7, 31, 'Trinidad'),
(1, 19, 7, 32, 'Veracruz'),
(1, 19, 7, 33, 'Zapote.'),
(1, 19, 8, 1, 'Cedral (parte)'),
(1, 19, 8, 2, 'El Quemado'),
(1, 19, 8, 3, 'Gloria'),
(1, 19, 8, 4, 'Las Brisas'),
(1, 19, 8, 5, 'Las Vegas'),
(1, 19, 8, 6, 'Mercedes'),
(1, 19, 8, 7, 'Montecarlo'),
(1, 19, 8, 8, 'Navajuelar'),
(1, 19, 8, 9, 'Nubes'),
(1, 19, 8, 10, 'Paraíso'),
(1, 19, 8, 11, 'Pilar'),
(1, 19, 8, 12, 'Pueblo Nuevo'),
(1, 19, 8, 13, 'Quizarrá (parte)'),
(1, 19, 8, 14, 'Salitrales'),
(1, 19, 8, 15, 'San Francisco'),
(1, 19, 8, 16, 'San Ignacio'),
(1, 19, 8, 17, 'San Pedrito'),
(1, 19, 8, 18, 'Santa María'),
(1, 19, 8, 19, 'Santa Teresa.'),
(1, 19, 9, 1, 'Alfombra'),
(1, 19, 9, 2, 'Alto Perla'),
(1, 19, 9, 3, 'Bajos'),
(1, 19, 9, 4, 'Bajos de Zapotal'),
(1, 19, 9, 5, 'Barú'),
(1, 19, 9, 6, 'Barucito'),
(1, 19, 9, 7, 'Cacao'),
(1, 19, 9, 8, 'Camarones'),
(1, 19, 9, 9, 'Cañablanca'),
(1, 19, 9, 10, 'Ceiba'),
(1, 19, 9, 11, 'Chontales'),
(1, 19, 9, 12, 'Farallas'),
(1, 19, 9, 13, 'Florida'),
(1, 19, 9, 14, 'San Juan de Dios (Guabo)'),
(1, 19, 9, 15, 'Líbano'),
(1, 19, 9, 16, 'Magnolia'),
(1, 19, 9, 17, 'Pozos'),
(1, 19, 9, 18, 'Reina'),
(1, 19, 9, 19, 'San Marcos'),
(1, 19, 9, 20, 'San Salvador'),
(1, 19, 9, 21, 'Santa Juana'),
(1, 19, 9, 22, 'Santo Cristo'),
(1, 19, 9, 23, 'Tinamaste (San Cristobal)'),
(1, 19, 9, 24, 'Torito'),
(1, 19, 9, 25, 'Tres Piedras (parte)'),
(1, 19, 9, 26, 'Tumbas'),
(1, 19, 9, 27, 'Villabonita Vista Mar.'),
(1, 19, 10, 1, 'Alto Mena'),
(1, 19, 10, 2, 'Brujo'),
(1, 19, 10, 3, 'Calle Los Mora'),
(1, 19, 10, 4, 'Chiricano'),
(1, 19, 10, 5, 'Gloria'),
(1, 19, 10, 6, 'Loma Guacal'),
(1, 19, 10, 7, 'Llano'),
(1, 19, 10, 8, 'Paraíso'),
(1, 19, 10, 9, 'Providencia (Parte)'),
(1, 19, 10, 10, 'Purruja'),
(1, 19, 10, 11, 'Río Nuevo'),
(1, 19, 10, 12, 'San Antonio'),
(1, 19, 10, 13, 'Santa Marta'),
(1, 19, 10, 14, 'Savegre Abajo'),
(1, 19, 10, 15, 'Viento Fresco.'),
(1, 19, 11, 1, 'Alto Macho Mora'),
(1, 19, 11, 2, 'Ángeles'),
(1, 19, 11, 3, 'Berlín'),
(1, 19, 11, 4, 'Chanchera'),
(1, 19, 11, 5, 'División (parte)'),
(1, 19, 11, 6, 'Fortuna'),
(1, 19, 11, 7, 'Hortensia'),
(1, 19, 11, 8, 'La Ese'),
(1, 19, 11, 9, 'La Piedra'),
(1, 19, 11, 10, 'Lira'),
(1, 19, 11, 11, 'Matasanos'),
(1, 19, 11, 12, 'Palma'),
(1, 19, 11, 13, 'Pedregosito'),
(1, 19, 11, 14, 'Providencia (Parte)'),
(1, 19, 11, 15, 'San Ramón Norte'),
(1, 19, 11, 16, 'Santa Eduvigis'),
(1, 19, 11, 17, 'Santo Tomás'),
(1, 19, 11, 18, 'Siberia (parte)'),
(1, 19, 11, 19, 'Valencia.'),
(1, 20, 1, 1, 'Estadio'),
(1, 20, 1, 2, 'La Clara'),
(1, 20, 1, 3, 'La Virgen'),
(1, 20, 1, 4, 'Los Ángeles'),
(1, 20, 1, 5, 'Sagrada Familia.'),
(1, 20, 1, 6, 'Abejonal'),
(1, 20, 1, 7, 'Carrizales'),
(1, 20, 1, 8, 'Los Navarro'),
(1, 20, 1, 9, 'Montes de Oro'),
(1, 20, 1, 10, 'Rosario.'),
(1, 20, 2, 1, 'Angostura (parte)'),
(1, 20, 2, 2, 'Bajo Gamboa'),
(1, 20, 2, 3, 'Higuerón'),
(1, 20, 2, 4, 'Llano Grande'),
(1, 20, 2, 5, 'Ojo de Agua (parte)'),
(1, 20, 2, 6, 'Rastrojales.'),
(1, 20, 3, 1, 'Bajo Mora'),
(1, 20, 3, 2, 'Bajo Venegas (parte)'),
(1, 20, 3, 3, 'Concepción'),
(1, 20, 3, 4, 'San Francisco'),
(1, 20, 3, 5, 'San Luis'),
(1, 20, 3, 6, 'San Rafael Abajo'),
(1, 20, 3, 7, 'Santa Juana'),
(1, 20, 3, 8, 'Santa Rosa (parte).'),
(1, 20, 4, 1, 'Alto Carrizal'),
(1, 20, 4, 2, 'Loma de la Altura'),
(1, 20, 4, 3, 'Santa Rosa (parte)'),
(1, 20, 4, 4, 'Trinidad.'),
(1, 20, 5, 1, 'Cedral (parte)'),
(1, 20, 5, 2, 'Lucha (parte)'),
(1, 20, 5, 3, 'San Martín'),
(1, 20, 5, 4, 'Rincón Gamboa.'),
(1, 20, 6, 1, 'Angostura (parte)'),
(1, 20, 6, 2, 'Cuesta.'),
(2, 1, 1, 1, 'Acequia Grande (parte)'),
(2, 1, 1, 2, 'Agonía'),
(2, 1, 1, 3, 'Arroyo'),
(2, 1, 1, 4, 'Bajo Cornizal'),
(2, 1, 1, 5, 'Brasil (parte)'),
(2, 1, 1, 6, 'Cafetal'),
(2, 1, 1, 7, 'Canoas'),
(2, 1, 1, 8, 'Carmen'),
(2, 1, 1, 9, 'Cementerio'),
(2, 1, 1, 10, 'Concepción'),
(2, 1, 1, 11, 'Ciruelas'),
(2, 1, 1, 12, 'Corazón de Jesús'),
(2, 1, 1, 13, 'Cristo Rey'),
(2, 1, 1, 14, 'Gregorio José Ramírez'),
(2, 1, 1, 15, 'Guadalupe'),
(2, 1, 1, 16, 'Higuerones'),
(2, 1, 1, 17, 'Hospital'),
(2, 1, 1, 18, 'Llano'),
(2, 1, 1, 19, 'Llobet'),
(2, 1, 1, 20, 'Molinos'),
(2, 1, 1, 21, 'Montecillos (parte)'),
(2, 1, 1, 22, 'Montenegro'),
(2, 1, 1, 23, 'Monserrat (parte)'),
(2, 1, 1, 24, 'Paso Flores'),
(2, 1, 1, 25, 'Providencia'),
(2, 1, 1, 26, 'Retiro'),
(2, 1, 1, 27, 'San Luis'),
(2, 1, 1, 28, 'Tomás Guardia'),
(2, 1, 1, 29, 'Tropicana'),
(2, 1, 1, 30, 'Villabonita (parte)'),
(2, 1, 1, 31, 'Villahermosa.'),
(2, 1, 2, 1, 'Amistad'),
(2, 1, 2, 2, 'Botánica'),
(2, 1, 2, 3, 'Copablanca'),
(2, 1, 2, 4, 'Flores'),
(2, 1, 2, 5, 'Jardines'),
(2, 1, 2, 6, 'Jocote'),
(2, 1, 2, 7, 'Juan Santamaría'),
(2, 1, 2, 8, 'Lagunilla'),
(2, 1, 2, 9, 'Mandarina (parte)'),
(2, 1, 2, 10, 'Maravilla (parte)'),
(2, 1, 2, 11, 'Montesol (parte)'),
(2, 1, 2, 12, 'Pueblo Nuevo'),
(2, 1, 2, 13, 'San Rafael'),
(2, 1, 2, 14, 'Santa Rita'),
(2, 1, 2, 15, 'Tigra'),
(2, 1, 2, 16, 'Torre'),
(2, 1, 2, 17, 'Trinidad'),
(2, 1, 2, 18, 'Tuetal Sur.'),
(2, 1, 2, 19, 'Coyol'),
(2, 1, 2, 20, 'Flores.'),
(2, 1, 3, 1, 'Alto Pavas'),
(2, 1, 3, 2, 'Bambú'),
(2, 1, 3, 3, 'Cinco Esquinas'),
(2, 1, 3, 4, 'Concordia'),
(2, 1, 3, 5, 'Domingas'),
(2, 1, 3, 6, 'El Plan.'),
(2, 1, 4, 1, 'Acequia Grande (parte)'),
(2, 1, 4, 2, 'Bajo Monge'),
(2, 1, 4, 3, 'Cañada'),
(2, 1, 4, 4, 'Montecillos (parte)'),
(2, 1, 4, 5, 'Monserrat (parte)'),
(2, 1, 4, 6, 'Puente Arena (parte)'),
(2, 1, 4, 7, 'Tejar'),
(2, 1, 4, 8, 'Vegas'),
(2, 1, 4, 9, 'Villabonita (parte).'),
(2, 1, 4, 10, 'Ciruelas'),
(2, 1, 4, 11, 'Roble'),
(2, 1, 4, 12, 'Sánchez.'),
(2, 1, 5, 1, 'Bajo Tejar'),
(2, 1, 5, 2, 'Cacao'),
(2, 1, 5, 3, 'Cañada'),
(2, 1, 5, 4, 'Coco'),
(2, 1, 5, 5, 'El Bajo'),
(2, 1, 5, 6, 'Hacienda Los Reyes'),
(2, 1, 5, 7, 'Nuestro Amo'),
(2, 1, 5, 8, 'Rincón Chiquito'),
(2, 1, 5, 9, 'Rincón de Herrera'),
(2, 1, 5, 10, 'Rincón de Monge'),
(2, 1, 5, 11, 'Ventanas'),
(2, 1, 5, 12, 'Vueltas.'),
(2, 1, 6, 1, 'Barrios (Alajuela): Aguilar'),
(2, 1, 6, 2, 'Ceiba'),
(2, 1, 6, 3, 'San Martín.'),
(2, 1, 6, 4, 'Alto Pilas'),
(2, 1, 6, 5, 'Buríos'),
(2, 1, 6, 6, 'Carbonal'),
(2, 1, 6, 7, 'Cerrillal'),
(2, 1, 6, 8, 'Dulce Nombre'),
(2, 1, 6, 9, 'Espino (parte)'),
(2, 1, 6, 10, 'Itiquís'),
(2, 1, 6, 11, 'Laguna'),
(2, 1, 6, 12, 'Loría'),
(2, 1, 6, 13, 'Maravilla (parte)'),
(2, 1, 6, 14, 'Montaña'),
(2, 1, 6, 15, 'Pilas'),
(2, 1, 6, 16, 'Potrerillos'),
(2, 1, 6, 17, 'San Jerónimo'),
(2, 1, 6, 18, 'San Rafael'),
(2, 1, 6, 19, 'Tacacorí'),
(2, 1, 6, 20, 'Tuetal Norte (parte)'),
(2, 1, 6, 21, 'Villas de la Ceiba.'),
(2, 1, 7, 1, 'Alto del Desengaño'),
(2, 1, 7, 2, 'Ángeles'),
(2, 1, 7, 3, 'Bajo Santa Bárbara'),
(2, 1, 7, 4, 'Cerro'),
(2, 1, 7, 5, 'Doka'),
(2, 1, 7, 6, 'Espino (parte)'),
(2, 1, 7, 7, 'Fraijanes'),
(2, 1, 7, 8, 'Lajas'),
(2, 1, 7, 9, 'Poasito'),
(2, 1, 7, 10, 'San Luis'),
(2, 1, 7, 11, 'San Rafael'),
(2, 1, 7, 12, 'Vargas (parte).'),
(2, 1, 8, 1, 'La Paz'),
(2, 1, 8, 2, 'Perla.'),
(2, 1, 8, 3, 'Cañada'),
(2, 1, 8, 4, 'Ojo de Agua'),
(2, 1, 8, 5, 'Paires'),
(2, 1, 8, 6, 'Potrerillos'),
(2, 1, 8, 7, 'Rincón Venegas.'),
(2, 1, 9, 1, 'Ángeles'),
(2, 1, 9, 2, 'Bajo Cañas (parte)'),
(2, 1, 9, 3, 'Bajo La Sorda'),
(2, 1, 9, 4, 'Cacique'),
(2, 1, 9, 5, 'California'),
(2, 1, 9, 6, 'Cañas (parte)'),
(2, 1, 9, 7, 'Guayabo'),
(2, 1, 9, 8, 'Monserrat (parte)'),
(2, 1, 9, 9, 'Puente Arena (parte)'),
(2, 1, 9, 10, 'Villalobos'),
(2, 1, 9, 11, 'Víquez.'),
(2, 1, 10, 1, 'Bajo Cañas (parte)'),
(2, 1, 10, 2, 'Bellavista'),
(2, 1, 10, 3, 'Brasil (parte)'),
(2, 1, 10, 4, 'Calicanto'),
(2, 1, 10, 5, 'Cañas (parte)'),
(2, 1, 10, 6, 'Erizo'),
(2, 1, 10, 7, 'Mojón'),
(2, 1, 10, 8, 'Pasito'),
(2, 1, 10, 9, 'Rincón'),
(2, 1, 10, 10, 'Rosales (parte)'),
(2, 1, 10, 11, 'Targuases'),
(2, 1, 10, 12, 'Tres Piedras.'),
(2, 1, 11, 1, 'Bajo Pita'),
(2, 1, 11, 2, 'Granja'),
(2, 1, 11, 3, 'Morera'),
(2, 1, 11, 4, 'San Martín'),
(2, 1, 11, 5, 'Santa Rita'),
(2, 1, 11, 6, 'Turrucareña'),
(2, 1, 11, 7, 'Villacares.'),
(2, 1, 11, 8, 'Bajo San Miguel'),
(2, 1, 11, 9, 'Candelaria'),
(2, 1, 11, 10, 'Carrera Buena'),
(2, 1, 11, 11, 'Cebadilla'),
(2, 1, 11, 12, 'Cerrillos (San Miguel)'),
(2, 1, 11, 13, 'Conejo'),
(2, 1, 11, 14, 'Juntas'),
(2, 1, 11, 15, 'Siquiares'),
(2, 1, 11, 16, 'Tamarindo.'),
(2, 1, 12, 1, 'Cacao'),
(2, 1, 12, 2, 'Calle Liles'),
(2, 1, 12, 3, 'González'),
(2, 1, 12, 4, 'Quebradas'),
(2, 1, 12, 5, 'Rincón Cacao'),
(2, 1, 12, 6, 'Tuetal Norte (parte)'),
(2, 1, 12, 7, 'Vargas (parte).'),
(2, 1, 13, 1, 'Animas'),
(2, 1, 13, 2, 'Cuesta Colorada'),
(2, 1, 13, 3, 'Copeyal'),
(2, 1, 13, 4, 'Horcones'),
(2, 1, 13, 5, 'Lagos del Coyol'),
(2, 1, 13, 6, 'Llanos'),
(2, 1, 13, 7, 'Mandarina (parte)'),
(2, 1, 13, 8, 'Manolos'),
(2, 1, 13, 9, 'Mina'),
(2, 1, 13, 10, 'Montesol (parte)'),
(2, 1, 13, 11, 'Monticel'),
(2, 1, 13, 12, 'Saltillo.'),
(2, 1, 14, 1, 'Bajo Latas'),
(2, 1, 14, 2, 'Cariblanco'),
(2, 1, 14, 3, 'Corazón de Jesús'),
(2, 1, 14, 4, 'Isla Bonita'),
(2, 1, 14, 5, 'Nueva Cinchona'),
(2, 1, 14, 6, 'San Antonio'),
(2, 1, 14, 7, 'Paraíso'),
(2, 1, 14, 8, 'Punta Mala'),
(2, 1, 14, 9, 'Ujarrás'),
(2, 1, 14, 10, 'Virgen del Socorro (parte).'),
(2, 2, 1, 1, 'Bajo Ladrillera'),
(2, 2, 1, 2, 'Cachera'),
(2, 2, 1, 3, 'Lisímaco Chavarría'),
(2, 2, 1, 4, 'Sabana (parte)'),
(2, 2, 1, 5, 'San José'),
(2, 2, 1, 6, 'Tremedal (parte).'),
(2, 2, 2, 1, 'Arias'),
(2, 2, 2, 2, 'Montserrat.'),
(2, 2, 2, 3, 'Alto Santiago'),
(2, 2, 2, 4, 'Alto Salas'),
(2, 2, 2, 5, 'Angostura'),
(2, 2, 2, 6, 'Balboa'),
(2, 2, 2, 7, 'Cambronero'),
(2, 2, 2, 8, 'Constancia'),
(2, 2, 2, 9, 'Cuesta del Toro'),
(2, 2, 2, 10, 'Empalme'),
(2, 2, 2, 11, 'La Ese'),
(2, 2, 2, 12, 'León'),
(2, 2, 2, 13, 'Magallanes'),
(2, 2, 2, 14, 'Moncada'),
(2, 2, 2, 15, 'Río Jesús.'),
(2, 2, 3, 1, 'Americana'),
(2, 2, 3, 2, 'Bajo Tajos'),
(2, 2, 3, 3, 'Belén'),
(2, 2, 3, 4, 'Cipreses'),
(2, 2, 3, 5, 'Lirios'),
(2, 2, 3, 6, 'Llamarón'),
(2, 2, 3, 7, 'Pueblo Nuevo'),
(2, 2, 3, 8, 'Tanque'),
(2, 2, 3, 9, 'Tejar'),
(2, 2, 3, 10, 'Vicente Badilla.'),
(2, 2, 3, 11, 'Juntas (parte).'),
(2, 2, 4, 1, 'Copán.'),
(2, 2, 4, 2, 'Araya'),
(2, 2, 4, 3, 'Bajo Matamoros (parte)'),
(2, 2, 4, 4, 'Bolívar'),
(2, 2, 4, 5, 'Campos'),
(2, 2, 4, 6, 'Esperanza'),
(2, 2, 4, 7, 'La Paz'),
(2, 2, 4, 8, 'Lomas'),
(2, 2, 4, 9, 'Piedades Noroeste.'),
(2, 2, 5, 1, 'Bajo Barranca'),
(2, 2, 5, 2, 'Barranca'),
(2, 2, 5, 3, 'Bureal'),
(2, 2, 5, 4, 'Carmen'),
(2, 2, 5, 5, 'Chassoul'),
(2, 2, 5, 6, 'Guaria'),
(2, 2, 5, 7, 'Nagatac'),
(2, 2, 5, 8, 'Palma'),
(2, 2, 5, 9, 'Potrerillos'),
(2, 2, 5, 10, 'Quebradillas'),
(2, 2, 5, 11, 'Salvador'),
(2, 2, 5, 12, 'San Bosco'),
(2, 2, 5, 13, 'San Francisco'),
(2, 2, 5, 14, 'San Miguel'),
(2, 2, 5, 15, 'Sardinal'),
(2, 2, 5, 16, 'Socorro.'),
(2, 2, 6, 1, 'Tres Marías'),
(2, 2, 6, 2, 'Unión.'),
(2, 2, 6, 3, 'Alto Llano'),
(2, 2, 6, 4, 'Berlín'),
(2, 2, 6, 5, 'Calera'),
(2, 2, 6, 6, 'Chavarría'),
(2, 2, 6, 7, 'Llano Brenes'),
(2, 2, 6, 8, 'Orlich'),
(2, 2, 6, 9, 'Orozco'),
(2, 2, 6, 10, 'Pata de Gallo'),
(2, 2, 6, 11, 'Rincón de Mora'),
(2, 2, 6, 12, 'Rincón  Orozco'),
(2, 2, 6, 13, 'San Joaquín'),
(2, 2, 6, 14, 'Zamora.'),
(2, 2, 7, 1, 'Progreso'),
(2, 2, 7, 2, 'Bajo Ramírez'),
(2, 2, 7, 3, 'Fernández'),
(2, 2, 7, 4, 'Guaria'),
(2, 2, 7, 5, 'Varela.'),
(2, 2, 8, 1, 'Los Jardines'),
(2, 2, 8, 2, 'Ranchera.'),
(2, 2, 8, 3, 'Ángeles Norte'),
(2, 2, 8, 4, 'Bajo Córdoba'),
(2, 2, 8, 5, 'Bajo Rodríguez'),
(2, 2, 8, 6, 'Balsa'),
(2, 2, 8, 7, 'Cataratas'),
(2, 2, 8, 8, 'Colonia Palmareña'),
(2, 2, 8, 9, 'Coopezamora'),
(2, 2, 8, 10, 'Criques'),
(2, 2, 8, 11, 'Juntas (parte)'),
(2, 2, 8, 12, 'Kooper'),
(2, 2, 8, 13, 'Lagos'),
(2, 2, 8, 14, 'Rocas'),
(2, 2, 8, 15, 'San Jorge'),
(2, 2, 8, 16, 'Silencio');
INSERT INTO `ubicacion_barrio` (`provincia_id`, `canton_id`, `distrito_id`, `barrio_id`, `barrio`) VALUES
(2, 2, 8, 17, 'Valle Azul'),
(2, 2, 8, 18, 'Zuñiga.'),
(2, 2, 9, 1, 'Badilla Alpizar'),
(2, 2, 9, 2, 'Sabana (parte)'),
(2, 2, 9, 3, 'Tremedal (parte).'),
(2, 2, 9, 4, 'Bajo Matamoros (parte)'),
(2, 2, 9, 5, 'Catarata'),
(2, 2, 9, 6, 'San Pedro'),
(2, 2, 9, 7, 'Valverde.'),
(2, 2, 10, 1, 'Alto Villegas'),
(2, 2, 10, 2, 'Bajo Tejares'),
(2, 2, 10, 3, 'Dulce Nombre'),
(2, 2, 10, 4, 'Sifón.'),
(2, 2, 11, 1, 'Cañuela'),
(2, 2, 11, 2, 'Concepción Arriba'),
(2, 2, 11, 3, 'Chaparral'),
(2, 2, 11, 4, 'Pérez.'),
(2, 2, 12, 1, 'Bajo Castillo'),
(2, 2, 12, 2, 'Bajos'),
(2, 2, 12, 3, 'Barranquilla'),
(2, 2, 12, 4, 'Carrera Buena'),
(2, 2, 12, 5, 'Jabonal'),
(2, 2, 12, 6, 'Jabonalito'),
(2, 2, 12, 7, 'Rincón Chaves'),
(2, 2, 12, 8, 'Victoria'),
(2, 2, 12, 9, 'Zapotal (parte).'),
(2, 2, 13, 1, 'Abanico'),
(2, 2, 13, 2, 'Altura'),
(2, 2, 13, 3, 'Bosque'),
(2, 2, 13, 4, 'Burrito'),
(2, 2, 13, 5, 'Cairo'),
(2, 2, 13, 6, 'Castillo (parte)'),
(2, 2, 13, 7, 'Castillo Nuevo'),
(2, 2, 13, 8, 'Colonia Trinidad'),
(2, 2, 13, 9, 'Chachagua'),
(2, 2, 13, 10, 'La Cruz'),
(2, 2, 13, 11, 'Pocosol'),
(2, 2, 13, 12, 'San Carlos'),
(2, 2, 13, 13, 'San Rafael'),
(2, 2, 13, 14, 'Sector Ángeles.'),
(2, 3, 1, 1, 'Carmona'),
(2, 3, 1, 2, 'Chavarría'),
(2, 3, 1, 3, 'Colón'),
(2, 3, 1, 4, 'Jiménez'),
(2, 3, 1, 5, 'Pinos'),
(2, 3, 1, 6, 'Rincón de Arias'),
(2, 3, 1, 7, 'San Antonio'),
(2, 3, 1, 8, 'San Vicente.'),
(2, 3, 1, 9, 'Celina.'),
(2, 3, 2, 1, 'Barrio (Grecia): Primavera.'),
(2, 3, 2, 2, 'Alfaro'),
(2, 3, 2, 3, 'Bajo Achiote'),
(2, 3, 2, 4, 'Camejo'),
(2, 3, 2, 5, 'Coopevictoria'),
(2, 3, 2, 6, 'Corinto'),
(2, 3, 2, 7, 'Higuerones'),
(2, 3, 2, 8, 'Mesón'),
(2, 3, 2, 9, 'Mojón'),
(2, 3, 2, 10, 'Quizarrazal.'),
(2, 3, 3, 1, 'Arena'),
(2, 3, 3, 2, 'Cedro'),
(2, 3, 3, 3, 'Delicias (parte)'),
(2, 3, 3, 4, 'Guayabal (parte)'),
(2, 3, 3, 5, 'Loma'),
(2, 3, 3, 6, 'Rodríguez'),
(2, 3, 3, 7, 'Santa Gertrudis Norte'),
(2, 3, 3, 8, 'Santa Gertrudis Sur.'),
(2, 3, 4, 1, 'Agualote'),
(2, 3, 4, 2, 'Bajo Sapera'),
(2, 3, 4, 3, 'Casillas'),
(2, 3, 4, 4, 'Latino'),
(2, 3, 4, 5, 'San Miguel Arriba.'),
(2, 3, 4, 6, 'Cabuyal'),
(2, 3, 4, 7, 'Carbonal'),
(2, 3, 4, 8, 'Coyotera'),
(2, 3, 4, 9, 'San Miguel.'),
(2, 3, 5, 1, 'Pinto.'),
(2, 3, 5, 2, 'Bodegas'),
(2, 3, 5, 3, 'Cataluña'),
(2, 3, 5, 4, 'Cerdas'),
(2, 3, 5, 5, 'Delicias (parte)'),
(2, 3, 5, 6, 'Flores'),
(2, 3, 5, 7, 'Guayabal (parte)'),
(2, 3, 5, 8, 'Pilas'),
(2, 3, 5, 9, 'Planta'),
(2, 3, 5, 10, 'Porvenir'),
(2, 3, 5, 11, 'Yoses.'),
(2, 3, 6, 1, 'Ángeles Norte'),
(2, 3, 6, 2, 'Bolaños'),
(2, 3, 6, 3, 'Bosque Alegre'),
(2, 3, 6, 4, 'Caño Negro'),
(2, 3, 6, 5, 'Carmen'),
(2, 3, 6, 6, 'Carrizal'),
(2, 3, 6, 7, 'Colonia del Toro'),
(2, 3, 6, 8, 'Crucero'),
(2, 3, 6, 9, 'Flor'),
(2, 3, 6, 10, 'Hule'),
(2, 3, 6, 11, 'La Trinidad'),
(2, 3, 6, 12, 'Laguna'),
(2, 3, 6, 13, 'Lagos'),
(2, 3, 6, 14, 'Merced'),
(2, 3, 6, 15, 'Montelirio'),
(2, 3, 6, 16, 'Naranjales'),
(2, 3, 6, 17, 'Palmar'),
(2, 3, 6, 18, 'Palmera'),
(2, 3, 6, 19, 'Pata de Gallo'),
(2, 3, 6, 20, 'Peoresnada'),
(2, 3, 6, 21, 'Pinar'),
(2, 3, 6, 22, 'Pueblo Nuevo'),
(2, 3, 6, 23, 'San Fernando'),
(2, 3, 6, 24, 'San Gerardo (parte)'),
(2, 3, 6, 25, 'San Jorge'),
(2, 3, 6, 26, 'San José'),
(2, 3, 6, 27, 'San Rafael'),
(2, 3, 6, 28, 'San Vicente'),
(2, 3, 6, 29, 'Santa Isabel'),
(2, 3, 6, 30, 'Santa Rita'),
(2, 3, 6, 31, 'Tabla.'),
(2, 3, 7, 1, '(Grecia): Poró'),
(2, 3, 7, 2, 'Sevilla.'),
(2, 3, 7, 3, 'Altos de Peralta'),
(2, 3, 7, 4, 'Argentina'),
(2, 3, 7, 5, 'Bajo Cedros'),
(2, 3, 7, 6, 'Lomas'),
(2, 3, 7, 7, 'Montezuma'),
(2, 3, 7, 8, 'Puerto Escondido'),
(2, 3, 7, 9, 'Raiceros'),
(2, 3, 7, 10, 'Rincón de Salas'),
(2, 3, 7, 11, 'Rosales.'),
(2, 3, 8, 1, 'Cajón'),
(2, 3, 8, 2, 'Cocobolo'),
(2, 3, 8, 3, 'Murillo'),
(2, 3, 8, 4, 'San Juan'),
(2, 3, 8, 5, 'San Luis'),
(2, 3, 8, 6, 'Virgencita.'),
(2, 4, 1, 1, 'Agua Agria'),
(2, 4, 1, 2, 'Calera'),
(2, 4, 1, 3, 'Cenízaro'),
(2, 4, 1, 4, 'Centeno'),
(2, 4, 1, 5, 'Desamparados'),
(2, 4, 1, 6, 'Dulce Nombre'),
(2, 4, 1, 7, 'Higuito'),
(2, 4, 1, 8, 'Izarco'),
(2, 4, 1, 9, 'Maderal'),
(2, 4, 1, 10, 'Ramadas'),
(2, 4, 1, 11, 'San Juan de Dios.'),
(2, 4, 2, 1, 'Cuesta Colorada'),
(2, 4, 2, 2, 'Libertad'),
(2, 4, 2, 3, 'Quebrada Honda'),
(2, 4, 2, 4, 'Limón'),
(2, 4, 2, 5, 'Patio de Agua Norte'),
(2, 4, 2, 6, 'Sacra Familia'),
(2, 4, 2, 7, 'San Juan Uno'),
(2, 4, 2, 8, 'Zapote.'),
(2, 4, 3, 1, 'Garabito'),
(2, 4, 3, 2, 'Quebrada Grande (parte)'),
(2, 4, 3, 3, 'Quinta.'),
(2, 4, 4, 1, 'Altamira'),
(2, 4, 4, 2, 'Oricuajo'),
(2, 4, 4, 3, 'Poza Redonda'),
(2, 4, 4, 4, 'Quebrada Grande (parte).'),
(2, 5, 1, 1, 'Ángeles'),
(2, 5, 1, 2, 'Atenea'),
(2, 5, 1, 3, 'Boquerón'),
(2, 5, 1, 4, 'Escorpio'),
(2, 5, 1, 5, 'Güizaro'),
(2, 5, 1, 6, 'Oásis'),
(2, 5, 1, 7, 'Olivo.'),
(2, 5, 1, 8, 'Matías.'),
(2, 5, 2, 1, 'Guacalillo'),
(2, 5, 2, 2, 'Sabanalarga'),
(2, 5, 2, 3, 'San Vicente.'),
(2, 5, 2, 4, 'Barroeta'),
(2, 5, 2, 5, 'Boca del Monte'),
(2, 5, 2, 6, 'Cuajiniquil'),
(2, 5, 2, 7, 'Estanquillo'),
(2, 5, 2, 8, 'Pato de Agua (parte).'),
(2, 5, 3, 1, 'Cajón.'),
(2, 5, 3, 2, 'Callao'),
(2, 5, 3, 3, 'Plancillo'),
(2, 5, 3, 4, 'Plazoleta.'),
(2, 5, 4, 1, 'Alto Naranjo'),
(2, 5, 4, 2, 'Bajo Cacao'),
(2, 5, 4, 3, 'Morazán'),
(2, 5, 4, 4, 'Pato de Agua (parte)'),
(2, 5, 4, 5, 'Pavas'),
(2, 5, 4, 6, 'Rincón.'),
(2, 5, 5, 1, 'Río Grande'),
(2, 5, 5, 2, 'Balsa'),
(2, 5, 5, 3, 'Calle Garita'),
(2, 5, 5, 4, 'Coyoles'),
(2, 5, 5, 5, 'Pan de Azúcar'),
(2, 5, 5, 6, 'Tornos.'),
(2, 5, 6, 1, 'Alto Cima'),
(2, 5, 6, 2, 'Alto López'),
(2, 5, 6, 3, 'Legua'),
(2, 5, 6, 4, 'San José Norte'),
(2, 5, 6, 5, 'Torunes'),
(2, 5, 6, 6, 'Vainilla.'),
(2, 5, 7, 1, 'Rincón Rodríguez.'),
(2, 5, 8, 1, 'Cerrillo'),
(2, 5, 8, 2, 'Guácimos'),
(2, 5, 8, 3, 'Kilómetro 51'),
(2, 5, 8, 4, 'Lapas'),
(2, 5, 8, 5, 'Mangos'),
(2, 5, 8, 6, 'Quebradas'),
(2, 5, 8, 7, 'Vuelta Herrera.'),
(2, 6, 1, 1, 'Bajo Pilas'),
(2, 6, 1, 2, 'Belén'),
(2, 6, 1, 3, 'Caña Dura'),
(2, 6, 1, 4, 'Gradas'),
(2, 6, 1, 5, 'María Auxiliadora'),
(2, 6, 1, 6, 'Muro'),
(2, 6, 1, 7, 'Pueblo Nuevo'),
(2, 6, 1, 8, 'Sacramento'),
(2, 6, 1, 9, 'San Lucas (Carmen)'),
(2, 6, 1, 10, 'San Rafael.'),
(2, 6, 1, 11, 'Candelaria'),
(2, 6, 1, 12, 'Cantarrana (parte)'),
(2, 6, 1, 13, 'Cinco Esquinas (parte)'),
(2, 6, 1, 14, 'Ciprés'),
(2, 6, 1, 15, 'Común'),
(2, 6, 1, 16, 'Dulce Nombre.'),
(2, 6, 2, 1, 'Planes.'),
(2, 6, 2, 2, 'Bajo Seevers'),
(2, 6, 2, 3, 'Bajos'),
(2, 6, 2, 4, 'Palmas'),
(2, 6, 2, 5, 'Quesera'),
(2, 6, 2, 6, 'San Francisco'),
(2, 6, 2, 7, 'San Miguel Oeste.'),
(2, 6, 3, 1, 'Barranca'),
(2, 6, 3, 2, 'Cañuela Arriba'),
(2, 6, 3, 3, 'Cuesta Venada'),
(2, 6, 3, 4, 'Desamparados'),
(2, 6, 3, 5, 'Isla'),
(2, 6, 3, 6, 'San Antonio de Barranca'),
(2, 6, 3, 7, 'San Pedro'),
(2, 6, 3, 8, 'Solís (parte)'),
(2, 6, 3, 9, 'Vuelta San Gerardo.'),
(2, 6, 4, 1, 'Bajo Arrieta'),
(2, 6, 4, 2, 'Bajo Valverde'),
(2, 6, 4, 3, 'Bajo Zúñiga'),
(2, 6, 4, 4, 'Cruce'),
(2, 6, 4, 5, 'Isla Cocora'),
(2, 6, 4, 6, 'Lourdes'),
(2, 6, 4, 7, 'Llano Bonito'),
(2, 6, 4, 8, 'Llano Bonito Sur'),
(2, 6, 4, 9, 'Palmita'),
(2, 6, 4, 10, 'Quebrada Honda'),
(2, 6, 4, 11, 'Rincón'),
(2, 6, 4, 12, 'Solís (parte)'),
(2, 6, 4, 13, 'Zapote.'),
(2, 6, 5, 1, 'Puebla'),
(2, 6, 5, 2, 'Robles'),
(2, 6, 5, 3, 'Tacacal.'),
(2, 6, 6, 1, 'Bajo Murciélago'),
(2, 6, 6, 2, 'Cueva'),
(2, 6, 6, 3, 'Guarumal'),
(2, 6, 6, 4, 'Rincón Elizondo'),
(2, 6, 6, 5, 'San Antonio'),
(2, 6, 6, 6, 'Yoses.'),
(2, 6, 7, 1, 'Pérez'),
(2, 6, 7, 2, 'Hornos'),
(2, 6, 7, 3, 'Llano'),
(2, 6, 7, 4, 'Santa Margarita'),
(2, 6, 7, 5, 'Vistas del Valle.'),
(2, 6, 8, 1, 'Alto Murillo'),
(2, 6, 8, 2, 'Alto Palmas'),
(2, 6, 8, 3, 'Cantarrana (parte)'),
(2, 6, 8, 4, 'Cinco Esquinas (parte)'),
(2, 6, 8, 5, 'Concepción'),
(2, 6, 8, 6, 'Roquillo'),
(2, 6, 8, 7, 'San Roque.'),
(2, 7, 1, 1, 'Santa Fe'),
(2, 7, 1, 2, 'San Vicente.'),
(2, 7, 2, 1, 'Cocaleca (parte)'),
(2, 7, 2, 2, 'Quebrada'),
(2, 7, 2, 3, 'Rincón (Quebrada)'),
(2, 7, 2, 4, 'Rincón de Zaragoza'),
(2, 7, 2, 5, 'Vargas'),
(2, 7, 2, 6, 'Vásquez.'),
(2, 7, 3, 1, 'Bajo Cabra'),
(2, 7, 3, 2, 'Barreal'),
(2, 7, 3, 3, 'Tres Marías'),
(2, 7, 3, 4, 'Valle'),
(2, 7, 3, 5, 'Victoria.'),
(2, 7, 3, 6, 'Calle Ramírez.'),
(2, 7, 4, 1, 'Pinos (parte).'),
(2, 7, 5, 1, 'Pinos (parte).'),
(2, 7, 6, 1, 'Calle Roble'),
(2, 7, 6, 2, 'Cocaleca (parte)'),
(2, 7, 6, 3, 'Peraza'),
(2, 7, 6, 4, 'Rincón de Salas.'),
(2, 7, 7, 1, 'Amistad.'),
(2, 8, 1, 1, 'Santa Cecilia (Bajo Piedras)'),
(2, 8, 1, 2, 'Rastro.'),
(2, 8, 1, 3, 'Cerro'),
(2, 8, 1, 4, 'Chilamate'),
(2, 8, 1, 5, 'Hilda'),
(2, 8, 1, 6, 'Sitio (parte)'),
(2, 8, 1, 7, 'Zamora.'),
(2, 8, 2, 1, 'Altura (parte)'),
(2, 8, 2, 2, 'Corazón de Jesús'),
(2, 8, 2, 3, 'Guapinol'),
(2, 8, 2, 4, 'Mastate'),
(2, 8, 2, 5, 'San Juan Norte'),
(2, 8, 2, 6, 'Tablones (parte).'),
(2, 8, 3, 1, 'Bajo Zamora'),
(2, 8, 3, 2, 'Churuca'),
(2, 8, 3, 3, 'Guatuza'),
(2, 8, 3, 4, 'Monte'),
(2, 8, 3, 5, 'Potrero Chiquito'),
(2, 8, 3, 6, 'Santa Rosa'),
(2, 8, 3, 7, 'Sitio (parte)'),
(2, 8, 3, 8, 'Solís'),
(2, 8, 3, 9, 'Tablones (parte)'),
(2, 8, 3, 10, 'Volcán.'),
(2, 8, 4, 1, 'Bajo Barahona'),
(2, 8, 4, 2, 'Cuatro Esquinas'),
(2, 8, 4, 3, 'Santísima Trinidad.'),
(2, 8, 4, 4, 'Carrillos Alto'),
(2, 8, 4, 5, 'Senda'),
(2, 8, 4, 6, 'Sonora.'),
(2, 8, 5, 1, 'Altura (parte)'),
(2, 8, 5, 2, 'Bajos del Tigre.'),
(2, 9, 1, 1, 'Aguacate'),
(2, 9, 1, 2, 'Arboleda'),
(2, 9, 1, 3, 'Carmen'),
(2, 9, 1, 4, 'Cortezal'),
(2, 9, 1, 5, 'Cuatro Esquinas Norte'),
(2, 9, 1, 6, 'Jesús'),
(2, 9, 1, 7, 'Kilómetro'),
(2, 9, 1, 8, 'López'),
(2, 9, 1, 9, 'Miraflores'),
(2, 9, 1, 10, 'Rastro Viejo'),
(2, 9, 1, 11, 'San Rafael'),
(2, 9, 1, 12, 'San Vicente'),
(2, 9, 1, 13, 'Tres Marías'),
(2, 9, 1, 14, 'Villa los Reyes.'),
(2, 9, 1, 15, 'Alto Vindas'),
(2, 9, 1, 16, 'Esperanza'),
(2, 9, 1, 17, 'Tigre.'),
(2, 9, 2, 1, 'Cuatro Esquinas Este'),
(2, 9, 2, 2, 'Piedra Azul.'),
(2, 9, 2, 3, 'Guayabal.'),
(2, 9, 3, 1, 'Marichal'),
(2, 9, 3, 2, 'Concepción'),
(2, 9, 3, 3, 'Dantas.'),
(2, 9, 4, 1, 'Corazón de María.'),
(2, 9, 4, 2, 'Bajos del Coyote'),
(2, 9, 4, 3, 'Cebadilla'),
(2, 9, 4, 4, 'Guápiles'),
(2, 9, 4, 5, 'Limonal'),
(2, 9, 4, 6, 'Mangos'),
(2, 9, 4, 7, 'Mollejones'),
(2, 9, 4, 8, 'Piedras de Fuego'),
(2, 9, 4, 9, 'Pozón'),
(2, 9, 4, 10, 'San Jerónimo'),
(2, 9, 4, 11, 'Santa Rita.'),
(2, 9, 5, 1, 'Angostura Matamoros'),
(2, 9, 5, 2, 'Cascajal'),
(2, 9, 5, 3, 'Cuesta Pitahaya'),
(2, 9, 5, 4, 'Guácimo'),
(2, 9, 5, 5, 'Hidalgo'),
(2, 9, 5, 6, 'Kilómetro 81'),
(2, 9, 5, 7, 'Machuca'),
(2, 9, 5, 8, 'Matamoros'),
(2, 9, 5, 9, 'Túnel'),
(2, 9, 5, 10, 'Uvita'),
(2, 9, 5, 11, 'Zapote.'),
(2, 10, 1, 1, 'Alto Cruz'),
(2, 10, 1, 2, 'Ana Mercedes'),
(2, 10, 1, 3, 'Ángeles'),
(2, 10, 1, 4, 'Arco Iris'),
(2, 10, 1, 5, 'Bajo Los Arce'),
(2, 10, 1, 6, 'Bajo Lourdes'),
(2, 10, 1, 7, 'Baltazar Quesada'),
(2, 10, 1, 8, 'Bellavista'),
(2, 10, 1, 9, 'Carmen'),
(2, 10, 1, 10, 'Casilda Matamoros'),
(2, 10, 1, 11, 'Cementerio'),
(2, 10, 1, 12, 'Coocique'),
(2, 10, 1, 13, 'Colina 1'),
(2, 10, 1, 14, 'Colina 2'),
(2, 10, 1, 15, 'Corazón de Jesús'),
(2, 10, 1, 16, 'Corobicí'),
(2, 10, 1, 17, 'Don Victorino'),
(2, 10, 1, 18, 'El Campo'),
(2, 10, 1, 19, 'Gamonales'),
(2, 10, 1, 20, 'Guadalupe'),
(2, 10, 1, 21, 'La Cruz'),
(2, 10, 1, 22, 'La Leila'),
(2, 10, 1, 23, 'La Margarita'),
(2, 10, 1, 24, 'La Roca'),
(2, 10, 1, 25, 'La Torre'),
(2, 10, 1, 26, 'Los Abuelos'),
(2, 10, 1, 27, 'Lomas del Norte'),
(2, 10, 1, 28, 'Lutz'),
(2, 10, 1, 29, 'Meco'),
(2, 10, 1, 30, 'Mercedes'),
(2, 10, 1, 31, 'Peje'),
(2, 10, 1, 32, 'San Antonio'),
(2, 10, 1, 33, 'San Gerardo'),
(2, 10, 1, 34, 'San Martín'),
(2, 10, 1, 35, 'San Pablo'),
(2, 10, 1, 36, 'San Roque'),
(2, 10, 1, 37, 'Santa Fe'),
(2, 10, 1, 38, 'Selva Verde'),
(2, 10, 1, 39, 'Unión'),
(2, 10, 1, 40, 'Villarreal.'),
(2, 10, 1, 41, 'Abundancia'),
(2, 10, 1, 42, 'Brumas'),
(2, 10, 1, 43, 'Calle Guerrero'),
(2, 10, 1, 44, 'San Ramón (Cariblanca)'),
(2, 10, 1, 45, 'Cedral Norte'),
(2, 10, 1, 46, 'Cedral Sur'),
(2, 10, 1, 47, 'Colón'),
(2, 10, 1, 48, 'Dulce Nombre'),
(2, 10, 1, 49, 'Leones'),
(2, 10, 1, 50, 'Lindavista'),
(2, 10, 1, 51, 'Manzanos'),
(2, 10, 1, 52, 'Montañitas'),
(2, 10, 1, 53, 'Palmas'),
(2, 10, 1, 54, 'Porvenir'),
(2, 10, 1, 55, 'San Juan (Quebrada Palo)'),
(2, 10, 1, 56, 'Ronrón Abajo'),
(2, 10, 1, 57, 'Ronrón Arriba'),
(2, 10, 1, 58, 'San Isidro'),
(2, 10, 1, 59, 'San José de la Montaña'),
(2, 10, 1, 60, 'San Luis'),
(2, 10, 1, 61, 'San Rafael'),
(2, 10, 1, 62, 'San Vicente'),
(2, 10, 1, 63, 'Sucre'),
(2, 10, 1, 64, 'Tesalia.'),
(2, 10, 2, 1, 'Alto Gloria'),
(2, 10, 2, 2, 'Aquilea (San Francisco)'),
(2, 10, 2, 3, 'Bonanza'),
(2, 10, 2, 4, 'Caimitos'),
(2, 10, 2, 5, 'Chaparral'),
(2, 10, 2, 6, 'Cuestillas'),
(2, 10, 2, 7, 'Jabillos (parte)'),
(2, 10, 2, 8, 'Molino'),
(2, 10, 2, 9, 'Muelle de San Carlos'),
(2, 10, 2, 10, 'Pejeviejo'),
(2, 10, 2, 11, 'Pénjamo'),
(2, 10, 2, 12, 'Platanar'),
(2, 10, 2, 13, 'Puente Casa'),
(2, 10, 2, 14, 'Puerto Escondido'),
(2, 10, 2, 15, 'Quebrada Azul'),
(2, 10, 2, 16, 'San Juan'),
(2, 10, 2, 17, 'San Luis'),
(2, 10, 2, 18, 'San Rafael'),
(2, 10, 2, 19, 'Santa Clara'),
(2, 10, 2, 20, 'Santa María'),
(2, 10, 2, 21, 'Santa Rita'),
(2, 10, 2, 22, 'Sapera'),
(2, 10, 2, 23, 'Ulima'),
(2, 10, 2, 24, 'Vega'),
(2, 10, 2, 25, 'Vieja.'),
(2, 10, 3, 1, 'Culebra'),
(2, 10, 3, 2, 'Quina (parte)'),
(2, 10, 3, 3, 'San Antonio'),
(2, 10, 3, 4, 'San Bosco.'),
(2, 10, 4, 1, 'Latino'),
(2, 10, 4, 2, 'Manantial'),
(2, 10, 4, 3, 'Montecristo'),
(2, 10, 4, 4, 'Nazareth'),
(2, 10, 4, 5, 'San Bosco'),
(2, 10, 4, 6, 'San Gerardo Viento Fresco'),
(2, 10, 4, 7, 'Vistas de la Llanura.'),
(2, 10, 4, 8, 'Altamira'),
(2, 10, 4, 9, 'Alto Jiménez (Montecristo)'),
(2, 10, 4, 10, 'Bijagual'),
(2, 10, 4, 11, 'Boca los Chiles'),
(2, 10, 4, 12, 'Cantarrana (Santa Fe)'),
(2, 10, 4, 13, 'Coopesanjuan'),
(2, 10, 4, 14, 'Caño Negro'),
(2, 10, 4, 15, 'Cerrito'),
(2, 10, 4, 16, 'Cerro Cortés'),
(2, 10, 4, 17, 'Concepción'),
(2, 10, 4, 18, 'Chiles'),
(2, 10, 4, 19, 'Danta'),
(2, 10, 4, 20, 'Delicias'),
(2, 10, 4, 21, 'Faroles'),
(2, 10, 4, 22, 'Gloria'),
(2, 10, 4, 23, 'Guabo'),
(2, 10, 4, 24, 'Llanos de Altamirita'),
(2, 10, 4, 25, 'Pitalito Norte (Esquipulas)'),
(2, 10, 4, 26, 'Pitalito'),
(2, 10, 4, 27, 'San José'),
(2, 10, 4, 28, 'Valle Hermoso'),
(2, 10, 4, 29, 'Vasconia'),
(2, 10, 4, 30, 'Vuelta de Kooper.'),
(2, 10, 5, 1, 'Carmen'),
(2, 10, 5, 2, 'Corazón de Jesús'),
(2, 10, 5, 3, 'El Ceibo'),
(2, 10, 5, 4, 'Jardín'),
(2, 10, 5, 5, 'La Gloria.'),
(2, 10, 5, 6, 'Alpes'),
(2, 10, 5, 7, 'Brisas'),
(2, 10, 5, 8, 'Buenos Aires'),
(2, 10, 5, 9, 'Guayabo'),
(2, 10, 5, 10, 'Latas'),
(2, 10, 5, 11, 'Marsella'),
(2, 10, 5, 12, 'Mesén'),
(2, 10, 5, 13, 'Nazareth'),
(2, 10, 5, 14, 'Negritos'),
(2, 10, 5, 15, 'Paraíso'),
(2, 10, 5, 16, 'Pueblo Viejo'),
(2, 10, 5, 17, 'San Cayetano'),
(2, 10, 5, 18, 'San Martín'),
(2, 10, 5, 19, 'Unión.'),
(2, 10, 6, 1, 'Bosque'),
(2, 10, 6, 2, 'Comarca'),
(2, 10, 6, 3, 'San Cristóbal.'),
(2, 10, 6, 4, 'Ángeles'),
(2, 10, 6, 5, 'Boca Sahíno'),
(2, 10, 6, 6, 'Boca Tapada'),
(2, 10, 6, 7, 'Boca Tres Amigos'),
(2, 10, 6, 8, 'Cabra'),
(2, 10, 6, 9, 'Canacas'),
(2, 10, 6, 10, 'Caño Chu'),
(2, 10, 6, 11, 'Cerro Blanco (San Marcos)'),
(2, 10, 6, 12, 'Cuatro Esquinas'),
(2, 10, 6, 13, 'Chaparrón'),
(2, 10, 6, 14, 'Chirivico (Coopeisabel)'),
(2, 10, 6, 15, 'Encanto'),
(2, 10, 6, 16, 'Fama (Carmen)'),
(2, 10, 6, 17, 'Flor'),
(2, 10, 6, 18, 'I Griega'),
(2, 10, 6, 19, 'Josefina'),
(2, 10, 6, 20, 'Legua'),
(2, 10, 6, 21, 'Ojoche'),
(2, 10, 6, 22, 'Ojochito'),
(2, 10, 6, 23, 'Palmar'),
(2, 10, 6, 24, 'Pegón'),
(2, 10, 6, 25, 'Piedra Alegre'),
(2, 10, 6, 26, 'Puerto Escondido'),
(2, 10, 6, 27, 'Quebrada Grande'),
(2, 10, 6, 28, 'Sahíno'),
(2, 10, 6, 29, 'San Luis'),
(2, 10, 6, 30, 'Santa Elena'),
(2, 10, 6, 31, 'Tigre'),
(2, 10, 6, 32, 'Trinchera'),
(2, 10, 6, 33, 'Vegas'),
(2, 10, 6, 34, 'Veracrúz'),
(2, 10, 6, 35, 'Vuelta Bolsón (parte)'),
(2, 10, 6, 36, 'Vuelta Tablón'),
(2, 10, 6, 37, 'Yucatán.'),
(2, 10, 7, 1, 'Agua Azul'),
(2, 10, 7, 2, 'Alamo'),
(2, 10, 7, 3, 'Ángeles'),
(2, 10, 7, 4, 'Burío'),
(2, 10, 7, 5, 'Castillo (parte)'),
(2, 10, 7, 6, 'Guaria'),
(2, 10, 7, 7, 'El Campo (Guayabal)'),
(2, 10, 7, 8, 'Jilguero'),
(2, 10, 7, 9, 'Llano Verde'),
(2, 10, 7, 10, 'Orquídeas'),
(2, 10, 7, 11, 'Palma'),
(2, 10, 7, 12, 'Perla'),
(2, 10, 7, 13, 'San Isidro'),
(2, 10, 7, 14, 'San Jorge'),
(2, 10, 7, 15, 'Santa Eduviges'),
(2, 10, 7, 16, 'Sonafluca'),
(2, 10, 7, 17, 'Tanque'),
(2, 10, 7, 18, 'Tres Esquinas'),
(2, 10, 7, 19, 'Zeta Trece.'),
(2, 10, 8, 1, 'Ángeles'),
(2, 10, 8, 2, 'Palmas.'),
(2, 10, 8, 3, 'Cerritos'),
(2, 10, 8, 4, 'Esperanza'),
(2, 10, 8, 5, 'Futuro'),
(2, 10, 8, 6, 'Jabillos (parte)'),
(2, 10, 8, 7, 'Lucha'),
(2, 10, 8, 8, 'San Gerardo'),
(2, 10, 8, 9, 'San Isidro'),
(2, 10, 8, 10, 'San José'),
(2, 10, 8, 11, 'San Miguel'),
(2, 10, 8, 12, 'San Pedro'),
(2, 10, 8, 13, 'San Rafael.'),
(2, 10, 9, 1, 'Altura'),
(2, 10, 9, 2, 'Calle Damas'),
(2, 10, 9, 3, 'Corea (Concepción)'),
(2, 10, 9, 4, 'Corte'),
(2, 10, 9, 5, 'Loma'),
(2, 10, 9, 6, 'Lourdes'),
(2, 10, 9, 7, 'Marina'),
(2, 10, 9, 8, 'Marinita'),
(2, 10, 9, 9, 'San Rafael'),
(2, 10, 9, 10, 'San Rafael Sur'),
(2, 10, 9, 11, 'Santa Rosa'),
(2, 10, 9, 12, 'Surtubal'),
(2, 10, 9, 13, 'Unión'),
(2, 10, 9, 14, 'Vacablanca (San Francisco)'),
(2, 10, 9, 15, 'Villa María.'),
(2, 10, 10, 1, 'Altamirita'),
(2, 10, 10, 2, 'Alto Blanca Lucía'),
(2, 10, 10, 3, 'Burío'),
(2, 10, 10, 4, 'Cacao'),
(2, 10, 10, 5, 'Delicias'),
(2, 10, 10, 6, 'Esperanza'),
(2, 10, 10, 7, 'Jicarito'),
(2, 10, 10, 8, 'Lindavista'),
(2, 10, 10, 9, 'Poma (parte)'),
(2, 10, 10, 10, 'Puerto Seco'),
(2, 10, 10, 11, 'San Isidro'),
(2, 10, 10, 12, 'Santa Eulalia (parte)'),
(2, 10, 10, 13, 'Santa Lucía'),
(2, 10, 10, 14, 'Tigra.'),
(2, 10, 11, 1, 'Almendros'),
(2, 10, 11, 2, 'Bellavista'),
(2, 10, 11, 3, 'Betania'),
(2, 10, 11, 4, 'Boca de San Carlos'),
(2, 10, 11, 5, 'Boca Providencia (parte)'),
(2, 10, 11, 6, 'Cabeceras de Aguas Zarquitas'),
(2, 10, 11, 7, 'Carmen'),
(2, 10, 11, 8, 'Cascada'),
(2, 10, 11, 9, 'Castelmare'),
(2, 10, 11, 10, 'Cocobolo'),
(2, 10, 11, 11, 'Coopevega'),
(2, 10, 11, 12, 'Corazón de Jesús'),
(2, 10, 11, 13, 'Crucitas'),
(2, 10, 11, 14, 'Chamorrito'),
(2, 10, 11, 15, 'Chamorro'),
(2, 10, 11, 16, 'Chorreras'),
(2, 10, 11, 17, 'Hebrón'),
(2, 10, 11, 18, 'Isla del Cura'),
(2, 10, 11, 19, 'Isla Pobres'),
(2, 10, 11, 20, 'Isla Sábalo'),
(2, 10, 11, 21, 'Jardín'),
(2, 10, 11, 22, 'Kopper'),
(2, 10, 11, 23, 'La Cajeta'),
(2, 10, 11, 24, 'Laurel Galán'),
(2, 10, 11, 25, 'Limoncito'),
(2, 10, 11, 26, 'Moravia'),
(2, 10, 11, 27, 'Patastillo'),
(2, 10, 11, 28, 'Pueblo Nuevo'),
(2, 10, 11, 29, 'Recreo'),
(2, 10, 11, 30, 'Río Tico'),
(2, 10, 11, 31, 'Roble'),
(2, 10, 11, 32, 'San Antonio'),
(2, 10, 11, 33, 'San Fernando'),
(2, 10, 11, 34, 'San Francisco'),
(2, 10, 11, 35, 'San Joaquín'),
(2, 10, 11, 36, 'San Jorge'),
(2, 10, 11, 37, 'San José'),
(2, 10, 11, 38, 'San Marcos'),
(2, 10, 11, 39, 'Santa Rita'),
(2, 10, 11, 40, 'Santa Teresa'),
(2, 10, 11, 41, 'San Vito'),
(2, 10, 11, 42, 'Tabla Grande (San Pedro)'),
(2, 10, 11, 43, 'Terrón Colorado (parte)'),
(2, 10, 11, 44, 'Ventanas'),
(2, 10, 11, 45, 'Vuelta Bolsón (parte)'),
(2, 10, 11, 46, 'Vuelta Millonarios'),
(2, 10, 11, 47, 'Vuelta Ruedas.'),
(2, 10, 12, 1, 'Pericos.'),
(2, 10, 12, 2, 'Bajillo'),
(2, 10, 12, 3, 'Caño Ciego'),
(2, 10, 12, 4, 'Cedros'),
(2, 10, 12, 5, 'Chambacú'),
(2, 10, 12, 6, 'Delicias'),
(2, 10, 12, 7, 'La Unión'),
(2, 10, 12, 8, 'Maquencal'),
(2, 10, 12, 9, 'Mirador'),
(2, 10, 12, 10, 'Montelimar'),
(2, 10, 12, 11, 'Monterrey'),
(2, 10, 12, 12, 'Orquídea'),
(2, 10, 12, 13, 'Pataste Arriba'),
(2, 10, 12, 14, 'Sabalito'),
(2, 10, 12, 15, 'San Andrés'),
(2, 10, 12, 16, 'San Antonio'),
(2, 10, 12, 17, 'San Cristóbal'),
(2, 10, 12, 18, 'San Miguel'),
(2, 10, 12, 19, 'Santa Eulalia (parte)'),
(2, 10, 12, 20, 'Santa Marta.'),
(2, 10, 13, 1, 'Fátima'),
(2, 10, 13, 2, 'Parajeles'),
(2, 10, 13, 3, 'Tres Perlas'),
(2, 10, 13, 4, 'Valle Hermoso.'),
(2, 10, 13, 5, 'Acapulco'),
(2, 10, 13, 6, 'Aldea'),
(2, 10, 13, 7, 'Ángeles'),
(2, 10, 13, 8, 'Azucena'),
(2, 10, 13, 9, 'Banderas'),
(2, 10, 13, 10, 'Boca Providencia (parte)'),
(2, 10, 13, 11, 'Brisas'),
(2, 10, 13, 12, 'Buenavista'),
(2, 10, 13, 13, 'Buenos Aires'),
(2, 10, 13, 14, 'Carrizal'),
(2, 10, 13, 15, 'Ceiba'),
(2, 10, 13, 16, 'Conchito'),
(2, 10, 13, 17, 'Concho'),
(2, 10, 13, 18, 'Cuatro Esquinas'),
(2, 10, 13, 19, 'Esterito'),
(2, 10, 13, 20, 'Estero'),
(2, 10, 13, 21, 'Estrella'),
(2, 10, 13, 22, 'Guaria'),
(2, 10, 13, 23, 'Jazmín'),
(2, 10, 13, 24, 'Jocote'),
(2, 10, 13, 25, 'Juanilama'),
(2, 10, 13, 26, 'Luisa'),
(2, 10, 13, 27, 'Llano Verde'),
(2, 10, 13, 28, 'Morazán'),
(2, 10, 13, 29, 'Nieves'),
(2, 10, 13, 30, 'Paraíso'),
(2, 10, 13, 31, 'Paso Real'),
(2, 10, 13, 32, 'Plomo'),
(2, 10, 13, 33, 'Pocosol'),
(2, 10, 13, 34, 'Providencia (San Luis)'),
(2, 10, 13, 35, 'Pueblo Nuevo'),
(2, 10, 13, 36, 'Pueblo Santo'),
(2, 10, 13, 37, 'Rancho Quemado'),
(2, 10, 13, 38, 'Rubí'),
(2, 10, 13, 39, 'San Alejo'),
(2, 10, 13, 40, 'San Bosco'),
(2, 10, 13, 41, 'San Cristobal'),
(2, 10, 13, 42, 'San Diego'),
(2, 10, 13, 43, 'San Gerardo'),
(2, 10, 13, 44, 'San Isidro'),
(2, 10, 13, 45, 'San Martín'),
(2, 10, 13, 46, 'San Rafael'),
(2, 10, 13, 47, 'Santa Cecilia'),
(2, 10, 13, 48, 'Santa Esperanza'),
(2, 10, 13, 49, 'Santa María'),
(2, 10, 13, 50, 'Terrón Colorado (parte)'),
(2, 10, 13, 51, 'Tiricias'),
(2, 10, 13, 52, 'Tres y Tres.'),
(2, 11, 1, 1, 'Cantarranas'),
(2, 11, 1, 2, 'Santa Teresita.'),
(2, 11, 2, 1, 'Peña.'),
(2, 11, 4, 1, 'Anateri'),
(2, 11, 4, 2, 'Bellavista'),
(2, 11, 4, 3, 'Morelos.'),
(2, 11, 5, 1, 'Picada.'),
(2, 11, 6, 1, 'Quina (parte)'),
(2, 11, 6, 2, 'San Juan de Lajas'),
(2, 11, 6, 3, 'Santa Elena.'),
(2, 11, 7, 1, 'Ángeles'),
(2, 11, 7, 2, 'Brisa'),
(2, 11, 7, 3, 'Legua.'),
(2, 12, 1, 1, 'Ángeles'),
(2, 12, 1, 2, 'Bajo Raimundo'),
(2, 12, 1, 3, 'Canto'),
(2, 12, 1, 4, 'Eva'),
(2, 12, 1, 5, 'Luisa'),
(2, 12, 1, 6, 'San Rafael (Rincón Colorado)'),
(2, 12, 1, 7, 'Sahinal.'),
(2, 12, 2, 1, 'Alto Castro'),
(2, 12, 2, 0, 'Bajo Trapiche'),
(2, 12, 2, 2, 'Coopeoctava'),
(2, 12, 2, 0, 'Ranera.'),
(2, 12, 2, 3, 'Ratoncillal'),
(2, 12, 2, 4, 'Rincón de Alpízar'),
(2, 12, 2, 5, 'Rincón de Ulate'),
(2, 12, 2, 6, 'San Miguel.'),
(2, 12, 3, 1, 'Alto Palomo.'),
(2, 12, 4, 1, 'Castro'),
(2, 12, 4, 2, 'Concha'),
(2, 12, 4, 3, 'Pueblo Seco'),
(2, 12, 4, 4, 'Talolinga'),
(2, 12, 4, 5, 'Trojas.'),
(2, 12, 5, 1, 'Bambú'),
(2, 12, 5, 2, 'Sabanilla.'),
(2, 13, 1, 1, 'Don Chu'),
(2, 13, 1, 2, 'La Unión'),
(2, 13, 1, 3, 'Las Palmas'),
(2, 13, 1, 4, 'Venecia.'),
(2, 13, 1, 5, 'Ángeles (parte)'),
(2, 13, 1, 6, 'Carmen'),
(2, 13, 1, 7, 'Colonia Puntarenas'),
(2, 13, 1, 8, 'Corteza'),
(2, 13, 1, 9, 'Fósforo'),
(2, 13, 1, 10, 'Jazmines'),
(2, 13, 1, 11, 'Llano Azul'),
(2, 13, 1, 12, 'Maravilla'),
(2, 13, 1, 13, 'Miravalles'),
(2, 13, 1, 14, 'Moreno Cañas'),
(2, 13, 1, 15, 'Recreo'),
(2, 13, 1, 16, 'San Fernando'),
(2, 13, 1, 17, 'San Luis'),
(2, 13, 1, 18, 'San Martín'),
(2, 13, 1, 19, 'Santa Cecilia'),
(2, 13, 1, 20, 'Santa Rosa'),
(2, 13, 1, 21, 'Verbena (parte).'),
(2, 13, 2, 1, 'Ceiba'),
(2, 13, 2, 2, 'Golfo'),
(2, 13, 2, 3, 'Porras.'),
(2, 13, 2, 4, 'Aguas Claras'),
(2, 13, 2, 5, 'Buenos Aires'),
(2, 13, 2, 6, 'Colonia Blanca'),
(2, 13, 2, 7, 'Colonia Libertad'),
(2, 13, 2, 8, 'Cuatro Bocas'),
(2, 13, 2, 9, 'Chepa (Ángeles)'),
(2, 13, 2, 10, 'Guayabal'),
(2, 13, 2, 11, 'Guinea'),
(2, 13, 2, 12, 'La Gloria'),
(2, 13, 2, 13, 'Porvenir'),
(2, 13, 2, 14, 'Río Negro'),
(2, 13, 2, 15, 'Tigra'),
(2, 13, 2, 16, 'Torre'),
(2, 13, 2, 17, 'Vuelta San Pedro.'),
(2, 13, 3, 1, 'Camelias'),
(2, 13, 3, 2, 'Líbano (Finanzas)'),
(2, 13, 3, 3, 'Nazareno.'),
(2, 13, 3, 4, 'Ángeles (parte)'),
(2, 13, 3, 5, 'Betania'),
(2, 13, 3, 6, 'Caño Blanco'),
(2, 13, 3, 7, 'Cartagos Norte'),
(2, 13, 3, 8, 'Cartagos Sur'),
(2, 13, 3, 9, 'Copey (Santa Lucía)'),
(2, 13, 3, 10, 'Delirio'),
(2, 13, 3, 11, 'Fátima'),
(2, 13, 3, 12, 'Jesús María'),
(2, 13, 3, 13, 'Linda Vista'),
(2, 13, 3, 14, 'Mango'),
(2, 13, 3, 15, 'Papagayo'),
(2, 13, 3, 16, 'Pinol'),
(2, 13, 3, 17, 'Pizotillo'),
(2, 13, 3, 18, 'Popoyuapa'),
(2, 13, 3, 19, 'Progreso'),
(2, 13, 3, 20, 'Pueblo Nuevo'),
(2, 13, 3, 21, 'San Bosco'),
(2, 13, 3, 22, 'San Pedro'),
(2, 13, 3, 23, 'San Ramón'),
(2, 13, 3, 24, 'Santa Clara Norte (parte)'),
(2, 13, 3, 25, 'Unión'),
(2, 13, 3, 26, 'Valle'),
(2, 13, 3, 27, 'Valle Bonito'),
(2, 13, 3, 28, 'Victoria (parte)'),
(2, 13, 3, 29, 'Villahermosa'),
(2, 13, 3, 30, 'Villanueva.'),
(2, 13, 4, 1, 'Altamira'),
(2, 13, 4, 2, 'Carlos Vargas.'),
(2, 13, 4, 3, 'Ángeles'),
(2, 13, 4, 4, 'Achiote'),
(2, 13, 4, 5, 'Cuesta Pichardo'),
(2, 13, 4, 6, 'Chorros'),
(2, 13, 4, 7, 'Florecitas'),
(2, 13, 4, 8, 'Flores'),
(2, 13, 4, 9, 'Higuerón'),
(2, 13, 4, 10, 'Jardín'),
(2, 13, 4, 11, 'Macho'),
(2, 13, 4, 12, 'Pata de Gallo (San Cristobal) (parte)'),
(2, 13, 4, 13, 'Pueblo Nuevo'),
(2, 13, 4, 14, 'Reserva'),
(2, 13, 4, 15, 'San Miguel'),
(2, 13, 4, 16, 'Santo Domingo'),
(2, 13, 4, 17, 'Zapote.'),
(2, 13, 5, 1, 'Camelias'),
(2, 13, 5, 2, 'La Cruz'),
(2, 13, 5, 3, 'México'),
(2, 13, 5, 4, 'Mocorón'),
(2, 13, 5, 5, 'Pavas'),
(2, 13, 5, 6, 'Perla'),
(2, 13, 5, 7, 'Quebradón'),
(2, 13, 5, 8, 'Santa Clara Norte (parte)'),
(2, 13, 5, 9, 'Santa Clara Sur'),
(2, 13, 5, 10, 'Trapiche'),
(2, 13, 5, 11, 'Victoria (parte).'),
(2, 13, 6, 1, 'Birmania'),
(2, 13, 6, 2, 'Brasilia'),
(2, 13, 6, 3, 'Colonia'),
(2, 13, 6, 4, 'Gavilán'),
(2, 13, 6, 5, 'Jabalina'),
(2, 13, 6, 6, 'Progreso'),
(2, 13, 6, 7, 'San Luis.'),
(2, 13, 7, 1, 'Cabanga'),
(2, 13, 7, 2, 'Campo Verde'),
(2, 13, 7, 3, 'Carmen'),
(2, 13, 7, 4, 'Cinco Esquinas'),
(2, 13, 7, 5, 'Chimurria Abajo'),
(2, 13, 7, 6, 'Flores'),
(2, 13, 7, 7, 'Jobo'),
(2, 13, 7, 8, 'Montecristo'),
(2, 13, 7, 9, 'Nazareth'),
(2, 13, 7, 10, 'Quebrada Grande'),
(2, 13, 7, 11, 'San Gabriel'),
(2, 13, 7, 12, 'San Jorge'),
(2, 13, 7, 13, 'Socorro'),
(2, 13, 7, 14, 'Virgen'),
(2, 13, 7, 15, 'Yolillal (San Antonio).'),
(2, 13, 8, 1, 'Armenias'),
(2, 13, 8, 2, 'Las Brisas'),
(2, 13, 8, 3, 'Buenavista'),
(2, 13, 8, 4, 'Cuatro Cruces'),
(2, 13, 8, 5, 'Guacalito'),
(2, 13, 8, 6, 'Milpas'),
(2, 13, 8, 7, 'Miramar'),
(2, 13, 8, 8, 'Pata de Gallo (San Cristóbal) (parte)'),
(2, 13, 8, 9, 'Rosario'),
(2, 13, 8, 10, 'Verbena (parte).'),
(2, 14, 1, 1, 'Loma'),
(2, 14, 1, 2, 'Portón.'),
(2, 14, 1, 3, 'Arco Iris'),
(2, 14, 1, 4, 'Berlín'),
(2, 14, 1, 5, 'Brisas'),
(2, 14, 1, 6, 'Buenos Aires'),
(2, 14, 1, 7, 'Cabro'),
(2, 14, 1, 8, 'Cachito'),
(2, 14, 1, 9, 'Caña Castilla'),
(2, 14, 1, 10, 'Combate'),
(2, 14, 1, 11, 'Coquital'),
(2, 14, 1, 12, 'Cristo Rey'),
(2, 14, 1, 13, 'Cuacas'),
(2, 14, 1, 14, 'Cuatro Esquinas'),
(2, 14, 1, 15, 'Delicias'),
(2, 14, 1, 16, 'El Cruce'),
(2, 14, 1, 17, 'Escaleras'),
(2, 14, 1, 18, 'Esperanza'),
(2, 14, 1, 19, 'Estrella'),
(2, 14, 1, 20, 'Hernández'),
(2, 14, 1, 21, 'Isla Chica'),
(2, 14, 1, 22, 'Las Nubes'),
(2, 14, 1, 23, 'Maramba'),
(2, 14, 1, 24, 'Masaya'),
(2, 14, 1, 25, 'Medio Queso'),
(2, 14, 1, 26, 'Parque'),
(2, 14, 1, 27, 'Playuelitas'),
(2, 14, 1, 28, 'Primavera'),
(2, 14, 1, 29, 'Pueblo Nuevo'),
(2, 14, 1, 30, 'Punta Cortés'),
(2, 14, 1, 31, 'Rampla'),
(2, 14, 1, 32, 'Refugio'),
(2, 14, 1, 33, 'Roble'),
(2, 14, 1, 34, 'San Alejandro'),
(2, 14, 1, 35, 'San Gerardo'),
(2, 14, 1, 36, 'San Jerónimo'),
(2, 14, 1, 37, 'San Pablo'),
(2, 14, 1, 38, 'Santa Elena'),
(2, 14, 1, 39, 'Santa Fe'),
(2, 14, 1, 40, 'Santa Rita'),
(2, 14, 1, 41, 'Santa Rosa'),
(2, 14, 1, 42, 'Solanos'),
(2, 14, 1, 43, 'Trocha'),
(2, 14, 1, 44, 'Virgen.'),
(2, 14, 2, 1, 'Aguas Negras'),
(2, 14, 2, 2, 'Islas Cubas'),
(2, 14, 2, 3, 'Nueva Esperanza'),
(2, 14, 2, 4, 'Pilones'),
(2, 14, 2, 5, 'Playuelas'),
(2, 14, 2, 6, 'Porvenir'),
(2, 14, 2, 7, 'San Antonio'),
(2, 14, 2, 8, 'San Emilio'),
(2, 14, 2, 9, 'Veracruz.'),
(2, 14, 3, 1, 'Alto los Reyes'),
(2, 14, 3, 2, 'Caño Ciego'),
(2, 14, 3, 3, 'Cóbano'),
(2, 14, 3, 4, 'Corozo'),
(2, 14, 3, 5, 'Corrales'),
(2, 14, 3, 6, 'Coyol'),
(2, 14, 3, 7, 'Dos Aguas'),
(2, 14, 3, 8, 'Gallito'),
(2, 14, 3, 9, 'Gallo Pinto (parte)'),
(2, 14, 3, 10, 'Montealegre'),
(2, 14, 3, 11, 'Nueva Lucha'),
(2, 14, 3, 12, 'Pavón'),
(2, 14, 3, 13, 'Quebrada Grande'),
(2, 14, 3, 14, 'Sabogal'),
(2, 14, 3, 15, 'San Antonio'),
(2, 14, 3, 16, 'San Francisco'),
(2, 14, 3, 17, 'San Isidro'),
(2, 14, 3, 18, 'San José del Amparo'),
(2, 14, 3, 19, 'San Macario'),
(2, 14, 3, 20, 'Santa Cecilia'),
(2, 14, 3, 21, 'Trinidad'),
(2, 14, 3, 22, 'Vasconia.'),
(2, 14, 4, 1, 'Botijo'),
(2, 14, 4, 2, 'Chimurria'),
(2, 14, 4, 3, 'Colonia París'),
(2, 14, 4, 4, 'Coquitales'),
(2, 14, 4, 5, 'Gallo Pinto (Parte)'),
(2, 14, 4, 6, 'Lirios'),
(2, 14, 4, 7, 'Lucha'),
(2, 14, 4, 8, 'Montealegre (Parte)'),
(2, 14, 4, 9, 'Pueblo Nuevo'),
(2, 14, 4, 10, 'San Humberto'),
(2, 14, 4, 11, 'San Isidro'),
(2, 14, 4, 12, 'San Jorge'),
(2, 14, 4, 13, 'San Rafael'),
(2, 14, 4, 14, 'Terranova'),
(2, 14, 4, 15, 'Tigra'),
(2, 14, 4, 16, 'Zamba.'),
(2, 15, 2, 1, 'Cabaña (parte)'),
(2, 15, 2, 2, 'Costa Ana'),
(2, 15, 2, 3, 'El Cruce'),
(2, 15, 2, 4, 'Guayabito'),
(2, 15, 2, 5, 'Mónico'),
(2, 15, 2, 6, 'Samén Abajo'),
(2, 15, 2, 7, 'San José'),
(2, 15, 2, 8, 'Thiales'),
(2, 15, 2, 9, 'Valle del Río.'),
(2, 15, 3, 1, 'Altagracia'),
(2, 15, 3, 2, 'Alto Sahíno'),
(2, 15, 3, 3, 'Bajo Cartagos'),
(2, 15, 3, 4, 'Pato'),
(2, 15, 3, 5, 'Pejibaye'),
(2, 15, 3, 6, 'Pimiento'),
(2, 15, 3, 7, 'Quebradón.'),
(2, 15, 4, 1, 'Cabaña (parte)'),
(2, 15, 4, 2, 'Colonia Naranjeña'),
(2, 15, 4, 3, 'El Valle'),
(2, 15, 4, 4, 'Florida'),
(2, 15, 4, 5, 'Las Letras'),
(2, 15, 4, 6, 'La Paz'),
(2, 15, 4, 7, 'La Unión'),
(2, 15, 4, 8, 'Llano Bonito 1'),
(2, 15, 4, 9, 'Llano Bonito 2'),
(2, 15, 4, 10, 'Palmera'),
(2, 15, 4, 11, 'Río Celeste'),
(2, 15, 4, 12, 'Tujankir 1'),
(2, 15, 4, 13, 'Tujankir 2.'),
(3, 1, 1, 1, 'Ángeles'),
(3, 1, 1, 2, 'Asís'),
(3, 1, 1, 3, 'Brisas'),
(3, 1, 1, 4, 'Calvario'),
(3, 1, 1, 5, 'Cerrillos'),
(3, 1, 1, 6, 'Corazón de Jesús'),
(3, 1, 1, 7, 'Cortinas'),
(3, 1, 1, 8, 'Cruz de Caravaca (parte)'),
(3, 1, 1, 9, 'Estadio'),
(3, 1, 1, 10, 'Galera'),
(3, 1, 1, 11, 'Hospital (parte)'),
(3, 1, 1, 12, 'Istarú'),
(3, 1, 1, 13, 'Jesús Jiménez (parte)'),
(3, 1, 1, 14, 'Matamoros'),
(3, 1, 1, 15, 'Montelimar'),
(3, 1, 1, 16, 'Puebla'),
(3, 1, 1, 17, 'Soledad'),
(3, 1, 1, 18, 'Telles.'),
(3, 1, 2, 1, 'Cinco Esquinas'),
(3, 1, 2, 2, 'Fátima'),
(3, 1, 2, 3, 'Hospital (parte)'),
(3, 1, 2, 4, 'Jesús Jiménez (parte)'),
(3, 1, 2, 5, 'Laborio'),
(3, 1, 2, 6, 'Molino'),
(3, 1, 2, 7, 'Murillo'),
(3, 1, 2, 8, 'Palmas'),
(3, 1, 2, 9, 'San Cayetano.'),
(3, 1, 3, 1, 'Alpes'),
(3, 1, 3, 2, 'Asilo'),
(3, 1, 3, 3, 'Cruz de Caravaca (parte)'),
(3, 1, 3, 4, 'Diques'),
(3, 1, 3, 5, 'Fontana'),
(3, 1, 3, 6, 'Jora'),
(3, 1, 3, 7, 'López'),
(3, 1, 3, 8, 'San Blas'),
(3, 1, 3, 9, 'Santa Eduvigis'),
(3, 1, 3, 10, 'Santa Fe'),
(3, 1, 3, 11, 'Solano'),
(3, 1, 3, 12, 'Turbina.'),
(3, 1, 4, 1, 'Alto de Ochomogo'),
(3, 1, 4, 2, 'Angelina'),
(3, 1, 4, 0, 'Caracol'),
(3, 1, 4, 3, 'Banderilla'),
(3, 1, 4, 0, 'Cooperrosales'),
(3, 1, 4, 4, 'Cruz'),
(3, 1, 4, 0, 'Kerkua'),
(3, 1, 4, 5, 'Espinal'),
(3, 1, 4, 0, 'Molina'),
(3, 1, 4, 6, 'Johnson'),
(3, 1, 4, 0, 'Poroses.'),
(3, 1, 4, 7, 'Lima'),
(3, 1, 4, 8, 'Loyola'),
(3, 1, 4, 9, 'Nazareth'),
(3, 1, 4, 10, 'Ochomogo'),
(3, 1, 4, 11, 'Orontes'),
(3, 1, 4, 12, 'Pedregal'),
(3, 1, 4, 13, 'Quircot'),
(3, 1, 4, 14, 'Ronda'),
(3, 1, 4, 15, 'Rosas'),
(3, 1, 4, 16, 'San Nicolás'),
(3, 1, 4, 17, 'Violín.'),
(3, 1, 5, 1, 'Cocorí'),
(3, 1, 5, 2, 'Coronado'),
(3, 1, 5, 3, 'Guayabal (parte)'),
(3, 1, 5, 4, 'Hervidero'),
(3, 1, 5, 5, 'López'),
(3, 1, 5, 6, 'Lourdes'),
(3, 1, 5, 7, 'Padua'),
(3, 1, 5, 8, 'Pitahaya.'),
(3, 1, 5, 9, 'Barro Morado'),
(3, 1, 5, 10, 'Cenicero'),
(3, 1, 5, 11, 'Muñeco'),
(3, 1, 5, 12, 'Navarrito.'),
(3, 1, 6, 1, 'Américas'),
(3, 1, 6, 2, 'Higuerón'),
(3, 1, 6, 3, 'Joya'),
(3, 1, 6, 4, 'Marías'),
(3, 1, 6, 5, 'Las Palmas.'),
(3, 1, 7, 1, 'Alumbre'),
(3, 1, 7, 2, 'Bajo Amador'),
(3, 1, 7, 3, 'Calle Valverdes'),
(3, 1, 7, 4, 'Guaria'),
(3, 1, 7, 5, 'Hortensia'),
(3, 1, 7, 6, 'Loma Larga'),
(3, 1, 7, 7, 'Llano Ángeles'),
(3, 1, 7, 8, 'Palangana'),
(3, 1, 7, 9, 'Rincón de Abarca'),
(3, 1, 7, 10, 'Río Conejo'),
(3, 1, 7, 11, 'Salitrillo'),
(3, 1, 7, 12, 'San Antonio'),
(3, 1, 7, 13, 'San Joaquín'),
(3, 1, 7, 14, 'San Juan Norte'),
(3, 1, 7, 15, 'San Juan Sur'),
(3, 1, 7, 16, 'Santa Elena (parte)'),
(3, 1, 7, 17, 'Santa Elena Arriba.'),
(3, 1, 8, 1, 'Cuesta de Piedra'),
(3, 1, 8, 2, 'Misión Norte'),
(3, 1, 8, 3, 'Misión Sur'),
(3, 1, 8, 4, 'Ortiga'),
(3, 1, 8, 5, 'Rodeo'),
(3, 1, 8, 6, 'Sabanilla'),
(3, 1, 8, 7, 'Sabanillas'),
(3, 1, 8, 8, 'Santísima Trinidad.'),
(3, 1, 9, 1, 'Caballo Blanco (parte)'),
(3, 1, 9, 2, 'San José.'),
(3, 1, 9, 3, 'Cóncavas'),
(3, 1, 9, 4, 'Navarro'),
(3, 1, 9, 5, 'Perlas'),
(3, 1, 9, 6, 'Río Claro.'),
(3, 1, 10, 1, 'Azahar.'),
(3, 1, 10, 2, 'Avance'),
(3, 1, 10, 3, 'Barquero'),
(3, 1, 10, 4, 'Cañada'),
(3, 1, 10, 5, 'Laguna'),
(3, 1, 10, 6, 'Pénjamo'),
(3, 1, 10, 7, 'Rodeo.'),
(3, 1, 11, 1, 'Alto Quebradilla'),
(3, 1, 11, 2, 'Azahar'),
(3, 1, 11, 3, 'Bermejo'),
(3, 1, 11, 4, 'Cañada'),
(3, 1, 11, 5, 'Copalchí'),
(3, 1, 11, 6, 'Coris'),
(3, 1, 11, 7, 'Garita (parte)'),
(3, 1, 11, 8, 'Rueda'),
(3, 1, 11, 9, 'Valle Verde.'),
(3, 2, 1, 1, 'Barro Hondo'),
(3, 2, 1, 2, 'Cruz Roja'),
(3, 2, 1, 3, 'Cucaracho'),
(3, 2, 1, 4, 'Chiverre'),
(3, 2, 1, 5, 'Estación'),
(3, 2, 1, 6, 'Joya'),
(3, 2, 1, 7, 'Pandora'),
(3, 2, 1, 8, 'Piedra Grande'),
(3, 2, 1, 9, 'Solares'),
(3, 2, 1, 10, 'Soledad'),
(3, 2, 1, 11, 'Veintiocho de Diciembre.'),
(3, 2, 1, 12, 'Alto Birrisito'),
(3, 2, 1, 13, 'Birrisito'),
(3, 2, 1, 14, 'Chiral'),
(3, 2, 1, 15, 'Luisiana'),
(3, 2, 1, 16, 'Sanchirí'),
(3, 2, 1, 17, 'Ujarrás'),
(3, 2, 1, 18, 'Villa Isabel'),
(3, 2, 1, 19, 'Rincón.'),
(3, 2, 2, 1, 'Acevedo'),
(3, 2, 2, 2, 'Ajenjal'),
(3, 2, 2, 3, 'Arrabará'),
(3, 2, 2, 4, 'Birrís (este)'),
(3, 2, 2, 5, 'Cúscares'),
(3, 2, 2, 6, 'Flor'),
(3, 2, 2, 7, 'Lapuente'),
(3, 2, 2, 8, 'Mesas'),
(3, 2, 2, 9, 'Mesitas'),
(3, 2, 2, 10, 'Nueva Ujarrás'),
(3, 2, 2, 11, 'Pedregal'),
(3, 2, 2, 12, 'Piedra Azul'),
(3, 2, 2, 13, 'Puente Fajardo'),
(3, 2, 2, 14, 'Río Regado'),
(3, 2, 2, 15, 'Talolinga'),
(3, 2, 2, 16, 'Yas.'),
(3, 2, 3, 1, 'Alegría'),
(3, 2, 3, 2, 'Alto Araya'),
(3, 2, 3, 3, 'Calle Jucó'),
(3, 2, 3, 4, 'Hotel'),
(3, 2, 3, 5, 'Nubes'),
(3, 2, 3, 6, 'Palomas'),
(3, 2, 3, 7, 'Palomo'),
(3, 2, 3, 8, 'Patillos'),
(3, 2, 3, 9, 'Puente Negro'),
(3, 2, 3, 10, 'Purisil'),
(3, 2, 3, 11, 'Queverí'),
(3, 2, 3, 12, 'Río Macho'),
(3, 2, 3, 13, 'San Rafael'),
(3, 2, 3, 14, 'Sitio'),
(3, 2, 3, 15, 'Tapantí'),
(3, 2, 3, 16, 'Troya'),
(3, 2, 3, 17, 'Villa Mills.'),
(3, 2, 4, 1, 'Peñas Blancas'),
(3, 2, 4, 2, 'Pueblo Nuevo.'),
(3, 2, 4, 3, 'Bajos de Dorotea'),
(3, 2, 4, 4, 'Bajos de Urasca'),
(3, 2, 4, 5, 'Guábata'),
(3, 2, 4, 6, 'Guatusito'),
(3, 2, 4, 7, 'Hamaca (parte)'),
(3, 2, 4, 8, 'Joyas'),
(3, 2, 4, 9, 'Loaiza'),
(3, 2, 4, 10, 'San Jerónimo'),
(3, 2, 4, 11, 'Urasca'),
(3, 2, 4, 12, 'Volio.'),
(3, 2, 5, 1, 'Ayala'),
(3, 2, 5, 2, 'Páez (parte)'),
(3, 2, 5, 3, 'Salvador.'),
(3, 3, 1, 1, 'Antigua'),
(3, 3, 1, 2, 'Villas.'),
(3, 3, 2, 1, 'Eulalia'),
(3, 3, 2, 2, 'Florencio del Castillo'),
(3, 3, 2, 3, 'Jirales'),
(3, 3, 2, 4, 'Mariana'),
(3, 3, 2, 5, 'Tacora.'),
(3, 3, 2, 6, 'Rincón Mesén (parte)'),
(3, 3, 2, 7, 'Santiago del Monte.'),
(3, 3, 3, 1, 'Araucarias (parte)'),
(3, 3, 3, 2, 'Danza del Sol'),
(3, 3, 3, 3, 'Herrán'),
(3, 3, 3, 4, 'Loma Verde'),
(3, 3, 3, 5, 'Unión'),
(3, 3, 3, 6, 'Villas de Ayarco.'),
(3, 3, 4, 1, 'Carpintera'),
(3, 3, 4, 2, 'San Miguel'),
(3, 3, 4, 3, 'San Vicente'),
(3, 3, 4, 4, 'Pilarica.'),
(3, 3, 4, 5, 'Quebrada del Fierro'),
(3, 3, 4, 6, 'Fierro'),
(3, 3, 4, 7, 'Yerbabuena.'),
(3, 3, 5, 1, 'Cima'),
(3, 3, 5, 2, 'Cuadrante'),
(3, 3, 5, 3, 'Lirios'),
(3, 3, 5, 4, 'Llanos de Concepción'),
(3, 3, 5, 5, 'Naranjal (parte)'),
(3, 3, 5, 6, 'Poró'),
(3, 3, 5, 7, 'Salitrillo'),
(3, 3, 5, 8, 'San Francisco'),
(3, 3, 5, 9, 'San Josecito (parte).'),
(3, 3, 6, 1, 'Alto del Carmen'),
(3, 3, 6, 2, 'Tirrá.'),
(3, 3, 7, 1, 'Bellomonte'),
(3, 3, 7, 2, 'Cerrillo'),
(3, 3, 7, 3, 'Cumbres'),
(3, 3, 7, 4, 'Holandés'),
(3, 3, 7, 5, 'Mansiones (parte)'),
(3, 3, 7, 6, 'Montaña Rusa (parte)'),
(3, 3, 7, 7, 'Naranjal (parte)'),
(3, 3, 7, 8, 'San  Josecito (parte).'),
(3, 3, 8, 1, 'Lindavista (Loma Gobierno).'),
(3, 3, 8, 2, 'Quebradas'),
(3, 3, 8, 3, 'Rincón Mesén (parte).'),
(3, 4, 1, 1, 'Alpes'),
(3, 4, 1, 2, 'Buenos Aires'),
(3, 4, 1, 3, 'Maravilla'),
(3, 4, 1, 4, 'Naranjito'),
(3, 4, 1, 5, 'Naranjo'),
(3, 4, 1, 6, 'San Martín.'),
(3, 4, 1, 7, 'Durán'),
(3, 4, 1, 8, 'Gloria'),
(3, 4, 1, 9, 'Quebrada Honda'),
(3, 4, 1, 10, 'Santa Elena'),
(3, 4, 1, 11, 'Santa Marta'),
(3, 4, 1, 12, 'Victoria (Alto Victoria).'),
(3, 4, 2, 1, 'Alto Campos'),
(3, 4, 2, 2, 'Bajo Congo'),
(3, 4, 2, 3, 'Congo'),
(3, 4, 2, 4, 'Duan'),
(3, 4, 2, 5, 'Esperanza'),
(3, 4, 2, 6, 'Hamaca (parte)'),
(3, 4, 2, 7, 'Sabanilla'),
(3, 4, 2, 8, 'San Antonio del Monte'),
(3, 4, 2, 9, 'Volconda'),
(3, 4, 2, 10, 'Vueltas.'),
(3, 4, 3, 1, 'Alto Humo'),
(3, 4, 3, 2, 'Cacao'),
(3, 4, 3, 3, 'Cantarrana'),
(3, 4, 3, 4, 'Casa de Teja'),
(3, 4, 3, 5, 'Ceiba'),
(3, 4, 3, 6, 'Chucuyo'),
(3, 4, 3, 7, 'Esperanza'),
(3, 4, 3, 8, 'Gato'),
(3, 4, 3, 9, 'Humo'),
(3, 4, 3, 10, 'Joyas'),
(3, 4, 3, 11, 'Juray'),
(3, 4, 3, 12, 'Omega'),
(3, 4, 3, 13, 'Oriente'),
(3, 4, 3, 14, 'San Gerardo'),
(3, 4, 3, 15, 'Selva'),
(3, 4, 3, 16, 'Taus'),
(3, 4, 3, 17, 'Tausito'),
(3, 4, 3, 18, 'Yolanda'),
(3, 4, 3, 19, 'Zapote.'),
(3, 5, 1, 1, 'Américas'),
(3, 5, 1, 2, 'Ángeles'),
(3, 5, 1, 3, 'Cabiria'),
(3, 5, 1, 4, 'Campabadal'),
(3, 5, 1, 5, 'Castro Salazar'),
(3, 5, 1, 6, 'Cementerio'),
(3, 5, 1, 7, 'Clorito Picado'),
(3, 5, 1, 8, 'Dominica'),
(3, 5, 1, 9, 'El Silencio'),
(3, 5, 1, 10, 'Guaria'),
(3, 5, 1, 11, 'Haciendita'),
(3, 5, 1, 12, 'Margot'),
(3, 5, 1, 13, 'Nochebuena'),
(3, 5, 1, 14, 'Numa'),
(3, 5, 1, 15, 'Pastor'),
(3, 5, 1, 16, 'Poró'),
(3, 5, 1, 17, 'Pueblo Nuevo'),
(3, 5, 1, 18, 'Repasto'),
(3, 5, 1, 19, 'San Cayetano'),
(3, 5, 1, 20, 'San Rafael'),
(3, 5, 1, 21, 'Sictaya.'),
(3, 5, 1, 22, 'Bajo Barrientos'),
(3, 5, 1, 23, 'Cañaveral'),
(3, 5, 1, 24, 'Colorado'),
(3, 5, 1, 25, 'Chiz'),
(3, 5, 1, 26, 'Esmeralda'),
(3, 5, 1, 27, 'Florencia'),
(3, 5, 1, 28, 'Murcia'),
(3, 5, 1, 29, 'Pavas'),
(3, 5, 1, 30, 'Recreo'),
(3, 5, 1, 31, 'Roncha'),
(3, 5, 1, 32, 'San Juan Norte'),
(3, 5, 1, 33, 'San Juan Sur.'),
(3, 5, 2, 1, 'Leona (parte).'),
(3, 5, 2, 2, 'Abelardo Rojas'),
(3, 5, 2, 3, 'Alto Alemania'),
(3, 5, 2, 4, 'Atirro'),
(3, 5, 2, 5, 'Balalaica'),
(3, 5, 2, 6, 'Buenos Aires'),
(3, 5, 2, 7, 'Canadá'),
(3, 5, 2, 8, 'Carmen'),
(3, 5, 2, 9, 'Cruzada'),
(3, 5, 2, 10, 'Danta'),
(3, 5, 2, 11, 'Gaviotas'),
(3, 5, 2, 12, 'Guadalupe'),
(3, 5, 2, 13, 'Máquina Vieja'),
(3, 5, 2, 14, 'Margarita'),
(3, 5, 2, 15, 'Mollejones'),
(3, 5, 2, 16, 'Pacayitas'),
(3, 5, 2, 17, 'Pacuare'),
(3, 5, 2, 18, 'Piedra Grande'),
(3, 5, 2, 19, 'Porvenir de la Esperanza'),
(3, 5, 2, 20, 'Puente Alto'),
(3, 5, 2, 21, 'San Vicente'),
(3, 5, 2, 22, 'Selva (parte)'),
(3, 5, 2, 23, 'Silencio'),
(3, 5, 2, 24, 'Sonia.'),
(3, 5, 3, 1, 'El Seis.'),
(3, 5, 4, 1, 'Bajos de Bonilla'),
(3, 5, 4, 2, 'Bolsón (parte)'),
(3, 5, 4, 3, 'Bonilla'),
(3, 5, 4, 4, 'Buenos Aires'),
(3, 5, 4, 5, 'Calle Vargas'),
(3, 5, 4, 6, 'Carmen (parte)'),
(3, 5, 4, 7, 'Esperanza'),
(3, 5, 4, 8, 'Guayabo Arriba'),
(3, 5, 4, 9, 'La Central'),
(3, 5, 4, 10, 'La Fuente'),
(3, 5, 4, 11, 'Pastora'),
(3, 5, 4, 12, 'Picada'),
(3, 5, 4, 13, 'Raicero'),
(3, 5, 4, 14, 'Reunión'),
(3, 5, 4, 15, 'San Antonio'),
(3, 5, 4, 16, 'San Diego'),
(3, 5, 4, 17, 'Torito (parte).'),
(3, 5, 5, 1, 'Cooperativa.'),
(3, 5, 5, 2, 'Bonilla Arriba'),
(3, 5, 5, 3, 'Buenavista'),
(3, 5, 5, 4, 'Cas'),
(3, 5, 5, 5, 'Cimarrones'),
(3, 5, 5, 6, 'Colonia Guayabo'),
(3, 5, 5, 7, 'Colonia San Ramón'),
(3, 5, 5, 8, 'Corralón'),
(3, 5, 5, 9, 'Dulce Nombre'),
(3, 5, 5, 10, 'El Dos'),
(3, 5, 5, 11, 'Fuente'),
(3, 5, 5, 12, 'Guayabo (parte)'),
(3, 5, 5, 13, 'Líbano'),
(3, 5, 5, 14, 'Nueva Flor'),
(3, 5, 5, 15, 'Palomo'),
(3, 5, 5, 16, 'Pradera'),
(3, 5, 5, 17, 'Sandoval'),
(3, 5, 5, 18, 'Santa Tecla'),
(3, 5, 5, 19, 'Sauce'),
(3, 5, 5, 20, 'Torito (parte)'),
(3, 5, 5, 21, 'Torito (sur).'),
(3, 5, 6, 1, 'Angostura'),
(3, 5, 6, 2, 'Bóveda'),
(3, 5, 6, 3, 'Buenavista'),
(3, 5, 6, 4, 'Chitaría'),
(3, 5, 6, 5, 'Eslabón'),
(3, 5, 6, 6, 'Isla Bonita (parte)'),
(3, 5, 6, 7, 'Jabillos'),
(3, 5, 6, 8, 'San Rafael'),
(3, 5, 6, 9, 'Sitio Mata'),
(3, 5, 6, 10, 'Yama.'),
(3, 5, 7, 1, 'Leona (parte).'),
(3, 5, 7, 2, 'Alto Surtubal'),
(3, 5, 7, 3, 'Ángeles'),
(3, 5, 7, 4, 'Bajo Pacuare (norte)'),
(3, 5, 7, 5, 'Cabeza de Buey'),
(3, 5, 7, 6, 'Cien Manzanas'),
(3, 5, 7, 7, 'Colonia San Lucas'),
(3, 5, 7, 8, 'Colonia Silencio'),
(3, 5, 7, 9, 'Colonias'),
(3, 5, 7, 10, 'Mata de Guineo'),
(3, 5, 7, 11, 'Nubes'),
(3, 5, 7, 12, 'Paulina'),
(3, 5, 7, 13, 'Sacro'),
(3, 5, 7, 14, 'San Bosco'),
(3, 5, 7, 15, 'Selva (parte).'),
(3, 5, 8, 1, 'Bajo Pacuare (sur)'),
(3, 5, 8, 2, 'Dos Amigos'),
(3, 5, 8, 3, 'Dulce Nombre'),
(3, 5, 8, 4, 'Guineal'),
(3, 5, 8, 5, 'Jicotea'),
(3, 5, 8, 6, 'Mina'),
(3, 5, 8, 7, 'Morado'),
(3, 5, 8, 8, 'Quebradas'),
(3, 5, 8, 9, 'San Martín'),
(3, 5, 8, 10, 'San Rafael'),
(3, 5, 8, 11, 'Tacotal.'),
(3, 5, 9, 1, 'Aquiares'),
(3, 5, 9, 2, 'Bolsón (parte)'),
(3, 5, 9, 3, 'Carmen (parte)'),
(3, 5, 9, 4, 'Río Claro'),
(3, 5, 9, 5, 'San Rafael'),
(3, 5, 9, 6, 'Verbena Norte'),
(3, 5, 9, 7, 'Verbena Sur.'),
(3, 5, 10, 1, 'Alto June'),
(3, 5, 10, 2, 'Corozal'),
(3, 5, 10, 3, 'Flor'),
(3, 5, 10, 4, 'Guanacasteca'),
(3, 5, 10, 5, 'Isla Bonita(parte)'),
(3, 5, 10, 6, 'Pilón de Azúcar'),
(3, 5, 10, 7, 'San Pablo'),
(3, 5, 10, 8, 'Sol.'),
(3, 5, 11, 1, 'Azul'),
(3, 5, 11, 2, 'Ánimas'),
(3, 5, 11, 3, 'Alto de Varas (Alto Varal)'),
(3, 5, 11, 4, 'Guayabo (parte)'),
(3, 5, 11, 5, 'Jesús María'),
(3, 5, 11, 6, 'La Isabel'),
(3, 5, 11, 7, 'San Martín.'),
(3, 5, 12, 1, 'Carolina'),
(3, 5, 12, 2, 'Chirripó Abajo (parte)'),
(3, 5, 12, 3, 'Chirripó Arriba'),
(3, 5, 12, 4, 'Damaris'),
(3, 5, 12, 5, ''),
(3, 5, 12, 6, 'Fortuna'),
(3, 5, 12, 7, 'Jekui'),
(3, 5, 12, 8, 'Moravia'),
(3, 5, 12, 9, 'Namaldí'),
(3, 5, 12, 10, 'Pacuare arriba'),
(3, 5, 12, 11, 'Paso Marcos'),
(3, 5, 12, 12, 'Tsipiri (Platanillo)'),
(3, 5, 12, 13, 'Playa Hermosa'),
(3, 5, 12, 14, 'Porvenir'),
(3, 5, 12, 15, 'Raíz de Hule'),
(3, 5, 12, 16, 'Río Blanco'),
(3, 5, 12, 17, 'Santubal'),
(3, 5, 12, 18, 'Surí'),
(3, 5, 12, 19, 'Vereh'),
(3, 5, 12, 20, 'Quetzal.'),
(3, 6, 1, 1, 'Lourdes'),
(3, 6, 1, 2, 'Patalillo.'),
(3, 6, 1, 3, 'Buenavista'),
(3, 6, 1, 4, 'Buenos Aires'),
(3, 6, 1, 5, 'Charcalillos'),
(3, 6, 1, 6, 'Encierrillo'),
(3, 6, 1, 7, 'Los Pinos (Coliblanco)'),
(3, 6, 1, 8, 'Llano Grande'),
(3, 6, 1, 9, 'Pascón'),
(3, 6, 1, 10, 'Pastora'),
(3, 6, 1, 11, 'Plantón'),
(3, 6, 1, 12, 'San Martín (Irazú Sur)'),
(3, 6, 1, 13, 'San Rafael de Irazú.'),
(3, 6, 2, 1, 'Bajo Malanga'),
(3, 6, 2, 2, 'Aguas (parte)'),
(3, 6, 2, 3, 'Bajo Solano'),
(3, 6, 2, 4, 'Ciudad del Cielo'),
(3, 6, 2, 5, 'Descanso'),
(3, 6, 2, 6, 'El Alto'),
(3, 6, 2, 7, 'Mata de Guineo'),
(3, 6, 2, 8, 'Monticel.'),
(3, 6, 3, 1, 'Bajo Abarca'),
(3, 6, 3, 2, 'Lourdes (Callejón)'),
(3, 6, 3, 3, 'Coliblanco'),
(3, 6, 3, 4, 'Santa Teresa.'),
(3, 7, 1, 1, 'Alto Cerrillos (Corazón de Jesús)'),
(3, 7, 1, 2, 'Artavia'),
(3, 7, 1, 3, 'Barrial'),
(3, 7, 1, 4, 'Bosque'),
(3, 7, 1, 5, 'Breñas'),
(3, 7, 1, 6, 'Caballo Blanco (parte)'),
(3, 7, 1, 7, 'Chircagre'),
(3, 7, 1, 8, 'Flores'),
(3, 7, 1, 9, 'Gamboa'),
(3, 7, 1, 10, 'José Jesús Méndez'),
(3, 7, 1, 11, 'Juan Pablo II'),
(3, 7, 1, 12, 'Sagrada Familia'),
(3, 7, 1, 13, 'Monseñor Sanabria.'),
(3, 7, 1, 14, 'Cuesta Chinchilla'),
(3, 7, 1, 15, 'Llano.'),
(3, 7, 2, 1, 'Mata de Mora'),
(3, 7, 2, 2, 'Páez (parte)'),
(3, 7, 2, 3, 'Paso Ancho'),
(3, 7, 2, 4, 'San Cayetano.'),
(3, 7, 3, 1, 'Maya'),
(3, 7, 3, 2, 'Cruce'),
(3, 7, 3, 3, 'Pisco'),
(3, 7, 3, 4, 'Sanabria'),
(3, 7, 3, 5, 'San Juan de Chicuá.'),
(3, 7, 4, 1, 'Aguas (parte)'),
(3, 7, 4, 2, 'Barrionuevo'),
(3, 7, 4, 3, 'Boquerón'),
(3, 7, 4, 4, 'Capira'),
(3, 7, 4, 5, 'Oratorio.'),
(3, 7, 5, 1, 'Cuesta Quemados'),
(3, 7, 5, 2, 'Pasquí'),
(3, 7, 5, 3, 'Platanillal'),
(3, 7, 5, 4, 'San Gerardo'),
(3, 7, 5, 5, 'San Juan'),
(3, 7, 5, 6, 'San Martín'),
(3, 7, 5, 7, 'San Pablo'),
(3, 7, 5, 8, 'Titoral.'),
(3, 8, 1, 1, 'Asunción'),
(3, 8, 1, 2, 'Barahona'),
(3, 8, 1, 3, 'Barrio Nuevo'),
(3, 8, 1, 4, 'Colonia'),
(3, 8, 1, 5, 'Chavarría'),
(3, 8, 1, 6, 'Sabana'),
(3, 8, 1, 7, 'Sabana Grande'),
(3, 8, 1, 8, 'San Rafael'),
(3, 8, 1, 9, 'Santa Gertrudis'),
(3, 8, 1, 10, 'Sauces'),
(3, 8, 1, 11, 'Silo'),
(3, 8, 1, 12, 'Viento Fresco.'),
(3, 8, 2, 1, 'Guatuso'),
(3, 8, 2, 2, 'Higuito'),
(3, 8, 2, 3, 'Potrerillos.'),
(3, 8, 2, 4, 'Altamiradas'),
(3, 8, 2, 5, 'Alto San Francisco'),
(3, 8, 2, 6, 'Bajo Gloria'),
(3, 8, 2, 7, 'Bajos de León'),
(3, 8, 2, 8, 'Barrancas (parte)'),
(3, 8, 2, 9, 'Cangreja'),
(3, 8, 2, 10, 'Cañón (parte)'),
(3, 8, 2, 11, 'Casablanca'),
(3, 8, 2, 12, 'Casamata'),
(3, 8, 2, 13, 'Cascajal'),
(3, 8, 2, 14, 'Conventillo'),
(3, 8, 2, 15, 'Cruces'),
(3, 8, 2, 16, 'Cruz'),
(3, 8, 2, 17, 'Chonta (parte)'),
(3, 8, 2, 18, 'Damita'),
(3, 8, 2, 19, 'Dos Amigos'),
(3, 8, 2, 20, 'Empalme (parte)'),
(3, 8, 2, 21, 'Esperanza'),
(3, 8, 2, 22, 'Estrella'),
(3, 8, 2, 23, 'Guayabal (parte)'),
(3, 8, 2, 24, 'La Luchita'),
(3, 8, 2, 25, 'La Paz'),
(3, 8, 2, 26, 'Macho Gaff'),
(3, 8, 2, 27, 'Montserrat'),
(3, 8, 2, 28, 'Ojo de Agua (parte)'),
(3, 8, 2, 29, 'Palmital'),
(3, 8, 2, 30, 'Palmital Sur'),
(3, 8, 2, 31, 'Palo Verde'),
(3, 8, 2, 32, 'Paso Macho (parte)'),
(3, 8, 2, 33, 'Purires (parte)'),
(3, 8, 2, 34, 'Salsipuedes (parte)'),
(3, 8, 2, 35, 'San Cayetano'),
(3, 8, 2, 36, 'Surtubal'),
(3, 8, 2, 37, 'Tres de Junio'),
(3, 8, 2, 38, 'Vara del Roble.'),
(3, 8, 3, 1, 'Achiotillo'),
(3, 8, 3, 2, 'Barrancas (parte)'),
(3, 8, 3, 3, 'Bodocal'),
(3, 8, 3, 4, 'Garita (parte)'),
(3, 8, 3, 5, 'Purires (parte)'),
(3, 8, 3, 6, 'Tablón.'),
(3, 8, 4, 1, 'Bajo Zopilote'),
(3, 8, 4, 2, 'Caragral'),
(3, 8, 4, 3, 'Común.'),
(4, 1, 1, 1, 'Ángeles'),
(4, 1, 1, 2, 'Carmen'),
(4, 1, 1, 3, 'Corazón de Jesús'),
(4, 1, 1, 4, 'Chino'),
(4, 1, 1, 5, 'Estadio'),
(4, 1, 1, 6, 'Fátima'),
(4, 1, 1, 7, 'Guayabal'),
(4, 1, 1, 8, 'La India'),
(4, 1, 1, 9, 'Lourdes'),
(4, 1, 1, 10, 'Hospital'),
(4, 1, 1, 11, 'María Auxiliadora (parte)'),
(4, 1, 1, 12, 'Oriente'),
(4, 1, 1, 13, 'Pirro'),
(4, 1, 1, 14, 'Puebla (parte)'),
(4, 1, 1, 15, 'Rancho Chico'),
(4, 1, 1, 16, 'San Fernando'),
(4, 1, 1, 17, 'San Vicente.'),
(4, 1, 2, 1, 'Burío'),
(4, 1, 2, 2, 'Carbonal'),
(4, 1, 2, 3, 'Cubujuquí'),
(4, 1, 2, 4, 'España'),
(4, 1, 2, 5, 'Labrador'),
(4, 1, 2, 6, 'Mercedes Sur'),
(4, 1, 2, 7, 'Monte Bello'),
(4, 1, 2, 8, 'San Jorge'),
(4, 1, 2, 9, 'Santa Inés.'),
(4, 1, 3, 1, 'Aries'),
(4, 1, 3, 2, 'Aurora (parte)'),
(4, 1, 3, 3, 'Bernardo Benavides'),
(4, 1, 3, 4, 'Chucos'),
(4, 1, 3, 5, 'El Cristo (parte)'),
(4, 1, 3, 6, 'Esmeralda'),
(4, 1, 3, 7, 'Esperanza'),
(4, 1, 3, 8, 'Granada'),
(4, 1, 3, 9, 'Gran Samaria'),
(4, 1, 3, 10, 'Guararí'),
(4, 1, 3, 11, 'Lagos'),
(4, 1, 3, 12, 'Malinches'),
(4, 1, 3, 13, 'Mayorga (parte)'),
(4, 1, 3, 14, 'Nísperos 3'),
(4, 1, 3, 15, 'Palma'),
(4, 1, 3, 16, 'Trébol'),
(4, 1, 3, 17, 'Tropical.'),
(4, 1, 4, 1, 'Arcos'),
(4, 1, 4, 2, 'Aurora (parte)'),
(4, 1, 4, 3, 'Bajos del Virilla (San Rafael)'),
(4, 1, 4, 4, 'Cariari (parte)'),
(4, 1, 4, 5, 'Carpintera'),
(4, 1, 4, 6, 'El Cristo (parte)'),
(4, 1, 4, 7, 'Lagunilla'),
(4, 1, 4, 8, 'Linda del Norte'),
(4, 1, 4, 9, 'Mayorga (parte)'),
(4, 1, 4, 10, 'Monterrey'),
(4, 1, 4, 11, 'Pitahaya'),
(4, 1, 4, 12, 'Pueblo Nuevo'),
(4, 1, 4, 13, 'Valencia (parte)'),
(4, 1, 4, 14, 'Vista Nosara.'),
(4, 1, 5, 1, 'Jesús María'),
(4, 1, 5, 2, 'Legua'),
(4, 1, 5, 3, 'Legua de Barva'),
(4, 1, 5, 4, 'Montaña Azul'),
(4, 1, 5, 5, 'San Rafael'),
(4, 1, 5, 6, 'Virgen del Socorro (parte).'),
(4, 2, 1, 1, 'Don Abraham'),
(4, 2, 1, 2, 'San Bartolomé.'),
(4, 2, 2, 1, 'Bosque'),
(4, 2, 2, 2, 'Calle Amada'),
(4, 2, 2, 3, 'Calle Los Naranjos'),
(4, 2, 2, 4, 'Espinos'),
(4, 2, 2, 5, 'Máquina'),
(4, 2, 2, 6, 'Mirador'),
(4, 2, 2, 7, 'Morazán'),
(4, 2, 2, 8, 'Puente Salas'),
(4, 2, 2, 9, 'Segura'),
(4, 2, 2, 10, 'Vista Llana.'),
(4, 2, 3, 1, 'Barrios (Barva): Cementerio'),
(4, 2, 3, 2, 'Ibís.'),
(4, 2, 3, 3, 'Buenavista.'),
(4, 2, 4, 1, 'Bello Higuerón'),
(4, 2, 4, 2, 'Los Luises'),
(4, 2, 4, 3, 'Plantación'),
(4, 2, 4, 4, 'Pórtico.'),
(4, 2, 5, 1, 'Doña Iris'),
(4, 2, 5, 2, 'Jardines del Beneficio'),
(4, 2, 5, 3, 'Paso Viga (parte)'),
(4, 2, 5, 4, 'Pedregal.'),
(4, 2, 5, 5, 'Getsemaní (parte)'),
(4, 2, 5, 6, 'Palmar (parte).'),
(4, 2, 6, 1, 'Gallito'),
(4, 2, 6, 2, 'Monte Alto'),
(4, 2, 6, 3, 'Cipresal'),
(4, 2, 6, 4, 'Doña Blanca'),
(4, 2, 6, 5, 'Doña Elena'),
(4, 2, 6, 6, 'Higuerón'),
(4, 2, 6, 7, 'Huacalillo'),
(4, 2, 6, 8, 'El Collado'),
(4, 2, 6, 9, 'Meseta'),
(4, 2, 6, 10, 'Paso Llano'),
(4, 2, 6, 11, 'Plan de Birrí'),
(4, 2, 6, 12, 'Porrosatí'),
(4, 2, 6, 13, 'Roblealto'),
(4, 2, 6, 14, 'Sacramento'),
(4, 2, 6, 15, 'San Martín'),
(4, 2, 6, 16, 'San Miguel'),
(4, 2, 6, 17, 'Santa Clara'),
(4, 2, 6, 18, 'Zapata.'),
(4, 3, 2, 1, 'Barro de Olla'),
(4, 3, 2, 2, 'Calle Don Pedro'),
(4, 3, 2, 3, 'Quintana'),
(4, 3, 2, 4, 'Yurusti.'),
(4, 3, 3, 1, 'Canoa (parte)'),
(4, 3, 3, 2, 'Castilla'),
(4, 3, 3, 3, 'Cuesta Rojas'),
(4, 3, 3, 4, 'Montero'),
(4, 3, 3, 5, 'Socorro'),
(4, 3, 3, 6, 'Villa Rossi.'),
(4, 3, 4, 1, 'Represa.'),
(4, 3, 5, 1, 'Barquero'),
(4, 3, 5, 2, 'Higinia'),
(4, 3, 5, 3, 'Pacífica.'),
(4, 3, 6, 1, 'La Cooperativa'),
(4, 3, 6, 2, 'Pedro León'),
(4, 3, 6, 3, 'Primero de Mayo'),
(4, 3, 6, 4, 'Quisqueya'),
(4, 3, 6, 5, 'Rinconada'),
(4, 3, 6, 6, 'Valencia (parte).'),
(4, 3, 7, 1, 'Calle Vieja'),
(4, 3, 7, 2, 'Lourdes'),
(4, 3, 7, 3, 'Quebradas (parte).'),
(4, 3, 8, 1, 'Caballero.'),
(4, 3, 8, 2, 'Canoa (parte).'),
(4, 4, 1, 1, 'Trompezón.'),
(4, 4, 2, 1, 'Betania'),
(4, 4, 2, 2, 'Rosales (parte).'),
(4, 4, 3, 1, 'Cinco Esquinas'),
(4, 4, 3, 2, 'Lotes Moreira'),
(4, 4, 3, 3, 'San Juan Arriba'),
(4, 4, 4, 1, 'Altagracia'),
(4, 4, 4, 2, 'Birrí'),
(4, 4, 4, 3, 'Calle Quirós (parte)'),
(4, 4, 4, 4, 'Catalina'),
(4, 4, 4, 5, 'Común (parte)'),
(4, 4, 4, 6, 'Cuesta Colorada'),
(4, 4, 4, 7, 'Guachipelines'),
(4, 4, 4, 8, 'Guaracha'),
(4, 4, 4, 9, 'Ulises.'),
(4, 4, 5, 1, 'Amapola'),
(4, 4, 5, 2, 'Cartagos'),
(4, 4, 5, 3, 'Chagüite'),
(4, 4, 5, 4, 'Giralda'),
(4, 4, 5, 5, 'Guararí'),
(4, 4, 5, 6, 'Tranquera.'),
(4, 4, 6, 1, 'Marías'),
(4, 4, 6, 2, 'Purabá'),
(4, 4, 6, 3, 'San Bosco.'),
(4, 4, 6, 4, 'Calle Quirós (parte)'),
(4, 4, 6, 5, 'Común (parte)'),
(4, 4, 6, 6, 'Lajas.'),
(4, 5, 1, 1, 'Amistad'),
(4, 5, 1, 2, 'Matasano (parte)'),
(4, 5, 1, 3, 'Paso Viga (parte).'),
(4, 5, 2, 1, 'Bajo Molinos'),
(4, 5, 2, 2, 'Joya'),
(4, 5, 2, 3, 'Matasano (parte)'),
(4, 5, 2, 4, 'Peralta'),
(4, 5, 2, 5, 'Santísima Trinidad.'),
(4, 5, 3, 1, 'Jardines de Roma'),
(4, 5, 3, 2, 'Jardines Universitarios'),
(4, 5, 3, 3, 'Suiza.'),
(4, 5, 4, 1, 'Paso Viga (parte)'),
(4, 5, 4, 2, 'Saca.'),
(4, 5, 4, 3, 'Calle Hernández (parte)'),
(4, 5, 4, 4, 'Castillo'),
(4, 5, 4, 5, 'Cerro Redondo'),
(4, 5, 4, 6, 'Getsemaní (parte)'),
(4, 5, 4, 7, 'Joaquina'),
(4, 5, 4, 8, 'Lobos'),
(4, 5, 4, 9, 'Montecito'),
(4, 5, 4, 10, 'Palmar (parte)'),
(4, 5, 4, 11, 'Puente Piedra (parte)'),
(4, 5, 4, 12, 'Quintanar de la Sierra'),
(4, 5, 4, 13, 'Uvita.'),
(4, 5, 5, 1, 'Palenque'),
(4, 5, 5, 2, 'Anonos'),
(4, 5, 5, 3, 'Burial'),
(4, 5, 5, 4, 'Calle Chávez (parte)'),
(4, 5, 5, 5, 'Calle Hernández (parte)'),
(4, 5, 5, 6, 'Ciénagas'),
(4, 5, 5, 7, 'Charquillo'),
(4, 5, 5, 8, 'Mora'),
(4, 5, 5, 9, 'Pilas'),
(4, 5, 5, 10, 'Puente Piedra (parte)'),
(4, 5, 5, 11, 'Tierra Blanca (parte)'),
(4, 5, 5, 12, 'Turú.'),
(4, 6, 1, 1, 'Calle Cementerio'),
(4, 6, 1, 2, 'Colonia Isidreña'),
(4, 6, 1, 3, 'Cooperativa'),
(4, 6, 1, 4, 'Cristo Rey'),
(4, 6, 1, 5, 'El Volador'),
(4, 6, 1, 6, 'Villaval.'),
(4, 6, 2, 1, 'Santa Cruz.'),
(4, 6, 2, 2, 'El Arroyo'),
(4, 6, 2, 3, 'Huacalillos'),
(4, 6, 2, 4, 'Santa Cecilia (parte)'),
(4, 6, 2, 5, 'Santa Elena'),
(4, 6, 2, 6, 'Trapiche'),
(4, 6, 2, 7, 'Yerbabuena.'),
(4, 6, 3, 1, 'Alhajas'),
(4, 6, 3, 2, 'Calle Caricias'),
(4, 6, 3, 3, 'Calle Chávez (parte)'),
(4, 6, 3, 4, 'Santa Cecilia'),
(4, 6, 4, 1, 'Aguacate'),
(4, 6, 4, 2, 'Astillero'),
(4, 6, 4, 3, 'Quebradas (parte)'),
(4, 6, 4, 4, 'Rinconada'),
(4, 6, 4, 5, 'Tierra Blanca             (parte)'),
(4, 6, 4, 6, 'Vallevistar'),
(4, 6, 4, 7, 'Viento Fresco.'),
(4, 7, 1, 1, 'Chompipes (parte)'),
(4, 7, 1, 2, 'Escobal'),
(4, 7, 1, 3, 'Labores (parte)'),
(4, 7, 1, 4, 'San Vicente'),
(4, 7, 1, 5, 'Zaiquí.'),
(4, 7, 2, 1, 'Fuente'),
(4, 7, 2, 2, 'Labores (parte)'),
(4, 7, 2, 3, 'Vista Linda'),
(4, 7, 2, 4, 'Cristo Rey (parte).'),
(4, 7, 2, 5, 'Echeverría (parte).'),
(4, 7, 3, 1, 'Arbolito'),
(4, 7, 3, 2, 'Bonanza'),
(4, 7, 3, 3, 'Bosques de Doña Rosa'),
(4, 7, 3, 4, 'Cariari (parte)'),
(4, 7, 3, 5, 'Chompipes (parte)'),
(4, 7, 3, 6, 'Cristo Rey (parte).'),
(4, 8, 1, 1, 'Campanario'),
(4, 8, 1, 2, 'Joaquineños'),
(4, 8, 1, 3, 'Luisiana'),
(4, 8, 1, 4, 'Santa Marta'),
(4, 8, 1, 5, 'Trinidad'),
(4, 8, 1, 6, 'Villa Lico'),
(4, 8, 1, 7, 'Villa María.'),
(4, 8, 2, 1, 'Barrantes'),
(4, 8, 2, 2, 'Ugalde.'),
(4, 8, 3, 1, 'Ángeles'),
(4, 8, 3, 2, 'Año 2000'),
(4, 8, 3, 3, 'Cristo Rey (parte)'),
(4, 8, 3, 4, 'Geranios'),
(4, 8, 3, 5, 'Las Hadas'),
(4, 8, 3, 6, 'Santa Elena'),
(4, 8, 3, 7, 'Siglo Veintiuno.'),
(4, 8, 3, 8, 'Echeverría (parte).'),
(4, 9, 1, 1, 'Acapulco'),
(4, 9, 1, 2, 'Amada'),
(4, 9, 1, 3, 'Asovigui'),
(4, 9, 1, 4, 'Colonial'),
(4, 9, 1, 5, 'Cruces'),
(4, 9, 1, 6, 'Doña Nina'),
(4, 9, 1, 7, 'Irazú'),
(4, 9, 1, 8, 'Irma'),
(4, 9, 1, 9, 'July');
INSERT INTO `ubicacion_barrio` (`provincia_id`, `canton_id`, `distrito_id`, `barrio_id`, `barrio`) VALUES
(4, 9, 1, 10, 'María Auxiliadora (parte)'),
(4, 9, 1, 11, 'Nueva Jerusalén'),
(4, 9, 1, 12, 'Pastoras'),
(4, 9, 1, 13, 'Puebla (parte)'),
(4, 9, 1, 14, 'Santa Isabel'),
(4, 9, 1, 15, 'Villa Cortés'),
(4, 9, 1, 16, 'Villa Dolores'),
(4, 9, 1, 17, 'Villa Quintana'),
(4, 9, 1, 18, 'Uriche'),
(4, 9, 1, 19, 'Uruca.'),
(4, 9, 1, 20, 'Corobicí'),
(4, 9, 1, 21, 'Estrella'),
(4, 9, 1, 22, 'Rincón de Ricardo'),
(4, 9, 1, 23, 'Santa Fe.'),
(4, 10, 1, 1, 'Colina'),
(4, 10, 1, 2, 'Esperanza'),
(4, 10, 1, 3, 'Jardín'),
(4, 10, 1, 4, 'Loma Linda'),
(4, 10, 1, 5, 'Progreso.'),
(4, 10, 1, 6, 'Achiote'),
(4, 10, 1, 7, 'Ahogados'),
(4, 10, 1, 8, 'Arbolitos (parte)'),
(4, 10, 1, 9, 'Arrepentidos'),
(4, 10, 1, 10, 'Boca Ceiba'),
(4, 10, 1, 11, 'Boca Río Sucio'),
(4, 10, 1, 12, 'Bun'),
(4, 10, 1, 13, 'Cabezas'),
(4, 10, 1, 14, 'Canfín'),
(4, 10, 1, 15, 'Caño Negro'),
(4, 10, 1, 16, 'Cerro Negro (Parte)'),
(4, 10, 1, 17, 'Colonia San José'),
(4, 10, 1, 18, 'Coyol'),
(4, 10, 1, 19, 'Cristo Rey'),
(4, 10, 1, 20, 'Chilamate'),
(4, 10, 1, 21, 'El Progreso'),
(4, 10, 1, 22, 'Esperanza'),
(4, 10, 1, 23, 'Estrellales'),
(4, 10, 1, 24, 'Guaria'),
(4, 10, 1, 25, 'Jardín'),
(4, 10, 1, 26, 'Jormo'),
(4, 10, 1, 27, 'Las Marías'),
(4, 10, 1, 28, 'Las Orquídeas'),
(4, 10, 1, 29, 'Los Lirios'),
(4, 10, 1, 30, 'Malinche'),
(4, 10, 1, 31, 'Media Vuelta'),
(4, 10, 1, 32, 'Medias (parte)'),
(4, 10, 1, 33, 'Muelle'),
(4, 10, 1, 34, 'Naranjal'),
(4, 10, 1, 35, 'Nogal'),
(4, 10, 1, 36, 'Pavas'),
(4, 10, 1, 37, 'Rojomaca'),
(4, 10, 1, 38, 'San José'),
(4, 10, 1, 39, 'San Julián'),
(4, 10, 1, 40, 'Tres Rosales'),
(4, 10, 1, 41, 'Vega de Sardinal (parte)'),
(4, 10, 1, 42, 'Zapote.'),
(4, 10, 2, 1, 'Ángeles'),
(4, 10, 2, 2, 'Arbolitos (parte)'),
(4, 10, 2, 3, 'Bajos de Chilamate'),
(4, 10, 2, 4, 'Boca Sardinal'),
(4, 10, 2, 5, 'Bosque'),
(4, 10, 2, 6, 'Búfalo'),
(4, 10, 2, 7, 'Delicias'),
(4, 10, 2, 8, 'El Uno'),
(4, 10, 2, 9, 'Esquipulas'),
(4, 10, 2, 10, 'Las Palmitas'),
(4, 10, 2, 11, 'Laquí'),
(4, 10, 2, 12, 'Lomas'),
(4, 10, 2, 13, 'Llano Grande'),
(4, 10, 2, 14, 'Magsaysay'),
(4, 10, 2, 15, 'Masaya'),
(4, 10, 2, 16, 'Medias (parte)'),
(4, 10, 2, 17, 'Pangola'),
(4, 10, 2, 18, 'Pozo Azul'),
(4, 10, 2, 19, 'Quebrada Grande'),
(4, 10, 2, 20, 'Río Magdaleno'),
(4, 10, 2, 21, 'Roble'),
(4, 10, 2, 22, 'San Gerardo (parte)'),
(4, 10, 2, 23, 'San Isidro'),
(4, 10, 2, 24, 'San José Sur'),
(4, 10, 2, 25, 'San Ramón'),
(4, 10, 2, 26, 'La Delia'),
(4, 10, 2, 27, 'Sardinal'),
(4, 10, 2, 28, 'Tirimbina'),
(4, 10, 2, 29, 'Vega de Sardinal (parte)'),
(4, 10, 2, 30, 'Venados.'),
(4, 10, 3, 1, 'Bambuzal'),
(4, 10, 3, 2, 'Cerro Negro (parte)'),
(4, 10, 3, 3, 'Colonia Bambú'),
(4, 10, 3, 4, 'Colonia Colegio'),
(4, 10, 3, 5, 'Colonia Esperanza'),
(4, 10, 3, 6, 'Colonia Huetar'),
(4, 10, 3, 7, 'Colonia Nazareth'),
(4, 10, 3, 8, 'Colonia Victoria'),
(4, 10, 3, 9, 'Colonia Villalobos'),
(4, 10, 3, 10, 'Cubujuquí'),
(4, 10, 3, 11, 'Chiripa'),
(4, 10, 3, 12, 'Fátima'),
(4, 10, 3, 13, 'Flaminia'),
(4, 10, 3, 14, 'Finca Uno'),
(4, 10, 3, 15, 'Finca Dos'),
(4, 10, 3, 16, 'Finca Tres'),
(4, 10, 3, 17, 'Finca Cinco'),
(4, 10, 3, 18, 'Finca Agua'),
(4, 10, 3, 19, 'Finca Zona Siete'),
(4, 10, 3, 20, 'Finca Zona Ocho'),
(4, 10, 3, 21, 'Finca Zona Diez'),
(4, 10, 3, 22, 'Finca Zona Once'),
(4, 10, 3, 23, 'Isla'),
(4, 10, 3, 24, 'Isla Grande'),
(4, 10, 3, 25, 'Isla Israel'),
(4, 10, 3, 26, 'La Conquista'),
(4, 10, 3, 27, 'La Chávez'),
(4, 10, 3, 28, 'La Vuelta'),
(4, 10, 3, 29, 'Rambla'),
(4, 10, 3, 30, 'Pedernales'),
(4, 10, 3, 31, 'Platanera'),
(4, 10, 3, 32, 'Río Frío'),
(4, 10, 3, 33, 'San Bernardino'),
(4, 10, 3, 34, 'San Luis'),
(4, 10, 3, 35, 'Santa Clara'),
(4, 10, 3, 36, 'Tapa Viento'),
(4, 10, 3, 37, 'Ticarí'),
(4, 10, 3, 38, 'Tigre'),
(4, 10, 3, 39, 'Villa Isabel'),
(4, 10, 3, 40, 'Villa Nueva.'),
(4, 10, 4, 1, 'Caño San Luis'),
(4, 10, 4, 2, 'Chimurria'),
(4, 10, 4, 3, 'Chirriposito'),
(4, 10, 4, 4, 'Delta'),
(4, 10, 4, 5, 'Gaspar'),
(4, 10, 4, 6, 'Lagunilla'),
(4, 10, 4, 7, 'La Lucha'),
(4, 10, 4, 8, 'Tigra.'),
(4, 10, 5, 1, 'Caño Tambor'),
(4, 10, 5, 2, 'Copalchí'),
(4, 10, 5, 3, 'Cureña'),
(4, 10, 5, 4, 'Paloseco'),
(4, 10, 5, 5, 'Remolinito'),
(4, 10, 5, 6, 'Tambor'),
(4, 10, 5, 7, 'Tierrabuena'),
(4, 10, 5, 8, 'Trinidad'),
(4, 10, 5, 9, 'Unión del Toro'),
(4, 10, 5, 10, 'Vuelta Cabo de Hornos.'),
(5, 1, 1, 1, 'Alaska'),
(5, 1, 1, 2, 'Ángeles'),
(5, 1, 1, 3, 'Buenos Aires'),
(5, 1, 1, 4, 'Capulín'),
(5, 1, 1, 5, 'Cerros'),
(5, 1, 1, 6, 'Condega'),
(5, 1, 1, 7, 'Corazón de Jesús'),
(5, 1, 1, 8, 'Curime'),
(5, 1, 1, 9, 'Choricera'),
(5, 1, 1, 10, 'Chorotega'),
(5, 1, 1, 11, 'Gallera'),
(5, 1, 1, 12, 'Guaria'),
(5, 1, 1, 13, 'Jícaro'),
(5, 1, 1, 14, 'La Carreta'),
(5, 1, 1, 15, 'Llano La Cruz'),
(5, 1, 1, 16, 'Mocho (Santa Lucía)'),
(5, 1, 1, 17, 'Moracia'),
(5, 1, 1, 18, 'Nazareth'),
(5, 1, 1, 19, 'Pueblo Nuevo'),
(5, 1, 1, 20, 'Sabanero'),
(5, 1, 1, 21, 'San Miguel'),
(5, 1, 1, 22, 'San Roque'),
(5, 1, 1, 23, 'Sitio'),
(5, 1, 1, 24, 'Veinticinco de Julio'),
(5, 1, 1, 25, 'Victoria'),
(5, 1, 1, 26, 'Villanueva.'),
(5, 1, 1, 27, 'Arena'),
(5, 1, 1, 28, 'Caraña'),
(5, 1, 1, 29, 'Isleta (parte)'),
(5, 1, 1, 30, 'Juanilama'),
(5, 1, 1, 31, 'Montañita'),
(5, 1, 1, 32, 'Paso Tempisque (parte)'),
(5, 1, 1, 33, 'Pelón de la Bajura'),
(5, 1, 1, 34, 'Polvazales'),
(5, 1, 1, 35, 'Roble de Sabana'),
(5, 1, 1, 36, 'Rodeito'),
(5, 1, 1, 37, 'Salto (parte)'),
(5, 1, 1, 38, 'San Benito'),
(5, 1, 1, 39, 'San Hernán'),
(5, 1, 1, 40, 'San Lucas'),
(5, 1, 1, 41, 'Santa Ana'),
(5, 1, 1, 42, 'Terreros'),
(5, 1, 1, 43, 'Zanjita.'),
(5, 1, 2, 1, 'Alcántaro'),
(5, 1, 2, 2, 'Buenavista'),
(5, 1, 2, 3, 'Guayacán'),
(5, 1, 2, 4, 'Pochote.'),
(5, 1, 2, 5, 'Brisas'),
(5, 1, 2, 6, 'Cedro'),
(5, 1, 2, 7, 'Congo'),
(5, 1, 2, 8, 'Cueva'),
(5, 1, 2, 9, 'Fortuna'),
(5, 1, 2, 10, 'Irigaray'),
(5, 1, 2, 11, 'Lilas'),
(5, 1, 2, 12, 'Pacayales'),
(5, 1, 2, 13, 'Panamacito'),
(5, 1, 2, 14, 'Pedregal'),
(5, 1, 2, 15, 'Pital'),
(5, 1, 2, 16, 'Pueblo Nuevo.'),
(5, 1, 3, 1, 'Lourdes'),
(5, 1, 3, 2, 'San Antonio.'),
(5, 1, 3, 3, 'Ángeles'),
(5, 1, 3, 4, 'Argentina'),
(5, 1, 3, 5, 'Buenavista'),
(5, 1, 3, 6, 'Consuelo.'),
(5, 1, 4, 1, 'Bejuco'),
(5, 1, 4, 2, 'Los Lagos'),
(5, 1, 4, 3, 'Nacascolo'),
(5, 1, 4, 4, 'Oratorio'),
(5, 1, 4, 5, 'Puerto Culebra'),
(5, 1, 4, 6, 'Triunfo.'),
(5, 1, 5, 1, 'Gallo'),
(5, 1, 5, 2, 'San Rafael.'),
(5, 1, 5, 3, 'Colorado'),
(5, 1, 5, 4, 'Curubandé'),
(5, 1, 5, 5, 'Porvenir.'),
(5, 2, 1, 1, 'Los Ángeles'),
(5, 2, 1, 2, 'Barro Negro'),
(5, 2, 1, 3, 'Cananga'),
(5, 2, 1, 4, 'Carmen'),
(5, 2, 1, 5, 'Chorotega'),
(5, 2, 1, 6, 'Guadalupe'),
(5, 2, 1, 7, 'Granja'),
(5, 2, 1, 8, 'San Martín'),
(5, 2, 1, 9, 'Santa Lucía'),
(5, 2, 1, 10, 'Virginia.'),
(5, 2, 1, 11, 'Cabeceras'),
(5, 2, 1, 12, 'Caimital'),
(5, 2, 1, 13, 'Carreta'),
(5, 2, 1, 14, 'Casitas'),
(5, 2, 1, 15, 'Cerro Verde'),
(5, 2, 1, 16, 'Cerro Redondo'),
(5, 2, 1, 17, 'Cola de Gallo'),
(5, 2, 1, 18, 'Cuesta'),
(5, 2, 1, 19, 'Cuesta Buenos Aires'),
(5, 2, 1, 20, 'Curime'),
(5, 2, 1, 21, 'Chivo'),
(5, 2, 1, 22, 'Dulce Nombre'),
(5, 2, 1, 23, 'Esperanza Norte'),
(5, 2, 1, 24, 'Estrella'),
(5, 2, 1, 25, 'Gamalotal'),
(5, 2, 1, 26, 'Garcimuñóz'),
(5, 2, 1, 27, 'Guaitil'),
(5, 2, 1, 28, 'Guastomatal'),
(5, 2, 1, 29, 'Guineas'),
(5, 2, 1, 30, 'Hondores'),
(5, 2, 1, 31, 'Jobo'),
(5, 2, 1, 32, 'Juan Díaz'),
(5, 2, 1, 33, 'Lajas'),
(5, 2, 1, 34, 'Loma Caucela'),
(5, 2, 1, 35, 'Miramar (noroeste)'),
(5, 2, 1, 36, 'Nambí'),
(5, 2, 1, 37, 'Oriente'),
(5, 2, 1, 38, 'Los Planes'),
(5, 2, 1, 39, 'Pedernal'),
(5, 2, 1, 40, 'Picudas'),
(5, 2, 1, 41, 'Pilahonda'),
(5, 2, 1, 42, 'Pilas'),
(5, 2, 1, 43, 'Pilas Blancas'),
(5, 2, 1, 44, 'Piragua'),
(5, 2, 1, 45, 'Ponedero'),
(5, 2, 1, 46, 'Quirimán'),
(5, 2, 1, 47, 'Quirimancito'),
(5, 2, 1, 48, 'Sabana Grande'),
(5, 2, 1, 49, 'Santa Ana'),
(5, 2, 1, 50, 'Sitio Botija'),
(5, 2, 1, 51, 'Tierra Blanca'),
(5, 2, 1, 52, 'Tres Quebradas'),
(5, 2, 1, 53, 'Varillas (Zapotillo)'),
(5, 2, 1, 54, 'Virginia'),
(5, 2, 1, 55, 'Zompopa.'),
(5, 2, 2, 1, 'Acoyapa'),
(5, 2, 2, 2, 'Boquete'),
(5, 2, 2, 3, 'Camarones'),
(5, 2, 2, 4, 'Guastomatal'),
(5, 2, 2, 5, 'Iguanita'),
(5, 2, 2, 6, 'Lapas'),
(5, 2, 2, 7, 'Limonal'),
(5, 2, 2, 8, 'Matambuguito'),
(5, 2, 2, 9, 'Matina'),
(5, 2, 2, 10, 'Mercedes'),
(5, 2, 2, 11, 'Monte Alto'),
(5, 2, 2, 12, 'Morote Norte'),
(5, 2, 2, 13, 'Nacaome'),
(5, 2, 2, 14, 'Obispo'),
(5, 2, 2, 15, 'Pital'),
(5, 2, 2, 16, 'Polvazales'),
(5, 2, 2, 17, 'Pueblo Viejo'),
(5, 2, 2, 18, 'Puente Guillermina'),
(5, 2, 2, 19, 'Puerto Jesús'),
(5, 2, 2, 20, 'Río Vueltas'),
(5, 2, 2, 21, 'San Joaquín'),
(5, 2, 2, 22, 'San Juan (parte)'),
(5, 2, 2, 23, 'Uvita (parte)'),
(5, 2, 2, 24, 'Vigía'),
(5, 2, 2, 25, 'Yerbabuena (parte)'),
(5, 2, 2, 26, 'Zapandí.'),
(5, 2, 3, 1, 'Guayabal.'),
(5, 2, 3, 2, 'Biscoyol'),
(5, 2, 3, 3, 'Bolsa'),
(5, 2, 3, 4, 'Boquete'),
(5, 2, 3, 5, 'Buenos Aires'),
(5, 2, 3, 6, 'Cañal'),
(5, 2, 3, 7, 'Carao'),
(5, 2, 3, 8, 'Cerro Mesas'),
(5, 2, 3, 9, 'Conchal'),
(5, 2, 3, 10, 'Corral de Piedra'),
(5, 2, 3, 11, 'Corralillo'),
(5, 2, 3, 12, 'Coyolar'),
(5, 2, 3, 13, 'Cuba'),
(5, 2, 3, 14, 'Cuesta Madroño'),
(5, 2, 3, 15, 'Chira'),
(5, 2, 3, 16, 'Flor'),
(5, 2, 3, 17, 'Florida'),
(5, 2, 3, 18, 'Guayabo'),
(5, 2, 3, 19, 'Loma Ayote'),
(5, 2, 3, 20, 'Matamba'),
(5, 2, 3, 21, 'México'),
(5, 2, 3, 22, 'Montañita'),
(5, 2, 3, 23, 'Monte Galán'),
(5, 2, 3, 24, 'Moracia'),
(5, 2, 3, 25, 'Ojo de Agua'),
(5, 2, 3, 26, 'Palos Negros'),
(5, 2, 3, 27, 'Piave'),
(5, 2, 3, 28, 'Piedras Blancas'),
(5, 2, 3, 29, 'Pozas'),
(5, 2, 3, 30, 'Pozo de Agua'),
(5, 2, 3, 31, 'Pueblo Nuevo'),
(5, 2, 3, 32, 'Puerto Humo'),
(5, 2, 3, 33, 'Rosario'),
(5, 2, 3, 34, 'San Lázaro'),
(5, 2, 3, 35, 'San Vicente'),
(5, 2, 3, 36, 'Silencio'),
(5, 2, 3, 37, 'Talolinga'),
(5, 2, 3, 38, 'Tamarindo'),
(5, 2, 3, 39, 'Zapote.'),
(5, 2, 4, 1, 'Tortuguero.'),
(5, 2, 4, 2, 'Botija'),
(5, 2, 4, 3, 'Caballito'),
(5, 2, 4, 4, 'Embarcadero'),
(5, 2, 4, 5, 'Copal'),
(5, 2, 4, 6, 'Loma Bonita'),
(5, 2, 4, 7, 'Millal'),
(5, 2, 4, 8, 'Paraíso'),
(5, 2, 4, 9, 'Paso Guabo'),
(5, 2, 4, 10, 'Pochote'),
(5, 2, 4, 11, 'Puerto Moreno'),
(5, 2, 4, 12, 'Roblar'),
(5, 2, 4, 13, 'San Juan (parte)'),
(5, 2, 4, 14, 'Sombrero'),
(5, 2, 4, 15, 'Sonzapote'),
(5, 2, 4, 16, 'Tres Esquinas.'),
(5, 2, 5, 1, 'Matapalo'),
(5, 2, 5, 2, 'Mala Noche.'),
(5, 2, 5, 3, 'Bajo Escondido'),
(5, 2, 5, 4, 'Barco Quebrado'),
(5, 2, 5, 5, 'Buenavista'),
(5, 2, 5, 6, 'Buenos Aires'),
(5, 2, 5, 7, 'Cambutes'),
(5, 2, 5, 8, 'Cangrejal'),
(5, 2, 5, 9, 'Cantarrana'),
(5, 2, 5, 10, 'Chinampas'),
(5, 2, 5, 11, 'Esterones'),
(5, 2, 5, 12, 'Galilea'),
(5, 2, 5, 13, 'Palmar'),
(5, 2, 5, 14, 'Panamá'),
(5, 2, 5, 15, 'Pavones'),
(5, 2, 5, 16, 'Playa Buenavista'),
(5, 2, 5, 17, 'Primavera'),
(5, 2, 5, 18, 'Pueblo Nuevo'),
(5, 2, 5, 19, 'Samaria'),
(5, 2, 5, 20, 'San Fernando'),
(5, 2, 5, 21, 'Santo Domingo'),
(5, 2, 5, 22, 'Taranta'),
(5, 2, 5, 23, 'Terciopelo'),
(5, 2, 5, 24, 'Torito.'),
(5, 2, 6, 1, 'Ángeles de Garza'),
(5, 2, 6, 2, 'Bijagua'),
(5, 2, 6, 3, 'Cabeceras de Garza'),
(5, 2, 6, 4, 'Coyoles'),
(5, 2, 6, 5, 'Cuesta Winch'),
(5, 2, 6, 6, 'Delicias'),
(5, 2, 6, 7, 'Esperanza Sur'),
(5, 2, 6, 8, 'Flores'),
(5, 2, 6, 9, 'Garza'),
(5, 2, 6, 10, 'Guiones'),
(5, 2, 6, 11, 'Ligia'),
(5, 2, 6, 12, 'Nosara'),
(5, 2, 6, 13, 'Playa Nosara'),
(5, 2, 6, 14, 'Playa Pelada'),
(5, 2, 6, 15, 'Portal'),
(5, 2, 6, 16, 'Río Montaña'),
(5, 2, 6, 17, 'San Juan'),
(5, 2, 6, 18, 'Santa Marta'),
(5, 2, 6, 19, 'Santa Teresa.'),
(5, 2, 7, 1, 'Arcos'),
(5, 2, 7, 2, 'Balsal'),
(5, 2, 7, 3, 'Caimitalito'),
(5, 2, 7, 4, 'Cuajiniquil'),
(5, 2, 7, 5, 'Cuesta Grande'),
(5, 2, 7, 6, 'Chumburán'),
(5, 2, 7, 7, 'Juntas'),
(5, 2, 7, 8, 'Maquenco'),
(5, 2, 7, 9, 'Minas'),
(5, 2, 7, 10, 'Miramar Sureste'),
(5, 2, 7, 11, 'Naranjal'),
(5, 2, 7, 12, 'Naranjalito'),
(5, 2, 7, 13, 'Nosarita'),
(5, 2, 7, 14, 'Platanillo'),
(5, 2, 7, 15, 'Quebrada Bonita'),
(5, 2, 7, 16, 'Santa Elena (parte)'),
(5, 2, 7, 17, 'Zaragoza.'),
(5, 3, 1, 1, 'Buenos Aires'),
(5, 3, 1, 2, 'Camarenos'),
(5, 3, 1, 3, 'Cátalo Rojas'),
(5, 3, 1, 4, 'Corobicí'),
(5, 3, 1, 5, 'Chorotega'),
(5, 3, 1, 6, 'Esquipulas'),
(5, 3, 1, 7, 'Estocolmo'),
(5, 3, 1, 8, 'Flores'),
(5, 3, 1, 9, 'Garúa'),
(5, 3, 1, 10, 'Guabo'),
(5, 3, 1, 11, 'Lajas'),
(5, 3, 1, 12, 'Los Amigos'),
(5, 3, 1, 13, 'Malinches'),
(5, 3, 1, 14, 'Manchón'),
(5, 3, 1, 15, 'Panamá'),
(5, 3, 1, 16, 'Pepe Lujan'),
(5, 3, 1, 17, 'Sagamat'),
(5, 3, 1, 18, 'San Martín'),
(5, 3, 1, 19, 'Santa Cecilia'),
(5, 3, 1, 20, 'Tenorio'),
(5, 3, 1, 21, 'Tulita Sandino.'),
(5, 3, 1, 22, 'Ángeles'),
(5, 3, 1, 23, 'Arado'),
(5, 3, 1, 24, 'Bernabela'),
(5, 3, 1, 25, 'Cacao'),
(5, 3, 1, 26, 'Caimito'),
(5, 3, 1, 27, 'Congal'),
(5, 3, 1, 28, 'Cuatro  Esquinas'),
(5, 3, 1, 29, 'Chibola'),
(5, 3, 1, 30, 'Chircó'),
(5, 3, 1, 31, 'Chumico (parte)'),
(5, 3, 1, 32, 'Guayabal'),
(5, 3, 1, 33, 'Hato Viejo'),
(5, 3, 1, 34, 'Lagunilla'),
(5, 3, 1, 35, 'Lechuza'),
(5, 3, 1, 36, 'Limón'),
(5, 3, 1, 37, 'Moya'),
(5, 3, 1, 38, 'Puente Negro'),
(5, 3, 1, 39, 'Retallano (parte)'),
(5, 3, 1, 40, 'Rincón'),
(5, 3, 1, 41, 'Río Cañas Viejo'),
(5, 3, 1, 42, 'San Juan'),
(5, 3, 1, 43, 'San Pedro'),
(5, 3, 1, 44, 'San Pedro Viejo'),
(5, 3, 1, 45, 'Vista al Mar.'),
(5, 3, 2, 1, 'Ortega.'),
(5, 3, 2, 2, 'Ballena (parte)'),
(5, 3, 2, 3, 'Lagartero'),
(5, 3, 2, 4, 'Pochotada.'),
(5, 3, 3, 1, 'Jobos.'),
(5, 3, 3, 2, 'Aguacate'),
(5, 3, 3, 3, 'Avellana'),
(5, 3, 3, 4, 'Barrosa'),
(5, 3, 3, 5, 'Brisas'),
(5, 3, 3, 6, 'Bruno'),
(5, 3, 3, 7, 'Cacaovano'),
(5, 3, 3, 8, 'Camones'),
(5, 3, 3, 9, 'Cañas Gordas'),
(5, 3, 3, 10, 'Ceiba Mocha'),
(5, 3, 3, 11, 'Cerro Brujo'),
(5, 3, 3, 12, 'Congo'),
(5, 3, 3, 13, 'Delicias'),
(5, 3, 3, 14, 'Espavelar'),
(5, 3, 3, 15, 'Florida'),
(5, 3, 3, 16, 'Gongolona'),
(5, 3, 3, 17, 'Guachipelín'),
(5, 3, 3, 18, 'Guapote'),
(5, 3, 3, 19, 'Hatillo'),
(5, 3, 3, 20, 'Isla  Verde'),
(5, 3, 3, 21, 'Junquillal'),
(5, 3, 3, 22, 'Junta de Río Verde'),
(5, 3, 3, 23, 'Mesas'),
(5, 3, 3, 24, 'Montaña'),
(5, 3, 3, 25, 'Monteverde'),
(5, 3, 3, 26, 'Níspero'),
(5, 3, 3, 27, 'Paraíso'),
(5, 3, 3, 28, 'Pargos'),
(5, 3, 3, 29, 'Paso Hondo'),
(5, 3, 3, 30, 'Pilas'),
(5, 3, 3, 31, 'Playa Lagartillo'),
(5, 3, 3, 32, 'Playa Negra'),
(5, 3, 3, 33, 'Pochotes'),
(5, 3, 3, 34, 'Ranchos'),
(5, 3, 3, 35, 'Retallano (parte)'),
(5, 3, 3, 36, 'Río Seco'),
(5, 3, 3, 37, 'Río Tabaco'),
(5, 3, 3, 38, 'San Francisco'),
(5, 3, 3, 39, 'San Jerónimo'),
(5, 3, 3, 40, 'Soncoyo'),
(5, 3, 3, 41, 'Tieso (San Rafael)'),
(5, 3, 3, 42, 'Trapiche'),
(5, 3, 3, 43, 'Venado'),
(5, 3, 3, 44, 'Vergel'),
(5, 3, 3, 45, '.'),
(5, 3, 4, 1, 'Paraíso.'),
(5, 3, 4, 2, 'Bejuco'),
(5, 3, 4, 3, 'Chiles'),
(5, 3, 4, 4, 'El Llano'),
(5, 3, 4, 5, 'Huacas'),
(5, 3, 4, 6, 'Portegolpe'),
(5, 3, 4, 7, 'Potrero'),
(5, 3, 4, 8, 'Rincón.'),
(5, 3, 5, 1, 'Edén'),
(5, 3, 5, 2, 'Toyosa.'),
(5, 3, 5, 3, 'Cañafístula'),
(5, 3, 5, 4, 'Corocitos'),
(5, 3, 5, 5, 'Higuerón'),
(5, 3, 5, 6, 'Jobo'),
(5, 3, 5, 7, 'Lorena'),
(5, 3, 5, 8, 'Oratorio'),
(5, 3, 5, 9, 'sacatipe'),
(5, 3, 6, 1, 'Alemania'),
(5, 3, 6, 2, 'Bolillos'),
(5, 3, 6, 3, 'Cuajiniquil'),
(5, 3, 6, 4, 'Chiquero'),
(5, 3, 6, 5, 'Fortuna'),
(5, 3, 6, 6, 'Frijolar'),
(5, 3, 6, 7, 'Jazminal'),
(5, 3, 6, 8, 'Lagarto'),
(5, 3, 6, 9, 'Libertad'),
(5, 3, 6, 10, 'Limonal'),
(5, 3, 6, 11, 'Manzanillo'),
(5, 3, 6, 12, 'Marbella'),
(5, 3, 6, 13, 'Ostional'),
(5, 3, 6, 14, 'Palmares'),
(5, 3, 6, 15, 'Piedras Amarillas'),
(5, 3, 6, 16, 'Progreso'),
(5, 3, 6, 17, 'Punta Caliente'),
(5, 3, 6, 18, 'Quebrada Seca'),
(5, 3, 6, 19, 'Quebrada Zapote'),
(5, 3, 6, 20, 'Rayo'),
(5, 3, 6, 21, 'Roble'),
(5, 3, 6, 22, 'Rosario'),
(5, 3, 6, 23, 'Santa Cecilia'),
(5, 3, 6, 24, 'Santa Elena'),
(5, 3, 6, 25, 'Socorro'),
(5, 3, 6, 26, 'Unión'),
(5, 3, 6, 27, 'Veracrúz.'),
(5, 3, 7, 1, 'Ángeles'),
(5, 3, 7, 2, 'Duendes'),
(5, 3, 7, 3, 'Lomitas'),
(5, 3, 7, 4, 'Oriente.'),
(5, 3, 7, 5, 'Calle Vieja'),
(5, 3, 7, 6, 'Coyolar'),
(5, 3, 7, 7, 'Chumico (parte)'),
(5, 3, 7, 8, 'Diría'),
(5, 3, 7, 9, 'Guaitil'),
(5, 3, 7, 10, 'Polvazal'),
(5, 3, 7, 11, 'Sequeira'),
(5, 3, 7, 12, 'Talolinguita'),
(5, 3, 7, 13, 'Trompillal.'),
(5, 3, 8, 1, 'Brasilito'),
(5, 3, 8, 2, 'Buen Pastor'),
(5, 3, 8, 3, 'Conchal'),
(5, 3, 8, 4, 'Flamenco'),
(5, 3, 8, 5, 'Garita Vieja'),
(5, 3, 8, 6, 'Jesús María'),
(5, 3, 8, 7, 'Lajas'),
(5, 3, 8, 8, 'Lomas'),
(5, 3, 8, 9, 'Playa Cabuya'),
(5, 3, 8, 10, 'Playa Grande'),
(5, 3, 8, 11, 'Playa Mina'),
(5, 3, 8, 12, 'Playa Real'),
(5, 3, 8, 13, 'Puerto Viejo'),
(5, 3, 8, 14, 'Salinas'),
(5, 3, 8, 15, 'Salinitas'),
(5, 3, 8, 16, 'Tacasolapa'),
(5, 3, 8, 17, 'Zapotillal.'),
(5, 3, 9, 1, 'Cañafístula'),
(5, 3, 9, 2, 'Cebadilla'),
(5, 3, 9, 3, 'El Llano'),
(5, 3, 9, 4, 'Garita'),
(5, 3, 9, 5, 'Guatemala'),
(5, 3, 9, 6, 'Hernández'),
(5, 3, 9, 7, 'Icacal'),
(5, 3, 9, 8, 'La Loma'),
(5, 3, 9, 9, 'Linderos'),
(5, 3, 9, 10, 'Mangos'),
(5, 3, 9, 11, 'Palmar'),
(5, 3, 9, 12, 'San Andrés'),
(5, 3, 9, 13, 'San José Pinilla'),
(5, 3, 9, 14, 'Santa Rosa'),
(5, 3, 9, 15, 'Tamarindo.'),
(5, 4, 1, 1, 'Lima'),
(5, 4, 1, 2, 'Pedro Nolasco'),
(5, 4, 1, 3, 'Redondel.'),
(5, 4, 1, 4, 'Aguacaliente'),
(5, 4, 1, 5, 'Arbolito'),
(5, 4, 1, 6, 'Bagatzi'),
(5, 4, 1, 7, 'Brisas'),
(5, 4, 1, 8, 'Bebedero (parte)'),
(5, 4, 1, 9, 'Casavieja (parte)'),
(5, 4, 1, 10, 'Cofradía'),
(5, 4, 1, 11, 'Colmenar'),
(5, 4, 1, 12, 'Llanos de Cortés'),
(5, 4, 1, 13, 'Mojica'),
(5, 4, 1, 14, 'Montano'),
(5, 4, 1, 15, 'Montenegro'),
(5, 4, 1, 16, 'Piedras'),
(5, 4, 1, 17, 'Pijije'),
(5, 4, 1, 18, 'Plazuela'),
(5, 4, 1, 19, 'Salitral'),
(5, 4, 1, 20, 'Salto (parte)'),
(5, 4, 1, 21, 'Santa Rosa.'),
(5, 4, 2, 1, 'Miravalles.'),
(5, 4, 2, 2, 'Casavieja (parte)'),
(5, 4, 2, 3, 'Cuipilapa'),
(5, 4, 2, 4, 'Giganta'),
(5, 4, 2, 5, 'Hornillas'),
(5, 4, 2, 6, 'Macuá'),
(5, 4, 2, 7, 'Martillete'),
(5, 4, 2, 8, 'Mozotal'),
(5, 4, 2, 9, 'Pozo Azul'),
(5, 4, 2, 10, 'Sagrada Familia'),
(5, 4, 2, 11, 'San Bernardo'),
(5, 4, 2, 12, 'San Joaquín'),
(5, 4, 2, 13, 'Santa Cecilia'),
(5, 4, 2, 14, 'Santa Fe'),
(5, 4, 2, 15, 'Santa Rosa'),
(5, 4, 2, 16, 'Unión Ferrer.'),
(5, 4, 3, 1, 'Los Ángeles'),
(5, 4, 3, 2, 'Oses.'),
(5, 4, 3, 3, 'Barro de Olla'),
(5, 4, 3, 4, 'Horcones'),
(5, 4, 3, 5, 'La Ese'),
(5, 4, 3, 6, 'Limonal'),
(5, 4, 3, 7, 'Manglar'),
(5, 4, 3, 8, 'Mochadero'),
(5, 4, 3, 9, 'Pueblo Nuevo'),
(5, 4, 3, 10, 'Rincón de La Cruz'),
(5, 4, 3, 11, 'San Isidro de Limonal'),
(5, 4, 3, 12, 'San Jorge'),
(5, 4, 3, 13, 'San Pedro'),
(5, 4, 3, 14, 'Torno.'),
(5, 4, 4, 1, 'Naranjito.'),
(5, 4, 4, 2, 'Río Chiquito.'),
(5, 5, 1, 1, 'Bambú'),
(5, 5, 1, 2, 'Cinco Esquinas'),
(5, 5, 1, 3, 'Hollywood'),
(5, 5, 1, 4, 'La Cruz'),
(5, 5, 1, 5, 'Santa Lucía'),
(5, 5, 1, 6, 'Ballena (parte)'),
(5, 5, 1, 7, 'Corralillo'),
(5, 5, 1, 8, 'Guinea'),
(5, 5, 1, 9, 'Isleta (parte)'),
(5, 5, 1, 10, 'Jocote'),
(5, 5, 1, 11, 'Juanilama'),
(5, 5, 1, 12, 'Moralito'),
(5, 5, 1, 13, 'Ojoche'),
(5, 5, 1, 14, 'San Francisco.'),
(5, 5, 2, 1, 'Coyolera'),
(5, 5, 2, 2, 'María Auxiliadora.'),
(5, 5, 2, 3, 'Ángeles'),
(5, 5, 2, 4, 'Comunidad'),
(5, 5, 2, 5, 'Paso Tempisque (parte)'),
(5, 5, 2, 6, 'San Rafael.'),
(5, 5, 3, 1, 'Carpintera'),
(5, 5, 3, 2, 'Colegios'),
(5, 5, 3, 3, 'Verdún.'),
(5, 5, 3, 4, 'Artola'),
(5, 5, 3, 5, 'Cacique'),
(5, 5, 3, 6, 'Coco'),
(5, 5, 3, 7, 'Chorrera'),
(5, 5, 3, 8, 'Guacamaya'),
(5, 5, 3, 9, 'Huaquitas'),
(5, 5, 3, 10, 'Libertad'),
(5, 5, 3, 11, 'Los Canales'),
(5, 5, 3, 12, 'Matapalo'),
(5, 5, 3, 13, 'Nancital'),
(5, 5, 3, 14, 'Nuevo Colón'),
(5, 5, 3, 15, 'Obandito'),
(5, 5, 3, 16, 'Ocotal'),
(5, 5, 3, 17, 'Pilas'),
(5, 5, 3, 18, 'Playa Hermosa'),
(5, 5, 3, 19, 'Playones'),
(5, 5, 3, 20, 'San Blas'),
(5, 5, 3, 21, 'San Martín'),
(5, 5, 3, 22, 'Santa Rita'),
(5, 5, 3, 23, 'Segovia'),
(5, 5, 3, 24, 'Tabores'),
(5, 5, 3, 25, 'Zapotal.'),
(5, 5, 4, 1, 'Villita'),
(5, 5, 4, 2, 'Alto San Antonio'),
(5, 5, 4, 3, 'Cachimbo'),
(5, 5, 4, 4, 'Castilla de Oro'),
(5, 5, 4, 5, 'Coyolito'),
(5, 5, 4, 6, 'Gallina'),
(5, 5, 4, 7, 'Juanilama'),
(5, 5, 4, 8, 'Loma Bonita'),
(5, 5, 4, 9, 'LLano'),
(5, 5, 4, 10, 'Ojochal'),
(5, 5, 4, 11, 'Palestina'),
(5, 5, 4, 12, 'Palmas'),
(5, 5, 4, 13, 'Paraíso'),
(5, 5, 4, 14, 'Penca'),
(5, 5, 4, 15, 'Planes'),
(5, 5, 4, 16, 'Poroporo'),
(5, 5, 4, 17, 'Río Cañas Nuevo'),
(5, 5, 4, 18, 'Santa Ana'),
(5, 5, 4, 19, 'Santo Domingo.'),
(5, 6, 1, 1, 'Albania'),
(5, 6, 1, 2, 'Ángeles'),
(5, 6, 1, 3, 'Bello Horizonte'),
(5, 6, 1, 4, 'Cantarrana'),
(5, 6, 1, 5, 'Castillo'),
(5, 6, 1, 6, 'Cueva'),
(5, 6, 1, 7, 'Chorotega'),
(5, 6, 1, 8, 'Las Cañas'),
(5, 6, 1, 9, 'Malinches'),
(5, 6, 1, 10, 'Miravalles'),
(5, 6, 1, 11, 'Palmas'),
(5, 6, 1, 12, 'San Cristóbal'),
(5, 6, 1, 13, 'San Martín'),
(5, 6, 1, 14, 'San Pedro'),
(5, 6, 1, 15, 'Santa Isabel Abajo'),
(5, 6, 1, 16, 'Santa Isabel Arriba'),
(5, 6, 1, 17, 'Tenorio'),
(5, 6, 1, 18, 'Tres Marías'),
(5, 6, 1, 19, 'Unión.'),
(5, 6, 1, 20, 'Cedros'),
(5, 6, 1, 21, 'Cepo'),
(5, 6, 1, 22, 'Concepción'),
(5, 6, 1, 23, 'Corobicí'),
(5, 6, 1, 24, 'Correntadas'),
(5, 6, 1, 25, 'Cuesta el Diablo'),
(5, 6, 1, 26, 'Cuesta el Mico'),
(5, 6, 1, 27, 'Hotel'),
(5, 6, 1, 28, 'Jabilla Abajo'),
(5, 6, 1, 29, 'Jabilla Arriba'),
(5, 6, 1, 30, 'Libertad'),
(5, 6, 1, 31, 'Montes de Oro'),
(5, 6, 1, 32, 'Paso Lajas'),
(5, 6, 1, 33, 'Pedregal'),
(5, 6, 1, 34, 'Pochota'),
(5, 6, 1, 35, 'Pueblo Nuevo'),
(5, 6, 1, 36, 'Sandial (Sandillal)'),
(5, 6, 1, 37, 'San Isidro (parte)'),
(5, 6, 1, 38, 'Santa Lucía (parte)'),
(5, 6, 1, 39, 'Vergel.'),
(5, 6, 2, 1, 'Aguacaliente'),
(5, 6, 2, 2, 'Aguas Gatas (parte)'),
(5, 6, 2, 3, 'Coyota'),
(5, 6, 2, 4, 'Huacal'),
(5, 6, 2, 5, 'Las Flores'),
(5, 6, 2, 6, 'Martirio'),
(5, 6, 2, 7, 'Panales'),
(5, 6, 2, 8, 'Paraíso (parte)'),
(5, 6, 2, 9, 'San Isidro (parte)'),
(5, 6, 2, 10, 'Santa Lucía (parte)'),
(5, 6, 2, 11, 'Tenorio'),
(5, 6, 2, 12, 'Vueltas.'),
(5, 6, 3, 1, 'El Coco'),
(5, 6, 3, 2, 'El Güis'),
(5, 6, 3, 3, 'Eskameca (parte)'),
(5, 6, 3, 4, 'Gotera'),
(5, 6, 3, 5, 'Higuerón'),
(5, 6, 3, 6, 'Higuerón Viejo'),
(5, 6, 3, 7, 'San Juan.'),
(5, 6, 4, 1, 'Loma.'),
(5, 6, 4, 2, 'Coopetaboga'),
(5, 6, 4, 3, 'Taboga (parte).'),
(5, 6, 5, 1, 'Brisas'),
(5, 6, 5, 2, 'Eskameca (parte)'),
(5, 6, 5, 3, 'Guapinol'),
(5, 6, 5, 4, 'Pozas'),
(5, 6, 5, 5, 'Puerto Alegre'),
(5, 6, 5, 6, 'Quesera'),
(5, 6, 5, 7, 'Santa Lucía'),
(5, 6, 5, 8, 'Taboga (parte)'),
(5, 6, 5, 9, 'Tiquirusas.'),
(5, 7, 1, 1, 'Bellavista'),
(5, 7, 1, 2, 'Cinco Esquinas'),
(5, 7, 1, 3, 'La Gloria'),
(5, 7, 1, 4, 'Paso Ancho'),
(5, 7, 1, 5, 'San Antonio'),
(5, 7, 1, 6, 'San Jorge'),
(5, 7, 1, 7, 'San Pablo.'),
(5, 7, 1, 8, 'Blanco'),
(5, 7, 1, 9, 'Cecilia'),
(5, 7, 1, 10, 'Codornices'),
(5, 7, 1, 11, 'Concepción'),
(5, 7, 1, 12, 'Coyolito (parte)'),
(5, 7, 1, 13, 'Chiqueros'),
(5, 7, 1, 14, 'Desjarretado'),
(5, 7, 1, 15, 'Irma'),
(5, 7, 1, 16, 'Jarquín (parte)'),
(5, 7, 1, 17, 'Jesús'),
(5, 7, 1, 18, 'Lajas'),
(5, 7, 1, 19, 'Las Huacas (Parte)'),
(5, 7, 1, 20, 'Limonal'),
(5, 7, 1, 21, 'Limonal Viejo'),
(5, 7, 1, 22, 'Matapalo'),
(5, 7, 1, 23, 'Naranjos Agrios'),
(5, 7, 1, 24, 'Palma'),
(5, 7, 1, 25, 'Peña'),
(5, 7, 1, 26, 'Puente de Tierra'),
(5, 7, 1, 27, 'Rancho Alegre (parte)'),
(5, 7, 1, 28, 'Lourdes (Rancho Ania) (parte)'),
(5, 7, 1, 29, 'San Cristóbal'),
(5, 7, 1, 30, 'San Francisco'),
(5, 7, 1, 31, 'San Juan Chiquito'),
(5, 7, 1, 32, 'Santa Lucía'),
(5, 7, 1, 33, 'Tortugal'),
(5, 7, 1, 34, 'Zapote.'),
(5, 7, 2, 1, 'Aguas Claras'),
(5, 7, 2, 2, 'Alto Cebadilla'),
(5, 7, 2, 3, 'Campos de Oro'),
(5, 7, 2, 4, 'Candelaria'),
(5, 7, 2, 5, 'Cañitas'),
(5, 7, 2, 6, 'Cruz'),
(5, 7, 2, 7, 'Cuesta Yugo'),
(5, 7, 2, 8, 'Dos de Abangares'),
(5, 7, 2, 9, 'Marsellesa'),
(5, 7, 2, 10, 'San Antonio'),
(5, 7, 2, 11, 'San Rafael'),
(5, 7, 2, 12, 'Tornos'),
(5, 7, 2, 13, 'Tres Amigos'),
(5, 7, 2, 14, 'Turín (parte).'),
(5, 7, 3, 1, 'Arizona'),
(5, 7, 3, 2, 'Congo'),
(5, 7, 3, 3, 'Nancital'),
(5, 7, 3, 4, 'Portones'),
(5, 7, 3, 5, 'Pozo Azul'),
(5, 7, 3, 6, 'Rancho Alegre (parte)'),
(5, 7, 3, 7, 'Lourdes (Rancho Ania) (parte)'),
(5, 7, 3, 8, 'Tierra Colorada'),
(5, 7, 3, 9, 'Vainilla.'),
(5, 7, 4, 1, 'Almendros'),
(5, 7, 4, 2, 'Barbudal'),
(5, 7, 4, 3, 'Gavilanes'),
(5, 7, 4, 4, 'Higuerillas'),
(5, 7, 4, 5, 'Las Huacas (parte)'),
(5, 7, 4, 6, 'Monte Potrero'),
(5, 7, 4, 7, 'Quebracho'),
(5, 7, 4, 8, 'Peñablanca'),
(5, 7, 4, 9, 'San Buenaventura'),
(5, 7, 4, 10, 'San Joaquín'),
(5, 7, 4, 11, 'Solimar'),
(5, 7, 4, 12, 'Villafuerte.'),
(5, 8, 1, 1, 'Cabra'),
(5, 8, 1, 2, 'Carmen'),
(5, 8, 1, 3, 'Juan XXIII'),
(5, 8, 1, 4, 'Lomalinda.'),
(5, 8, 1, 5, 'Cuatro Esquinas'),
(5, 8, 1, 6, 'Chiripa'),
(5, 8, 1, 7, 'Piamonte'),
(5, 8, 1, 8, 'Río Chiquito'),
(5, 8, 1, 9, 'San Luis'),
(5, 8, 1, 10, 'Tejona'),
(5, 8, 1, 11, 'Tres Esquinas.'),
(5, 8, 2, 1, 'Barrionuevo'),
(5, 8, 2, 2, 'Cabeceras de Cañas'),
(5, 8, 2, 3, 'Campos de Oro'),
(5, 8, 2, 4, 'Dos de Tilarán'),
(5, 8, 2, 5, 'Esperanza'),
(5, 8, 2, 6, 'Florida'),
(5, 8, 2, 7, 'Monte Olivos'),
(5, 8, 2, 8, 'Nubes'),
(5, 8, 2, 9, 'San Miguel'),
(5, 8, 2, 10, 'Turín (parte)'),
(5, 8, 2, 11, 'Vueltas.'),
(5, 8, 3, 1, 'Arenal Viejo'),
(5, 8, 3, 2, 'Colonia Menonita'),
(5, 8, 3, 3, 'Río Chiquito Abajo'),
(5, 8, 3, 4, 'Silencio.'),
(5, 8, 4, 1, 'Aguilares'),
(5, 8, 4, 2, 'Campos Azules'),
(5, 8, 4, 3, 'Montes de Oro (parte)'),
(5, 8, 4, 4, 'Naranjos Agrios'),
(5, 8, 4, 5, 'Palma'),
(5, 8, 4, 6, 'Quebrada Azul'),
(5, 8, 4, 7, 'Ranchitos'),
(5, 8, 4, 8, 'Santa Rosa.'),
(5, 8, 5, 1, 'Alto Cartago'),
(5, 8, 5, 2, 'Maravilla'),
(5, 8, 5, 3, 'San José'),
(5, 8, 5, 4, 'Solania.'),
(5, 8, 6, 1, 'Aguacate'),
(5, 8, 6, 2, 'Aguas Gatas (parte)'),
(5, 8, 6, 3, 'Bajo Paires'),
(5, 8, 6, 4, 'Guadalajara'),
(5, 8, 6, 5, 'Montes de Oro (parte)'),
(5, 8, 6, 6, 'Paraíso (parte)'),
(5, 8, 6, 7, 'Río Piedras'),
(5, 8, 6, 8, 'Sabalito.'),
(5, 8, 7, 1, 'Mata de Caña'),
(5, 8, 7, 2, 'Sangregado'),
(5, 8, 7, 3, 'San Antonio'),
(5, 8, 7, 4, 'Unión.'),
(5, 9, 1, 1, 'Camas'),
(5, 9, 1, 2, 'Limones'),
(5, 9, 1, 3, 'Maquenco'),
(5, 9, 1, 4, 'San Rafael'),
(5, 9, 1, 5, 'Vista de Mar.'),
(5, 9, 2, 1, 'Angostura'),
(5, 9, 2, 2, 'Cacao'),
(5, 9, 2, 3, 'Chumico'),
(5, 9, 2, 4, 'Guaria'),
(5, 9, 2, 5, 'Guastomatal'),
(5, 9, 2, 6, 'Morote'),
(5, 9, 2, 7, 'Tacanis'),
(5, 9, 2, 8, 'Uvita (parte)'),
(5, 9, 2, 9, 'Yerbabuena (parte).'),
(5, 9, 3, 1, 'Altos de Mora'),
(5, 9, 3, 2, 'Cabeceras de Río Ora'),
(5, 9, 3, 3, 'Camaronal'),
(5, 9, 3, 4, 'Carmen'),
(5, 9, 3, 5, 'Cuesta Bijagua'),
(5, 9, 3, 6, 'Leona'),
(5, 9, 3, 7, 'Manzanales'),
(5, 9, 3, 8, 'Río Blanco Este'),
(5, 9, 3, 9, 'Río de Oro'),
(5, 9, 3, 10, 'Río Ora'),
(5, 9, 3, 11, 'San Martín'),
(5, 9, 3, 12, 'San Pedro'),
(5, 9, 3, 13, 'Soledad.'),
(5, 9, 4, 1, 'Canjel'),
(5, 9, 4, 2, 'Canjelito'),
(5, 9, 4, 3, 'Corozal Oeste'),
(5, 9, 4, 4, 'Chamarro'),
(5, 9, 4, 5, 'Isla Berrugate'),
(5, 9, 4, 6, 'Pavones'),
(5, 9, 4, 7, 'Puerto Thiel'),
(5, 9, 4, 8, 'San Pablo Viejo.'),
(5, 9, 5, 1, 'Ángeles'),
(5, 9, 5, 2, 'Bellavista'),
(5, 9, 5, 3, 'Cabeceras de Río Bejuco'),
(5, 9, 5, 4, 'Chompipe (parte)'),
(5, 9, 5, 5, 'Delicias'),
(5, 9, 5, 6, 'Quebrada Grande'),
(5, 9, 5, 7, 'San Josecito.'),
(5, 9, 6, 1, 'Caletas'),
(5, 9, 6, 2, 'Candelillo'),
(5, 9, 6, 3, 'Corozalito'),
(5, 9, 6, 4, 'Chiruta'),
(5, 9, 6, 5, 'Chompipe (parte)'),
(5, 9, 6, 6, 'I Griega'),
(5, 9, 6, 7, 'Islita'),
(5, 9, 6, 8, 'Jabilla'),
(5, 9, 6, 9, 'Jabillos'),
(5, 9, 6, 10, 'Maicillal'),
(5, 9, 6, 11, 'Maquencal'),
(5, 9, 6, 12, 'Milagro'),
(5, 9, 6, 13, 'Millal'),
(5, 9, 6, 14, 'Mono'),
(5, 9, 6, 15, 'Pampas'),
(5, 9, 6, 16, 'Paso Vigas'),
(5, 9, 6, 17, 'Pencal'),
(5, 9, 6, 18, 'Playa Coyote'),
(5, 9, 6, 19, 'Playa San Miguel'),
(5, 9, 6, 20, 'Pueblo Nuevo'),
(5, 9, 6, 21, 'Punta Bejuco'),
(5, 9, 6, 22, 'Puerto Coyote'),
(5, 9, 6, 23, 'Quebrada Nando'),
(5, 9, 6, 24, 'Quebrada Seca'),
(5, 9, 6, 25, 'Rancho Floriana'),
(5, 9, 6, 26, 'San Francisco de Coyote'),
(5, 9, 6, 27, 'San Gabriel'),
(5, 9, 6, 28, 'San Miguel'),
(5, 9, 6, 29, 'Triunfo'),
(5, 9, 6, 30, 'Zapote.'),
(5, 10, 1, 1, 'Corazón de Jesús'),
(5, 10, 1, 2, 'Fátima'),
(5, 10, 1, 3, 'Irving'),
(5, 10, 1, 4, 'Orosí'),
(5, 10, 1, 5, 'Pinos'),
(5, 10, 1, 6, 'Santa Rosa.'),
(5, 10, 1, 7, 'Bellavista'),
(5, 10, 1, 8, 'Bello Horizonte'),
(5, 10, 1, 9, 'Brisas'),
(5, 10, 1, 10, 'Cacao'),
(5, 10, 1, 11, 'Carrizal'),
(5, 10, 1, 12, 'Carrizales'),
(5, 10, 1, 13, 'Colonia Bolaños'),
(5, 10, 1, 14, 'Copalchí'),
(5, 10, 1, 15, 'Infierno'),
(5, 10, 1, 16, 'Jobo'),
(5, 10, 1, 17, 'Libertad'),
(5, 10, 1, 18, 'Monte Plata'),
(5, 10, 1, 19, 'Montes de Oro'),
(5, 10, 1, 20, 'Pampa'),
(5, 10, 1, 21, 'Pegón'),
(5, 10, 1, 22, 'Peñas Blancas'),
(5, 10, 1, 23, 'Piedra Pómez'),
(5, 10, 1, 24, 'Puerto Soley'),
(5, 10, 1, 25, 'Recreo'),
(5, 10, 1, 26, 'San Buenaventura'),
(5, 10, 1, 27, 'San  Dimas'),
(5, 10, 1, 28, 'San Paco'),
(5, 10, 1, 29, 'San Roque'),
(5, 10, 1, 30, 'Santa Rogelia'),
(5, 10, 1, 31, 'Santa Rosa'),
(5, 10, 1, 32, 'Soley'),
(5, 10, 1, 33, 'Sonzapote'),
(5, 10, 1, 34, 'Tempatal'),
(5, 10, 1, 35, 'Vueltas.'),
(5, 10, 2, 1, 'Ángeles'),
(5, 10, 2, 2, 'Corrales Negros'),
(5, 10, 2, 3, 'Pueblo Nuevo'),
(5, 10, 2, 4, ''),
(5, 10, 2, 5, 'Argendora'),
(5, 10, 2, 6, 'Armenia'),
(5, 10, 2, 7, 'Belice'),
(5, 10, 2, 8, 'Bellavista'),
(5, 10, 2, 9, 'Brisas'),
(5, 10, 2, 10, 'Caoba'),
(5, 10, 2, 11, 'Esperanza'),
(5, 10, 2, 12, 'Flor del Norte'),
(5, 10, 2, 13, 'Lajosa'),
(5, 10, 2, 14, 'Marías'),
(5, 10, 2, 15, 'Palmares'),
(5, 10, 2, 16, 'San Antonio'),
(5, 10, 2, 17, 'San Cristóbal'),
(5, 10, 2, 18, 'San Rafael'),
(5, 10, 2, 19, 'San Vicente'),
(5, 10, 2, 20, 'Santa Elena'),
(5, 10, 2, 21, 'Sardina'),
(5, 10, 2, 22, 'Virgen.'),
(5, 10, 3, 1, 'Paraíso.'),
(5, 10, 3, 2, 'Agua Muerta'),
(5, 10, 3, 3, 'Andes'),
(5, 10, 3, 4, 'Asilo'),
(5, 10, 3, 5, 'Cañita'),
(5, 10, 3, 6, 'Carmen'),
(5, 10, 3, 7, 'Fortuna'),
(5, 10, 3, 8, 'Gloria'),
(5, 10, 3, 9, 'Guapinol'),
(5, 10, 3, 10, 'Inocentes'),
(5, 10, 3, 11, 'Lavaderos'),
(5, 10, 3, 12, 'Pochote'),
(5, 10, 3, 13, 'San Antonio'),
(5, 10, 3, 14, 'Tapesco.'),
(5, 10, 4, 1, 'Cedros'),
(5, 10, 4, 2, 'Guaria'),
(5, 10, 4, 3, 'Puerto Castilla'),
(5, 10, 4, 4, 'Rabo de Mico (Aguacaliente).'),
(5, 11, 1, 1, 'Ángeles'),
(5, 11, 1, 2, 'Arena'),
(5, 11, 1, 3, 'Ceiba'),
(5, 11, 1, 4, 'Cuesta Blanca'),
(5, 11, 1, 5, 'Libertad'),
(5, 11, 1, 6, 'Maravilla'),
(5, 11, 1, 7, 'Matambú'),
(5, 11, 1, 8, 'Palo de Jabón'),
(5, 11, 1, 9, 'Pilangosta'),
(5, 11, 1, 10, 'San Juan Bosco'),
(5, 11, 1, 11, 'San Rafael'),
(5, 11, 1, 12, 'Santa Elena (parte)'),
(5, 11, 1, 13, 'Varillal.'),
(5, 11, 2, 1, 'Altos del Socorro'),
(5, 11, 2, 2, 'Bajo Saltos'),
(5, 11, 2, 3, 'Cabrera'),
(5, 11, 2, 4, 'Cuesta Roja'),
(5, 11, 2, 5, 'Delicias'),
(5, 11, 2, 6, 'Guapinol'),
(5, 11, 2, 7, 'Loros'),
(5, 11, 2, 8, 'Mercedes'),
(5, 11, 2, 9, 'Palmares'),
(5, 11, 2, 10, 'Río Zapotal'),
(5, 11, 2, 11, 'San Isidro'),
(5, 11, 2, 12, 'Trinidad.'),
(5, 11, 3, 1, 'Angostura'),
(5, 11, 3, 2, 'Arbolito'),
(5, 11, 3, 3, 'Cuesta Malanoche'),
(5, 11, 3, 4, 'Estrada'),
(5, 11, 3, 5, 'Jobo'),
(5, 11, 3, 6, 'Lajas'),
(5, 11, 3, 7, 'Quebrada Bonita (parte)'),
(5, 11, 3, 8, 'San Miguel'),
(5, 11, 3, 9, 'Santa María.'),
(5, 11, 4, 1, 'Avellana'),
(5, 11, 4, 2, 'Pita Rayada'),
(5, 11, 4, 3, 'Río Blanco Oeste'),
(5, 11, 4, 4, 'Tres Quebradas.'),
(6, 1, 1, 1, 'Angostura'),
(6, 1, 1, 2, 'Carmen'),
(6, 1, 1, 3, 'Cocal'),
(6, 1, 1, 4, 'Playitas'),
(6, 1, 1, 5, 'Pochote'),
(6, 1, 1, 6, 'Pueblo Nuevo.'),
(6, 1, 1, 7, 'Isla Bejuco'),
(6, 1, 1, 8, 'Isla Caballo'),
(6, 1, 1, 9, 'Palmar.'),
(6, 1, 2, 1, 'Aranjuéz'),
(6, 1, 2, 2, 'Brillante (parte)'),
(6, 1, 2, 3, 'Cebadilla'),
(6, 1, 2, 4, 'Chapernal'),
(6, 1, 2, 5, 'Palermo'),
(6, 1, 2, 6, 'Pitahaya Vieja'),
(6, 1, 2, 7, 'Rancho Grande'),
(6, 1, 2, 8, 'San Marcos (parte)'),
(6, 1, 2, 9, 'Zapotal.'),
(6, 1, 3, 1, 'Alto Pie de Paloma'),
(6, 1, 3, 2, 'Cambalache'),
(6, 1, 3, 3, 'Cocoroca'),
(6, 1, 3, 4, 'Coyoles Motos'),
(6, 1, 3, 5, 'Don Jaime'),
(6, 1, 3, 6, 'Jarquín (parte)'),
(6, 1, 3, 7, 'Judas'),
(6, 1, 3, 8, 'Laberinto'),
(6, 1, 3, 9, 'Lagarto'),
(6, 1, 3, 10, 'Malinche'),
(6, 1, 3, 11, 'Morales'),
(6, 1, 3, 12, 'Pita'),
(6, 1, 3, 13, 'Playa Coco'),
(6, 1, 3, 14, 'Pocitos'),
(6, 1, 3, 15, 'Punta Morales'),
(6, 1, 3, 16, 'San Agustín'),
(6, 1, 3, 17, 'San Gerardo'),
(6, 1, 3, 18, 'Santa Juana'),
(6, 1, 3, 19, 'Sarmiento'),
(6, 1, 3, 20, 'Terrero'),
(6, 1, 3, 21, 'Vanegas'),
(6, 1, 3, 22, 'Yomalé.'),
(6, 1, 4, 1, 'Alto Fresca'),
(6, 1, 4, 2, 'Bajo Mora'),
(6, 1, 4, 3, 'Balsa'),
(6, 1, 4, 4, 'Balso'),
(6, 1, 4, 5, 'Bijagua'),
(6, 1, 4, 6, 'Brisas'),
(6, 1, 4, 7, 'Cabo Blanco'),
(6, 1, 4, 8, 'Camaronal'),
(6, 1, 4, 9, 'Cantil'),
(6, 1, 4, 10, 'Cañablancal'),
(6, 1, 4, 11, 'Cerro Frío'),
(6, 1, 4, 12, 'Cerro Indio'),
(6, 1, 4, 13, 'Cerro Pando'),
(6, 1, 4, 14, 'Corozal'),
(6, 1, 4, 15, 'Coto'),
(6, 1, 4, 16, 'Cuajiniquil'),
(6, 1, 4, 17, 'Chanchos'),
(6, 1, 4, 18, 'Chiqueros'),
(6, 1, 4, 19, 'Dominica'),
(6, 1, 4, 20, 'El Mora'),
(6, 1, 4, 21, 'Encanto'),
(6, 1, 4, 22, 'Fresca'),
(6, 1, 4, 23, 'Gloria'),
(6, 1, 4, 24, 'Golfo'),
(6, 1, 4, 25, 'Guabo'),
(6, 1, 4, 26, 'Guadalupe'),
(6, 1, 4, 27, 'Ilusión'),
(6, 1, 4, 28, 'Isla Venado'),
(6, 1, 4, 29, 'Jicaral'),
(6, 1, 4, 30, 'Juan de León'),
(6, 1, 4, 31, 'Milpa'),
(6, 1, 4, 32, 'Montaña Grande'),
(6, 1, 4, 33, 'Níspero'),
(6, 1, 4, 34, 'Nubes'),
(6, 1, 4, 35, 'Once Estrellas'),
(6, 1, 4, 36, 'Piedades'),
(6, 1, 4, 37, 'Pilas de Canjel'),
(6, 1, 4, 38, 'Punta de Cera'),
(6, 1, 4, 39, 'Río Seco'),
(6, 1, 4, 40, 'Sahíno'),
(6, 1, 4, 41, 'San Blas'),
(6, 1, 4, 42, 'San Miguel'),
(6, 1, 4, 43, 'San Miguel de Río Blanco'),
(6, 1, 4, 44, 'San Pedro'),
(6, 1, 4, 45, 'San Rafael'),
(6, 1, 4, 46, 'San Ramón de Río Blanco'),
(6, 1, 4, 47, 'Santa Rosa'),
(6, 1, 4, 48, 'Tigra'),
(6, 1, 4, 49, 'Tres Ríos'),
(6, 1, 4, 50, 'Tronconal'),
(6, 1, 4, 51, 'Unión'),
(6, 1, 4, 52, 'Vainilla.'),
(6, 1, 5, 1, 'Angeles'),
(6, 1, 5, 2, 'Astro Blanco'),
(6, 1, 5, 3, 'Bajo Negro'),
(6, 1, 5, 4, 'Cabeceras de Río Seco'),
(6, 1, 5, 5, 'Campiñas'),
(6, 1, 5, 6, 'Cerro Brujo'),
(6, 1, 5, 7, 'Concepción'),
(6, 1, 5, 8, 'Curú'),
(6, 1, 5, 9, 'Dulce Nombre'),
(6, 1, 5, 10, 'Espaveles'),
(6, 1, 5, 11, 'Esperanza'),
(6, 1, 5, 12, 'Flor'),
(6, 1, 5, 13, 'Gigante'),
(6, 1, 5, 14, 'Guaria'),
(6, 1, 5, 15, 'Higueronal'),
(6, 1, 5, 16, 'Isla Cedros'),
(6, 1, 5, 17, 'Isla Jesucita'),
(6, 1, 5, 18, 'Isla Tortuga'),
(6, 1, 5, 19, 'Leona'),
(6, 1, 5, 20, 'Mango'),
(6, 1, 5, 21, 'Naranjo'),
(6, 1, 5, 22, 'Pánica'),
(6, 1, 5, 23, 'Paraíso'),
(6, 1, 5, 24, 'Playa Blanca'),
(6, 1, 5, 25, 'Playa Cuchillo'),
(6, 1, 5, 26, 'Pochote'),
(6, 1, 5, 27, 'Punta del Río'),
(6, 1, 5, 28, 'Quebrada Bonita'),
(6, 1, 5, 29, 'Río Grande'),
(6, 1, 5, 30, 'Río Guarial'),
(6, 1, 5, 31, 'Río Seco'),
(6, 1, 5, 32, 'Rivas'),
(6, 1, 5, 33, 'San Fernando'),
(6, 1, 5, 34, 'San Luis'),
(6, 1, 5, 35, 'San Pedro'),
(6, 1, 5, 36, 'San Rafael'),
(6, 1, 5, 37, 'San Vicente'),
(6, 1, 5, 38, 'Santa Cecilia'),
(6, 1, 5, 39, 'Santa Lucía'),
(6, 1, 5, 40, 'Santa Rosa'),
(6, 1, 5, 41, 'Sonzapote'),
(6, 1, 5, 42, 'Tronco Negro'),
(6, 1, 5, 43, 'Valle Azul'),
(6, 1, 5, 44, 'Vueltas.'),
(6, 1, 6, 1, 'Abangaritos'),
(6, 1, 6, 2, 'Camarita'),
(6, 1, 6, 3, 'Costa de Pájaros'),
(6, 1, 6, 4, 'Coyolito (parte)'),
(6, 1, 6, 5, 'Cuesta Portillo.'),
(6, 1, 7, 1, 'Alto Méndez'),
(6, 1, 7, 2, 'Altos Fernández'),
(6, 1, 7, 3, 'Ángeles'),
(6, 1, 7, 4, 'Guaria'),
(6, 1, 7, 5, 'Lajón'),
(6, 1, 7, 6, 'San Antonio'),
(6, 1, 7, 7, 'Santa Rosa'),
(6, 1, 7, 8, 'Surtubal'),
(6, 1, 7, 9, 'Veracruz.'),
(6, 1, 8, 1, 'Rioja.'),
(6, 1, 8, 2, 'Obregón'),
(6, 1, 8, 3, 'San Joaquín'),
(6, 1, 8, 4, 'San Miguel'),
(6, 1, 8, 5, 'San Miguelito'),
(6, 1, 8, 6, 'Santa Ana.'),
(6, 1, 9, 1, 'Cerro Plano'),
(6, 1, 9, 2, 'Cuesta Blanca'),
(6, 1, 9, 3, 'Lindora'),
(6, 1, 9, 4, 'Llanos'),
(6, 1, 9, 5, 'Monte Verde'),
(6, 1, 9, 6, 'San Luis.'),
(6, 1, 11, 1, 'Abuela'),
(6, 1, 11, 2, 'Arío'),
(6, 1, 11, 3, 'Bajos de Arío'),
(6, 1, 11, 4, 'Bajos de Fernández'),
(6, 1, 11, 5, 'Bello Horizonte'),
(6, 1, 11, 6, 'Betel'),
(6, 1, 11, 7, 'Cabuya'),
(6, 1, 11, 8, 'Canaán'),
(6, 1, 11, 9, 'Cañada'),
(6, 1, 11, 10, 'Caño Seco Abajo'),
(6, 1, 11, 11, 'Caño Seco Arriba'),
(6, 1, 11, 12, 'Caño Seco Enmedio'),
(6, 1, 11, 13, 'Carmen'),
(6, 1, 11, 14, 'Cedro'),
(6, 1, 11, 15, 'Cerital'),
(6, 1, 11, 16, 'Cerro Buenavista'),
(6, 1, 11, 17, 'Cocal'),
(6, 1, 11, 18, 'Cocalito'),
(6, 1, 11, 19, 'Delicias'),
(6, 1, 11, 20, 'Malpaís'),
(6, 1, 11, 21, 'Montezuma'),
(6, 1, 11, 22, 'Muelle'),
(6, 1, 11, 23, 'Pachanga'),
(6, 1, 11, 24, 'Pavón'),
(6, 1, 11, 25, 'Pénjamo'),
(6, 1, 11, 26, 'Piedra Amarilla'),
(6, 1, 11, 27, 'Pita'),
(6, 1, 11, 28, 'Río Enmedio'),
(6, 1, 11, 29, 'Río Frío'),
(6, 1, 11, 30, 'Río Negro'),
(6, 1, 11, 31, 'San Antonio'),
(6, 1, 11, 32, 'San Isidro'),
(6, 1, 11, 33, 'San Jorge'),
(6, 1, 11, 34, 'San Ramón'),
(6, 1, 11, 35, 'Santa Clemencia'),
(6, 1, 11, 36, 'Santa Fe'),
(6, 1, 11, 37, 'Santa Teresa'),
(6, 1, 11, 38, 'Santiago'),
(6, 1, 11, 39, 'Tacotales'),
(6, 1, 11, 40, 'Tambor'),
(6, 1, 11, 41, 'Villalta.'),
(6, 1, 12, 1, 'Camboya'),
(6, 1, 12, 2, 'Carrizal'),
(6, 1, 12, 3, 'Chacarita'),
(6, 1, 12, 4, 'Chacarita Norte'),
(6, 1, 12, 5, 'Fertica'),
(6, 1, 12, 6, 'Fray Casiano'),
(6, 1, 12, 7, 'Huerto'),
(6, 1, 12, 8, 'Lindavista'),
(6, 1, 12, 9, 'Pueblo Redondo'),
(6, 1, 12, 10, 'Reyes'),
(6, 1, 12, 11, 'San Isidro'),
(6, 1, 12, 12, 'Santa Eduvigis'),
(6, 1, 12, 13, 'Tanque'),
(6, 1, 12, 14, 'Veinte de Noviembre.'),
(6, 1, 13, 1, 'Bocana'),
(6, 1, 13, 2, 'Lagartero'),
(6, 1, 13, 3, 'Montero'),
(6, 1, 13, 4, 'Pilas'),
(6, 1, 13, 5, 'Pochote'),
(6, 1, 13, 6, 'Puerto Coloradito'),
(6, 1, 13, 7, 'Puerto Mauricio'),
(6, 1, 13, 8, 'Puerto Palito.'),
(6, 1, 14, 1, 'Acapulco'),
(6, 1, 14, 2, 'Aranjuecito'),
(6, 1, 14, 3, 'Chapernalito'),
(6, 1, 14, 4, 'Claraboya'),
(6, 1, 14, 5, 'Coyolar'),
(6, 1, 14, 6, 'Quebrada Honda'),
(6, 1, 14, 7, 'San Marcos (parte).'),
(6, 1, 15, 1, 'Boca de Barranca'),
(6, 1, 15, 2, 'Chagüite'),
(6, 1, 15, 3, 'El Roble.'),
(6, 1, 16, 1, 'Poblados. Arancibia Norte'),
(6, 1, 16, 2, 'Arancibia Sur'),
(6, 1, 16, 3, 'Lagunas'),
(6, 1, 16, 4, 'Ojo de Agua'),
(6, 1, 16, 5, 'Rincón'),
(6, 1, 16, 6, 'San Martín Norte'),
(6, 1, 16, 7, 'San Martín Sur.'),
(6, 2, 1, 1, 'Marañonal (parte)'),
(6, 2, 1, 2, 'Mojón'),
(6, 2, 1, 3, 'Tejar.'),
(6, 2, 1, 4, 'Gregg'),
(6, 2, 1, 5, 'Humo'),
(6, 2, 1, 6, 'Mojoncito'),
(6, 2, 1, 7, 'Pan de Azúcar.'),
(6, 2, 2, 1, 'Jocote'),
(6, 2, 2, 2, 'Juanilama'),
(6, 2, 2, 3, 'San Juan Chiquito.'),
(6, 2, 3, 1, 'Marañonal (parte).'),
(6, 2, 3, 2, 'Bruselas'),
(6, 2, 3, 3, 'Guapinol'),
(6, 2, 3, 4, 'Nances'),
(6, 2, 3, 5, 'San Roque.'),
(6, 2, 4, 1, 'Alto Corteza'),
(6, 2, 4, 2, 'Barón'),
(6, 2, 4, 3, 'Facio'),
(6, 2, 4, 4, 'Llanada del Cacao'),
(6, 2, 4, 5, 'Maratón.'),
(6, 2, 5, 1, 'Cerrillos'),
(6, 2, 5, 2, 'Mesetas Abajo'),
(6, 2, 5, 3, 'Mesetas Arriba'),
(6, 2, 5, 4, 'Peña Blanca'),
(6, 2, 5, 5, 'Pretiles'),
(6, 2, 5, 6, 'Quebradas'),
(6, 2, 5, 7, 'Sabana Bonita.'),
(6, 2, 6, 1, 'Alto de Las Mesas'),
(6, 2, 6, 2, 'Artieda'),
(6, 2, 6, 3, 'Caldera'),
(6, 2, 6, 4, 'Cabezas'),
(6, 2, 6, 5, 'Cambalache'),
(6, 2, 6, 6, 'Cascabel'),
(6, 2, 6, 7, 'Corralillo'),
(6, 2, 6, 8, 'Cuesta Jocote'),
(6, 2, 6, 9, 'Figueroa'),
(6, 2, 6, 10, 'Finca Brazo Seco'),
(6, 2, 6, 11, 'Finca Cortijo'),
(6, 2, 6, 12, 'Guardianes de La Piedra'),
(6, 2, 6, 13, 'Hacienda La Moncha'),
(6, 2, 6, 14, 'Hacienda Mata de Guinea'),
(6, 2, 6, 15, 'Hacienda Playa Linda'),
(6, 2, 6, 16, 'Hacienda Salinas'),
(6, 2, 6, 17, 'Jesús María'),
(6, 2, 6, 18, 'Quebrada Honda'),
(6, 2, 6, 19, 'Salinas'),
(6, 2, 6, 20, 'San Antonio'),
(6, 2, 6, 21, 'Silencio'),
(6, 2, 6, 22, 'Tivives'),
(6, 2, 6, 23, 'Villanueva.'),
(6, 3, 1, 1, 'Alto Buenos Aires'),
(6, 3, 1, 2, 'Lomas.'),
(6, 3, 1, 3, 'Alto Alejo'),
(6, 3, 1, 4, 'Alto Brisas'),
(6, 3, 1, 5, 'Alto Calderón'),
(6, 3, 1, 6, 'Bajo Brisas'),
(6, 3, 1, 7, 'Bolas'),
(6, 3, 1, 8, 'Brujo'),
(6, 3, 1, 9, 'Cabagra (parte)'),
(6, 3, 1, 10, 'Caracol'),
(6, 3, 1, 11, 'Ceibo'),
(6, 3, 1, 12, 'Colepato'),
(6, 3, 1, 13, 'El Carmen'),
(6, 3, 1, 14, 'Guanacaste'),
(6, 3, 1, 15, 'Guadalupe'),
(6, 3, 1, 16, 'López'),
(6, 3, 1, 17, 'Los Altos'),
(6, 3, 1, 18, 'Llano Verde'),
(6, 3, 1, 19, 'Machomontes'),
(6, 3, 1, 20, 'Palmital'),
(6, 3, 1, 21, 'Paraíso (Ánimas)'),
(6, 3, 1, 22, 'Paso Verbá'),
(6, 3, 1, 23, 'Piñera'),
(6, 3, 1, 24, 'Platanares'),
(6, 3, 1, 25, 'Potrero Cerrado'),
(6, 3, 1, 26, 'Puente de Salitre'),
(6, 3, 1, 27, 'Río Azul'),
(6, 3, 1, 28, 'Salitre'),
(6, 3, 1, 29, 'San Carlos'),
(6, 3, 1, 30, 'San Luis (Florida)'),
(6, 3, 1, 31, 'San Miguel Este'),
(6, 3, 1, 32, 'San Miguel Oeste'),
(6, 3, 1, 33, 'San Vicente'),
(6, 3, 1, 34, 'Santa Cruz'),
(6, 3, 1, 35, 'Santa Eduvigis'),
(6, 3, 1, 36, 'Santa Marta'),
(6, 3, 1, 37, 'Sipar'),
(6, 3, 1, 38, 'Ujarrás'),
(6, 3, 1, 39, 'Villahermosa'),
(6, 3, 1, 40, 'Yheri.'),
(6, 3, 2, 1, 'Altamira'),
(6, 3, 2, 2, 'Ángel Arriba'),
(6, 3, 2, 3, 'Bajos del Río Grande'),
(6, 3, 2, 4, 'Cacao'),
(6, 3, 2, 5, 'Convento'),
(6, 3, 2, 6, 'Cordoncillo'),
(6, 3, 2, 7, 'Los Ángeles'),
(6, 3, 2, 8, 'Longo Mai'),
(6, 3, 2, 9, 'Peje'),
(6, 3, 2, 10, 'Quebradas'),
(6, 3, 2, 11, 'Río Grande'),
(6, 3, 2, 12, 'Sabanilla'),
(6, 3, 2, 13, 'Sonador'),
(6, 3, 2, 14, 'Tarise'),
(6, 3, 2, 15, 'Tres Ríos'),
(6, 3, 2, 16, 'Ultrapez.'),
(6, 3, 3, 1, 'Alto La Cruz.'),
(6, 3, 3, 2, 'Alto Tigre'),
(6, 3, 3, 3, 'Ángeles'),
(6, 3, 3, 4, 'Boca Limón'),
(6, 3, 3, 5, 'Brazos de Oro'),
(6, 3, 3, 6, 'Cabagra (parte)'),
(6, 3, 3, 7, 'Campo Alegre'),
(6, 3, 3, 8, 'Capri'),
(6, 3, 3, 9, 'Caracol'),
(6, 3, 3, 10, 'Caracucho'),
(6, 3, 3, 11, 'Clavera'),
(6, 3, 3, 12, 'Colegallo'),
(6, 3, 3, 13, 'Copal'),
(6, 3, 3, 14, 'Coto Brus (parte)'),
(6, 3, 3, 15, 'Cuesta Marañones'),
(6, 3, 3, 16, 'Delicias'),
(6, 3, 3, 17, 'Garrote'),
(6, 3, 3, 18, 'Guácimo'),
(6, 3, 3, 19, 'Guaria'),
(6, 3, 3, 20, 'Helechales'),
(6, 3, 3, 21, 'Jabillo'),
(6, 3, 3, 22, 'Jorón'),
(6, 3, 3, 23, 'Juntas'),
(6, 3, 3, 24, 'Lucha'),
(6, 3, 3, 25, 'Maravilla'),
(6, 3, 3, 26, 'Mesas'),
(6, 3, 3, 27, 'Mirador'),
(6, 3, 3, 28, 'Montelimar'),
(6, 3, 3, 29, 'Mosca'),
(6, 3, 3, 30, 'Palmira'),
(6, 3, 3, 31, 'Paso Real'),
(6, 3, 3, 32, 'Peje'),
(6, 3, 3, 33, 'Pita'),
(6, 3, 3, 34, 'Platanillal'),
(6, 3, 3, 35, 'Quijada'),
(6, 3, 3, 36, 'Río Coto'),
(6, 3, 3, 37, 'San Antonio'),
(6, 3, 3, 38, 'San Carlos'),
(6, 3, 3, 39, 'San Rafael de Cabagra'),
(6, 3, 3, 40, 'Santa Cecilia'),
(6, 3, 3, 41, 'Singri'),
(6, 3, 3, 42, 'Tablas'),
(6, 3, 3, 43, 'Tamarindo'),
(6, 3, 3, 44, 'Térraba'),
(6, 3, 3, 45, 'Tres Colinas'),
(6, 3, 3, 46, 'Tierras Negras'),
(6, 3, 3, 47, 'Volcancito'),
(6, 3, 3, 48, 'Vueltas.'),
(6, 3, 4, 1, 'Alto del Mojón'),
(6, 3, 4, 2, 'Bellavista'),
(6, 3, 4, 3, 'Cajón'),
(6, 3, 4, 4, 'Curré'),
(6, 3, 4, 5, 'Chamba'),
(6, 3, 4, 6, 'Changuenita'),
(6, 3, 4, 7, 'Doboncragua'),
(6, 3, 4, 8, 'Iguana'),
(6, 3, 4, 9, 'Kuibín'),
(6, 3, 4, 10, 'Lagarto'),
(6, 3, 4, 11, 'Mano de Tigre'),
(6, 3, 4, 12, 'Miravalles'),
(6, 3, 4, 13, 'Ojo de Agua (parte)'),
(6, 3, 4, 14, 'Presa'),
(6, 3, 4, 15, 'Puerto Nuevo'),
(6, 3, 4, 16, 'Sabanas (Barranco) (parte)'),
(6, 3, 4, 17, 'San Joaquín'),
(6, 3, 4, 18, 'Santa Cruz'),
(6, 3, 4, 19, 'Tigre'),
(6, 3, 4, 20, 'Tres Ríos.'),
(6, 3, 5, 1, 'Alto Pilas'),
(6, 3, 5, 2, 'Bajo Pilas'),
(6, 3, 5, 3, 'Bijagual'),
(6, 3, 5, 4, 'Ceibón'),
(6, 3, 5, 5, 'Concepción (La Danta)'),
(6, 3, 5, 6, 'Dibujada'),
(6, 3, 5, 7, 'Fortuna'),
(6, 3, 5, 8, 'La Gloria (Los Mangos)'),
(6, 3, 5, 9, 'Laguna'),
(6, 3, 5, 10, 'Ojo de Agua'),
(6, 3, 5, 11, 'Paso La Tinta'),
(6, 3, 5, 12, 'Pueblo Nuevo'),
(6, 3, 5, 13, 'Sabanas (Barranco parte)'),
(6, 3, 5, 14, 'Silencio'),
(6, 3, 5, 15, 'Tumbas.'),
(6, 3, 6, 1, 'Aguas Frescas'),
(6, 3, 6, 2, 'Alto Esmeralda'),
(6, 3, 6, 3, 'Ángeles'),
(6, 3, 6, 4, 'Bajo Dioses'),
(6, 3, 6, 5, 'Bajo Maíz'),
(6, 3, 6, 6, 'Bolsa'),
(6, 3, 6, 7, 'Cedral (Boquete)'),
(6, 3, 6, 8, 'Escuadra'),
(6, 3, 6, 9, 'Filadelfia (Aguabuena)'),
(6, 3, 6, 10, 'Guagaral'),
(6, 3, 6, 11, 'Jabillo'),
(6, 3, 6, 12, 'Jalisco'),
(6, 3, 6, 13, 'Laguna'),
(6, 3, 6, 14, 'Lajas'),
(6, 3, 6, 15, 'Maíz de Boruca'),
(6, 3, 6, 16, 'Mallal'),
(6, 3, 6, 17, 'Nubes'),
(6, 3, 6, 18, 'Ojo de Agua (parte)'),
(6, 3, 6, 19, 'San Luis'),
(6, 3, 6, 20, 'Virgen.'),
(6, 3, 7, 1, 'Alto Cacao'),
(6, 3, 7, 2, 'Bajo Mamey'),
(6, 3, 7, 3, 'Bonga'),
(6, 3, 7, 4, 'Cacique'),
(6, 3, 7, 5, 'Cantú'),
(6, 3, 7, 6, 'Cruces'),
(6, 3, 7, 7, 'Limón'),
(6, 3, 7, 8, 'Paraíso'),
(6, 3, 7, 9, 'Pataste'),
(6, 3, 7, 10, 'Pilón'),
(6, 3, 7, 11, 'Quebrada Bonita'),
(6, 3, 7, 12, 'San Luis'),
(6, 3, 7, 13, 'Santa Lucía'),
(6, 3, 7, 14, 'Santa María'),
(6, 3, 7, 15, 'Tres Ríos'),
(6, 3, 7, 16, 'Vegas de Chánguena'),
(6, 3, 7, 17, 'Vuelta Campana'),
(6, 3, 7, 18, 'Zapotal.'),
(6, 3, 8, 1, 'Almácigo'),
(6, 3, 8, 2, 'Altamira'),
(6, 3, 8, 3, 'Alto Sábalo'),
(6, 3, 8, 4, 'Bajo Sábalo'),
(6, 3, 8, 5, 'Bajos de Coto'),
(6, 3, 8, 6, 'Biolley'),
(6, 3, 8, 7, 'Carmen'),
(6, 3, 8, 8, 'Hamacas'),
(6, 3, 8, 9, 'Guayacán'),
(6, 3, 8, 10, 'Manzano'),
(6, 3, 8, 11, 'Naranjos'),
(6, 3, 8, 12, 'Puna.'),
(6, 3, 9, 1, 'Achiote'),
(6, 3, 9, 2, 'Alto Achiote'),
(6, 3, 9, 3, 'Cañas'),
(6, 3, 9, 4, 'Guadalajara'),
(6, 3, 9, 5, 'Llano Bonito'),
(6, 3, 9, 6, 'Oasis'),
(6, 3, 9, 7, 'San Rafael'),
(6, 3, 9, 8, 'Santa Cecilia'),
(6, 3, 9, 9, 'Santa María'),
(6, 3, 9, 10, 'Santa Rosa'),
(6, 3, 9, 11, 'Socorro.'),
(6, 4, 1, 1, 'Alto Pavones'),
(6, 4, 1, 2, 'Bajo Zamora'),
(6, 4, 1, 3, 'Barbudal'),
(6, 4, 1, 4, 'Bellavista'),
(6, 4, 1, 5, 'Brillante (parte)'),
(6, 4, 1, 6, 'Cabuyal'),
(6, 4, 1, 7, 'Delicias'),
(6, 4, 1, 8, 'Fraijanes'),
(6, 4, 1, 9, 'Lagunilla'),
(6, 4, 1, 10, 'Río Seco'),
(6, 4, 1, 11, 'Tajo Alto'),
(6, 4, 1, 12, 'Trinidad'),
(6, 4, 1, 13, 'Zagala Vieja'),
(6, 4, 1, 14, 'Zamora'),
(6, 4, 1, 15, 'Zapotal (parte).'),
(6, 4, 2, 1, 'Bajo Caliente (parte)'),
(6, 4, 2, 2, 'Cedral'),
(6, 4, 2, 3, 'Laguna'),
(6, 4, 2, 4, 'Micas'),
(6, 4, 2, 5, 'Palmital'),
(6, 4, 2, 6, 'San Buenaventura'),
(6, 4, 2, 7, 'Velásquez'),
(6, 4, 2, 8, 'Ventanas'),
(6, 4, 2, 9, 'Zagala Nueva.'),
(6, 4, 3, 1, 'Aguabuena'),
(6, 4, 3, 2, 'Ciruelas'),
(6, 4, 3, 3, 'Cuatro Cruces'),
(6, 4, 3, 4, 'Isla'),
(6, 4, 3, 5, 'Santa Rosa'),
(6, 4, 3, 6, 'Tiocinto.'),
(6, 5, 1, 1, 'Canadá'),
(6, 5, 1, 2, 'Cementerio'),
(6, 5, 1, 3, 'Cinco Esquinas'),
(6, 5, 1, 4, 'Precario'),
(6, 5, 1, 5, 'Pueblo Nuevo'),
(6, 5, 1, 6, 'Renacimiento'),
(6, 5, 1, 7, 'Yuca.'),
(6, 5, 1, 8, 'Balsar'),
(6, 5, 1, 9, 'Bocabrava'),
(6, 5, 1, 10, 'Bocachica'),
(6, 5, 1, 11, 'Cerrón'),
(6, 5, 1, 12, 'Coronado'),
(6, 5, 1, 13, 'Chontales'),
(6, 5, 1, 14, 'Delicias'),
(6, 5, 1, 15, 'Embarcadero'),
(6, 5, 1, 16, 'Fuente'),
(6, 5, 1, 17, 'Isla Sorpresa'),
(6, 5, 1, 18, 'Lindavista'),
(6, 5, 1, 19, 'Lourdes'),
(6, 5, 1, 20, 'Ojochal'),
(6, 5, 1, 21, 'Ojo de Agua'),
(6, 5, 1, 22, 'Parcelas'),
(6, 5, 1, 23, 'Pozo'),
(6, 5, 1, 24, 'Punta Mala'),
(6, 5, 1, 25, 'Punta Mala Arriba'),
(6, 5, 1, 26, 'San Buenaventura'),
(6, 5, 1, 27, 'San Juan'),
(6, 5, 1, 28, 'San Marcos'),
(6, 5, 1, 29, 'Tagual'),
(6, 5, 1, 30, 'Tortuga Abajo'),
(6, 5, 1, 31, 'Tres Ríos'),
(6, 5, 1, 32, 'Vista de Térraba.'),
(6, 5, 2, 1, 'Betania'),
(6, 5, 2, 2, 'Once de Abril'),
(6, 5, 2, 3, 'Palmar Sur.'),
(6, 5, 2, 4, 'Alemania'),
(6, 5, 2, 5, 'Alto Ángeles'),
(6, 5, 2, 6, 'Alto Encanto'),
(6, 5, 2, 7, 'Alto Montura'),
(6, 5, 2, 8, 'Bellavista'),
(6, 5, 2, 9, 'Calavera'),
(6, 5, 2, 10, 'Cansot'),
(6, 5, 2, 11, 'Cañablancal (Este)'),
(6, 5, 2, 12, 'Cañablancal (Oeste) Coobó (Progreso)'),
(6, 5, 2, 13, 'Coquito'),
(6, 5, 2, 14, 'Gorrión'),
(6, 5, 2, 15, 'Jalaca (parte)'),
(6, 5, 2, 16, 'Olla Cero'),
(6, 5, 2, 17, 'Palma'),
(6, 5, 2, 18, 'Paraíso'),
(6, 5, 2, 19, 'Primero de Marzo'),
(6, 5, 2, 20, 'Puerta del Sol'),
(6, 5, 2, 21, 'San Cristóbal'),
(6, 5, 2, 22, 'San Francisco (Tinoco)'),
(6, 5, 2, 23, 'San Gabriel'),
(6, 5, 2, 24, 'San Isidro'),
(6, 5, 2, 25, 'San Rafael'),
(6, 5, 2, 26, 'Santa Elena'),
(6, 5, 2, 27, 'Silencio'),
(6, 5, 2, 28, 'Trocha'),
(6, 5, 2, 29, 'Vergel'),
(6, 5, 2, 30, 'Victoria'),
(6, 5, 2, 31, 'Zapote.'),
(6, 5, 3, 1, 'Ajuntaderas'),
(6, 5, 3, 2, 'Alto Los Mogos'),
(6, 5, 3, 3, 'Alto San Juan'),
(6, 5, 3, 4, 'Bahía Chal'),
(6, 5, 3, 5, 'Bajos Matías'),
(6, 5, 3, 6, 'Barco'),
(6, 5, 3, 7, 'Bejuco'),
(6, 5, 3, 8, 'Boca Chocuaco'),
(6, 5, 3, 9, 'Gallega'),
(6, 5, 3, 10, 'Camíbar'),
(6, 5, 3, 11, 'Campo de Aguabuena'),
(6, 5, 3, 12, 'Cantarrana'),
(6, 5, 3, 13, 'Charcos'),
(6, 5, 3, 14, 'Chocuaco'),
(6, 5, 3, 15, 'Garrobo'),
(6, 5, 3, 16, 'Guabos'),
(6, 5, 3, 17, 'Isidora'),
(6, 5, 3, 18, 'Islotes'),
(6, 5, 3, 19, 'Jalaca (parte)'),
(6, 5, 3, 20, 'Julia'),
(6, 5, 3, 21, 'Miramar'),
(6, 5, 3, 22, 'Mogos'),
(6, 5, 3, 23, 'Monterrey'),
(6, 5, 3, 24, 'Playa Palma'),
(6, 5, 3, 25, 'Playitas'),
(6, 5, 3, 26, 'Potrero'),
(6, 5, 3, 27, 'Puerto Escondido'),
(6, 5, 3, 28, 'Rincón'),
(6, 5, 3, 29, 'Sábalo'),
(6, 5, 3, 30, 'San Gerardo'),
(6, 5, 3, 31, 'San Juan'),
(6, 5, 3, 32, 'Taboga'),
(6, 5, 3, 33, 'Taboguita'),
(6, 5, 3, 34, 'Tigre'),
(6, 5, 3, 35, 'Varillal.'),
(6, 5, 4, 1, 'Bahía'),
(6, 5, 4, 2, 'Ballena'),
(6, 5, 4, 3, 'Brisas'),
(6, 5, 4, 4, 'Cambutal'),
(6, 5, 4, 5, 'Dominical'),
(6, 5, 4, 6, 'Dominicalito'),
(6, 5, 4, 7, 'Escaleras'),
(6, 5, 4, 8, 'Piedra Achiote'),
(6, 5, 4, 9, 'Piñuela'),
(6, 5, 4, 10, 'Playa Hermosa'),
(6, 5, 4, 11, 'Poza Azul'),
(6, 5, 4, 12, 'Puerto Nuevo'),
(6, 5, 4, 13, 'Quebrada Grande'),
(6, 5, 4, 14, 'Rocas Amancio'),
(6, 5, 4, 15, 'San Josecito'),
(6, 5, 4, 16, 'San Martín'),
(6, 5, 4, 17, 'Tortuga Arriba'),
(6, 5, 4, 18, 'Ventanas.'),
(6, 5, 5, 1, 'Ángeles'),
(6, 5, 5, 2, 'Bellavista'),
(6, 5, 5, 3, 'Calera'),
(6, 5, 5, 4, 'Cerro Oscuro'),
(6, 5, 5, 5, 'Chacarita'),
(6, 5, 5, 6, 'Fila'),
(6, 5, 5, 7, 'Finca Alajuela'),
(6, 5, 5, 8, 'Finca Guanacaste'),
(6, 5, 5, 9, 'Finca Puntarenas'),
(6, 5, 5, 10, 'Florida'),
(6, 5, 5, 11, 'Guaria'),
(6, 5, 5, 12, 'Kilómetro 40'),
(6, 5, 5, 13, 'Navidad'),
(6, 5, 5, 14, 'Nubes'),
(6, 5, 5, 15, 'Porvenir'),
(6, 5, 5, 16, 'Rincón Caliente'),
(6, 5, 5, 17, 'Salamá'),
(6, 5, 5, 18, 'San Martín'),
(6, 5, 5, 19, 'Santa Cecilia'),
(6, 5, 5, 20, 'Santa Rosa'),
(6, 5, 5, 21, 'Sinaí'),
(6, 5, 5, 22, 'Venecia'),
(6, 5, 5, 23, 'Villa Bonita'),
(6, 5, 5, 24, 'Villa Colón.'),
(6, 5, 6, 1, 'Ángeles'),
(6, 5, 6, 2, 'Banegas'),
(6, 5, 6, 3, 'Boca Ganado'),
(6, 5, 6, 4, 'Campanario'),
(6, 5, 6, 5, 'Caletas'),
(6, 5, 6, 6, 'Guerra'),
(6, 5, 6, 7, 'Planes'),
(6, 5, 6, 8, 'Progreso'),
(6, 5, 6, 9, 'Quebrada Ganado'),
(6, 5, 6, 10, 'Rancho Quemado'),
(6, 5, 6, 11, 'Riyito'),
(6, 5, 6, 12, 'San                   Josecito (Rincón)'),
(6, 5, 6, 13, 'San Pedrillo.'),
(6, 6, 1, 1, 'Boca Vieja'),
(6, 6, 1, 2, 'Cocal'),
(6, 6, 1, 3, 'Colinas del Este'),
(6, 6, 1, 4, 'Inmaculada'),
(6, 6, 1, 5, 'Junta Naranjo'),
(6, 6, 1, 6, 'La Zona'),
(6, 6, 1, 7, 'Rancho Grande.'),
(6, 6, 1, 8, 'Anita'),
(6, 6, 1, 9, 'Bartolo'),
(6, 6, 1, 10, 'Boca Naranjo'),
(6, 6, 1, 11, 'Cañas'),
(6, 6, 1, 12, 'Cañitas'),
(6, 6, 1, 13, 'Cerritos'),
(6, 6, 1, 14, 'Cerros'),
(6, 6, 1, 15, 'Damas'),
(6, 6, 1, 16, 'Delicias'),
(6, 6, 1, 17, 'Espadilla'),
(6, 6, 1, 18, 'Estero Damas'),
(6, 6, 1, 19, 'Estero Garita'),
(6, 6, 1, 20, 'Gallega'),
(6, 6, 1, 21, 'Llamarón'),
(6, 6, 1, 22, 'Llorona'),
(6, 6, 1, 23, 'Managua'),
(6, 6, 1, 24, 'Manuel Antonio'),
(6, 6, 1, 25, 'Marítima'),
(6, 6, 1, 26, 'Mona'),
(6, 6, 1, 27, 'Papaturro'),
(6, 6, 1, 28, 'Paquita'),
(6, 6, 1, 29, 'Pastora'),
(6, 6, 1, 30, 'Quebrada Azul'),
(6, 6, 1, 31, 'Rey'),
(6, 6, 1, 32, 'Ríos'),
(6, 6, 1, 33, 'Roncador'),
(6, 6, 1, 34, 'San Rafael.'),
(6, 6, 2, 1, 'Dos Bocas'),
(6, 6, 2, 2, 'Guabas'),
(6, 6, 2, 3, 'Guápil'),
(6, 6, 2, 4, 'Hatillo Nuevo'),
(6, 6, 2, 5, 'Hatillo Viejo'),
(6, 6, 2, 6, 'Laguna'),
(6, 6, 2, 7, 'Nubes'),
(6, 6, 2, 8, 'Palma Quemada'),
(6, 6, 2, 9, 'Pasito'),
(6, 6, 2, 10, 'Paso'),
(6, 6, 2, 11, 'Paso Guanacaste'),
(6, 6, 2, 12, 'Platanillo'),
(6, 6, 2, 13, 'Playa Matapalo'),
(6, 6, 2, 14, 'Portalón'),
(6, 6, 2, 15, 'Punto de Mira'),
(6, 6, 2, 16, 'Salitral'),
(6, 6, 2, 17, 'Salsipuedes'),
(6, 6, 2, 18, 'San Andrés'),
(6, 6, 2, 19, 'Santo Domingo'),
(6, 6, 2, 20, 'Silencio'),
(6, 6, 2, 21, 'Tierras Morenas'),
(6, 6, 2, 22, 'Tres Piedras (parte).'),
(6, 6, 3, 1, 'Bijagual'),
(6, 6, 3, 2, 'Buenos Aires'),
(6, 6, 3, 3, 'Capital'),
(6, 6, 3, 4, 'Concepción'),
(6, 6, 3, 5, 'Cotos'),
(6, 6, 3, 6, 'Londres'),
(6, 6, 3, 7, 'Negro'),
(6, 6, 3, 8, 'Pascua'),
(6, 6, 3, 9, 'Paso Indios'),
(6, 6, 3, 10, 'Paso Real'),
(6, 6, 3, 11, 'Sábalo'),
(6, 6, 3, 12, 'Santa Juana'),
(6, 6, 3, 13, 'Tocorí'),
(6, 6, 3, 14, 'Villanueva.'),
(6, 7, 1, 1, 'Alamedas'),
(6, 7, 1, 2, 'Bellavista'),
(6, 7, 1, 3, 'Bolsa'),
(6, 7, 1, 4, 'Disco'),
(6, 7, 1, 5, 'Kilómetro 1'),
(6, 7, 1, 6, 'Kilómetro 2'),
(6, 7, 1, 7, 'Kilómetro 3'),
(6, 7, 1, 8, 'Laguna'),
(6, 7, 1, 9, 'Llano Bonito'),
(6, 7, 1, 10, 'Minerva'),
(6, 7, 1, 11, 'Naranjal'),
(6, 7, 1, 12, 'Oasis de Esperanza'),
(6, 7, 1, 13, 'Parroquial'),
(6, 7, 1, 14, 'Pueblo Civil'),
(6, 7, 1, 15, 'Rotonda'),
(6, 7, 1, 16, 'San Andrés'),
(6, 7, 1, 17, 'San Martín'),
(6, 7, 1, 18, 'Zona Gris.'),
(6, 7, 1, 19, 'Aguada'),
(6, 7, 1, 20, 'Ánimas'),
(6, 7, 1, 21, 'Atrocho'),
(6, 7, 1, 22, 'Bajo Chontales'),
(6, 7, 1, 23, 'Bajo de Coto'),
(6, 7, 1, 24, 'Bajo Grapa'),
(6, 7, 1, 25, 'Bajo Mansito'),
(6, 7, 1, 26, 'Bajo Sucio'),
(6, 7, 1, 27, 'Bajos de Cañablanca'),
(6, 7, 1, 28, 'Cuarenta y Cinco'),
(6, 7, 1, 29, 'Dos Ríos'),
(6, 7, 1, 30, 'Esperanza de Coto'),
(6, 7, 1, 31, 'Gallardo'),
(6, 7, 1, 32, 'Huacas'),
(6, 7, 1, 33, 'Jorge Brenes Durán'),
(6, 7, 1, 34, 'Kilómetro 5'),
(6, 7, 1, 35, 'Kilómetro 7'),
(6, 7, 1, 36, 'Kilómetro 9'),
(6, 7, 1, 37, 'Kilómetro 16'),
(6, 7, 1, 38, 'Kilómetro 20'),
(6, 7, 1, 39, 'Kilómetro 24'),
(6, 7, 1, 40, 'Manuel Tucker Martínez'),
(6, 7, 1, 41, 'Mona'),
(6, 7, 1, 42, 'Nazaret'),
(6, 7, 1, 43, 'Paso Higuerón'),
(6, 7, 1, 44, 'Playa Cacao'),
(6, 7, 1, 45, 'Puerto Escondido'),
(6, 7, 1, 46, 'Puntarenitas'),
(6, 7, 1, 47, 'Purruja'),
(6, 7, 1, 48, 'Rancho Relámpago');
INSERT INTO `ubicacion_barrio` (`provincia_id`, `canton_id`, `distrito_id`, `barrio_id`, `barrio`) VALUES
(6, 7, 1, 49, 'Riyito'),
(6, 7, 1, 50, 'Saladero'),
(6, 7, 1, 51, 'Saladerito'),
(6, 7, 1, 52, 'San Francisco'),
(6, 7, 1, 53, 'San Josecito'),
(6, 7, 1, 54, 'Torres'),
(6, 7, 1, 55, 'Trenzas'),
(6, 7, 1, 56, 'Unión de Coto'),
(6, 7, 1, 57, 'Ureña'),
(6, 7, 1, 58, 'Valle Bonito'),
(6, 7, 1, 59, 'Viquilla Dos.'),
(6, 7, 2, 1, 'Pueblo Nuevo.'),
(6, 7, 2, 2, 'Aguabuena'),
(6, 7, 2, 3, 'Agujas'),
(6, 7, 2, 4, 'Miramar (Altos Corozal)'),
(6, 7, 2, 5, 'Amapola'),
(6, 7, 2, 6, 'Balsa'),
(6, 7, 2, 7, 'Bambú'),
(6, 7, 2, 8, 'Barrigones'),
(6, 7, 2, 9, 'Barrio Bonito'),
(6, 7, 2, 10, 'Boca Gallardo'),
(6, 7, 2, 11, 'Cañaza'),
(6, 7, 2, 12, 'Carate'),
(6, 7, 2, 13, 'Carbonera'),
(6, 7, 2, 14, 'Cerro de Oro'),
(6, 7, 2, 15, 'Dos Brazos'),
(6, 7, 2, 16, 'Guadalupe'),
(6, 7, 2, 17, 'Independencia'),
(6, 7, 2, 18, 'Lajitas'),
(6, 7, 2, 19, 'Ñeque'),
(6, 7, 2, 20, 'Palma'),
(6, 7, 2, 21, 'Paloseco'),
(6, 7, 2, 22, 'Playa Blanca'),
(6, 7, 2, 23, 'Playa Tigre'),
(6, 7, 2, 24, 'Puerto Escondido'),
(6, 7, 2, 25, 'Quebrada Latarde'),
(6, 7, 2, 26, 'Río Nuevo'),
(6, 7, 2, 27, 'Río Oro'),
(6, 7, 2, 28, 'Río Piro (Coyunda)'),
(6, 7, 2, 29, 'Sándalo'),
(6, 7, 2, 30, 'San Miguel'),
(6, 7, 2, 31, 'Sombrero'),
(6, 7, 2, 32, 'Terrones'),
(6, 7, 2, 33, 'Tigre.'),
(6, 7, 3, 1, 'Santiago.'),
(6, 7, 3, 2, 'Bajo Bonita'),
(6, 7, 3, 3, 'Bajo Cedros'),
(6, 7, 3, 4, 'Buenavista'),
(6, 7, 3, 5, 'Cerro Café'),
(6, 7, 3, 6, 'Chiqueros'),
(6, 7, 3, 7, 'Delicias'),
(6, 7, 3, 8, 'El Alto'),
(6, 7, 3, 9, 'Esperanza'),
(6, 7, 3, 10, 'Gamba'),
(6, 7, 3, 11, 'Kilómetro 29'),
(6, 7, 3, 12, 'Kilómetro 33'),
(6, 7, 3, 13, 'La Julieta'),
(6, 7, 3, 14, 'Santiago de Caracol'),
(6, 7, 3, 15, 'Tigre (Caracol Norte)'),
(6, 7, 3, 16, 'Valle Cedros'),
(6, 7, 3, 17, 'Vegas de Río Claro'),
(6, 7, 3, 18, 'Villa Briceño'),
(6, 7, 3, 19, 'Viquilla Uno.'),
(6, 7, 4, 1, 'Altos de Conte'),
(6, 7, 4, 2, 'Banco'),
(6, 7, 4, 3, 'Burica'),
(6, 7, 4, 4, 'Clarita'),
(6, 7, 4, 5, 'Cocal Amarillo'),
(6, 7, 4, 6, 'Cuervito'),
(6, 7, 4, 7, 'Escuadra'),
(6, 7, 4, 8, 'Esperanza de Sábalos'),
(6, 7, 4, 9, 'Estero Colorado'),
(6, 7, 4, 10, 'Estrella'),
(6, 7, 4, 11, 'Flor de Coto'),
(6, 7, 4, 12, 'Fortuna de Coto'),
(6, 7, 4, 13, 'Guaymí'),
(6, 7, 4, 14, 'Higo'),
(6, 7, 4, 15, 'Jardín'),
(6, 7, 4, 16, 'La Virgen'),
(6, 7, 4, 17, 'Lindamar'),
(6, 7, 4, 18, 'Manzanillo'),
(6, 7, 4, 19, 'Pavones'),
(6, 7, 4, 20, 'Peñas'),
(6, 7, 4, 21, 'Peñita'),
(6, 7, 4, 22, 'Puerto Pilón'),
(6, 7, 4, 23, 'Puesto La Playa'),
(6, 7, 4, 24, 'Punta Banco'),
(6, 7, 4, 25, 'Quebrada Honda'),
(6, 7, 4, 26, 'Riviera'),
(6, 7, 4, 27, 'Sábalos'),
(6, 7, 4, 28, 'Tigrito'),
(6, 7, 4, 29, 'Unión del Sur'),
(6, 7, 4, 30, 'Vanegas'),
(6, 7, 4, 31, 'Yerba'),
(6, 7, 4, 32, 'Zancudo.'),
(6, 8, 1, 1, 'Canadá'),
(6, 8, 1, 2, 'María Auxiliadora'),
(6, 8, 1, 3, 'Tres Ríos.'),
(6, 8, 1, 4, 'Aguas Claras'),
(6, 8, 1, 5, 'Bajo Reyes'),
(6, 8, 1, 6, 'Bajo Venado'),
(6, 8, 1, 7, 'Barrantes'),
(6, 8, 1, 8, 'Ceibo'),
(6, 8, 1, 9, 'Cruces'),
(6, 8, 1, 10, 'Cuenca de Oro'),
(6, 8, 1, 11, 'Danto'),
(6, 8, 1, 12, 'Fila Guinea'),
(6, 8, 1, 13, 'Isla'),
(6, 8, 1, 14, 'Lindavista'),
(6, 8, 1, 15, 'Lourdes'),
(6, 8, 1, 16, 'Maravilla'),
(6, 8, 1, 17, 'Piedra Pintada'),
(6, 8, 1, 18, 'San Joaquín'),
(6, 8, 1, 19, 'Santa Clara'),
(6, 8, 1, 20, 'Torre Alta.'),
(6, 8, 2, 1, 'Ángeles'),
(6, 8, 2, 2, 'Brasilia'),
(6, 8, 2, 3, 'Casablanca'),
(6, 8, 2, 4, 'Chanchera'),
(6, 8, 2, 5, 'El Gallo'),
(6, 8, 2, 6, 'Juntas'),
(6, 8, 2, 7, 'La Esmeralda'),
(6, 8, 2, 8, 'Lucha'),
(6, 8, 2, 9, 'Mellizas'),
(6, 8, 2, 10, 'Miraflores'),
(6, 8, 2, 11, 'Piedra de Candela'),
(6, 8, 2, 12, 'Plantel'),
(6, 8, 2, 13, 'Porto Llano'),
(6, 8, 2, 14, 'Primavera'),
(6, 8, 2, 15, 'Progreso'),
(6, 8, 2, 16, 'Providencia'),
(6, 8, 2, 17, 'Pueblo Nuevo'),
(6, 8, 2, 18, 'Río Negro'),
(6, 8, 2, 19, 'Río Sereno'),
(6, 8, 2, 20, 'San Antonio'),
(6, 8, 2, 21, 'San Bosco'),
(6, 8, 2, 22, 'San Francisco'),
(6, 8, 2, 23, 'San Luis'),
(6, 8, 2, 24, 'San Marcos'),
(6, 8, 2, 25, 'San Miguel'),
(6, 8, 2, 26, 'San Rafael'),
(6, 8, 2, 27, 'San Ramón'),
(6, 8, 2, 28, 'Santa Rosa'),
(6, 8, 2, 29, 'Santa Teresa'),
(6, 8, 2, 30, 'Tigra'),
(6, 8, 2, 31, 'Trinidad'),
(6, 8, 2, 32, 'Unión'),
(6, 8, 2, 33, 'Valle Hermoso.'),
(6, 8, 3, 1, 'Bello Oriente'),
(6, 8, 3, 2, 'Campo Tres'),
(6, 8, 3, 3, 'Cañas Gordas'),
(6, 8, 3, 4, 'Concepción'),
(6, 8, 3, 5, 'Copabuena'),
(6, 8, 3, 6, 'Copal'),
(6, 8, 3, 7, 'Fila Zapote'),
(6, 8, 3, 8, 'Metaponto'),
(6, 8, 3, 9, 'Pilares'),
(6, 8, 3, 10, 'Pueblo Nuevo'),
(6, 8, 3, 11, 'Quebrada Bonita'),
(6, 8, 3, 12, 'Río Salto'),
(6, 8, 3, 13, 'San Francisco'),
(6, 8, 3, 14, 'San Gabriel'),
(6, 8, 3, 15, 'San Pedro'),
(6, 8, 3, 16, 'Santa Cecilia'),
(6, 8, 3, 17, 'Santa Marta'),
(6, 8, 3, 18, 'Santo Domingo'),
(6, 8, 3, 19, 'Valle Azul.'),
(6, 8, 4, 1, 'Aguacate'),
(6, 8, 4, 2, 'Alto Limoncito'),
(6, 8, 4, 3, 'Ángeles'),
(6, 8, 4, 4, 'Bonanza'),
(6, 8, 4, 5, 'Brusmalis'),
(6, 8, 4, 6, 'Chiva'),
(6, 8, 4, 7, 'Desamparados'),
(6, 8, 4, 8, 'Esperanza'),
(6, 8, 4, 9, 'Fila'),
(6, 8, 4, 10, 'Manchuria'),
(6, 8, 4, 11, 'Sabanilla'),
(6, 8, 4, 12, 'San Gerardo'),
(6, 8, 4, 13, 'San Juan'),
(6, 8, 4, 14, 'San Miguel'),
(6, 8, 4, 15, 'San Rafael'),
(6, 8, 4, 16, 'Santa Marta'),
(6, 8, 4, 17, 'Santa Rita'),
(6, 8, 4, 18, 'Unión'),
(6, 8, 4, 19, 'Valle'),
(6, 8, 4, 20, 'Villapalacios'),
(6, 8, 4, 21, 'Zumbona.'),
(6, 8, 5, 1, 'Aguacaliente'),
(6, 8, 5, 2, 'Camaquiri'),
(6, 8, 5, 3, 'Cocorí'),
(6, 8, 5, 4, 'Coto Brus (parte)'),
(6, 8, 5, 5, 'Fila Méndez'),
(6, 8, 5, 6, 'Fila Naranjo'),
(6, 8, 5, 7, 'Fila Tigre'),
(6, 8, 5, 8, 'Marías'),
(6, 8, 5, 9, 'Monterrey'),
(6, 8, 5, 10, 'Palmira'),
(6, 8, 5, 11, 'Santa Fe.'),
(6, 8, 6, 1, 'Alpha'),
(6, 8, 6, 2, 'Alturas de Cotón'),
(6, 8, 6, 3, 'Brisas'),
(6, 8, 6, 4, 'Fila Pinar'),
(6, 8, 6, 5, 'Fila San Rafael'),
(6, 8, 6, 6, 'Flor del Roble'),
(6, 8, 6, 7, 'Guinea Arriba'),
(6, 8, 6, 8, 'La Administración'),
(6, 8, 6, 9, 'Libertad'),
(6, 8, 6, 10, 'Poma'),
(6, 8, 6, 11, 'Río Marzo'),
(6, 8, 6, 12, 'Roble'),
(6, 8, 6, 13, 'Roble Arriba'),
(6, 8, 6, 14, 'Siete Colinas.'),
(6, 9, 1, 1, 'Julieta'),
(6, 9, 1, 2, 'Pueblo Nuevo.'),
(6, 9, 1, 3, 'Alto Camacho'),
(6, 9, 1, 4, 'Ángeles'),
(6, 9, 1, 5, 'Bajos Jicote'),
(6, 9, 1, 6, 'Bambú'),
(6, 9, 1, 7, 'Bandera'),
(6, 9, 1, 8, 'Barbudal'),
(6, 9, 1, 9, 'Bejuco'),
(6, 9, 1, 10, 'Boca del Parrita'),
(6, 9, 1, 11, 'Carmen (parte)'),
(6, 9, 1, 12, 'Chires'),
(6, 9, 1, 13, 'Chires Arriba'),
(6, 9, 1, 14, 'Chirraca Abajo'),
(6, 9, 1, 15, 'Chirraca Arriba'),
(6, 9, 1, 16, 'Esterillos Centro'),
(6, 9, 1, 17, 'Esterillos Este'),
(6, 9, 1, 18, 'Esterillos Oeste'),
(6, 9, 1, 19, 'Fila Surubres'),
(6, 9, 1, 20, 'Guapinol'),
(6, 9, 1, 21, 'Higuito'),
(6, 9, 1, 22, 'I Griega'),
(6, 9, 1, 23, 'Isla Damas'),
(6, 9, 1, 24, 'Isla Palo Seco'),
(6, 9, 1, 25, 'Jicote'),
(6, 9, 1, 26, 'Loma'),
(6, 9, 1, 27, 'Mesas'),
(6, 9, 1, 28, 'Palmas'),
(6, 9, 1, 29, 'Palo Seco'),
(6, 9, 1, 30, 'Pirrís'),
(6, 9, 1, 31, 'Playa Palma'),
(6, 9, 1, 32, 'Playón'),
(6, 9, 1, 33, 'Playón Sur'),
(6, 9, 1, 34, 'Pirrís (Las Parcelas)'),
(6, 9, 1, 35, 'Pocares'),
(6, 9, 1, 36, 'Pocarito'),
(6, 9, 1, 37, 'Porvenir'),
(6, 9, 1, 38, 'Punta Judas'),
(6, 9, 1, 39, 'Rincón Morales'),
(6, 9, 1, 40, 'Río Negro (parte)'),
(6, 9, 1, 41, 'Río Seco'),
(6, 9, 1, 42, 'San Antonio'),
(6, 9, 1, 43, 'San Bosco'),
(6, 9, 1, 44, 'San Gerardo'),
(6, 9, 1, 45, 'San Isidro'),
(6, 9, 1, 46, 'San Juan'),
(6, 9, 1, 47, 'San Julián'),
(6, 9, 1, 48, 'San Rafael Norte'),
(6, 9, 1, 49, 'Sardinal'),
(6, 9, 1, 50, 'Sardinal Sur'),
(6, 9, 1, 51, 'Surubres'),
(6, 9, 1, 52, 'Teca'),
(6, 9, 1, 53, 'Tigre'),
(6, 9, 1, 54, 'Turbio'),
(6, 9, 1, 55, 'Valle Vasconia'),
(6, 9, 1, 56, 'Vueltas.'),
(6, 10, 1, 1, 'Bosque'),
(6, 10, 1, 2, 'Caño Seco'),
(6, 10, 1, 3, 'Capri'),
(6, 10, 1, 4, 'Carmen'),
(6, 10, 1, 5, 'Corredor'),
(6, 10, 1, 6, 'Progreso'),
(6, 10, 1, 7, 'San Juan'),
(6, 10, 1, 8, 'Valle del Sur.'),
(6, 10, 1, 9, 'Abrojo'),
(6, 10, 1, 10, 'Aguilares'),
(6, 10, 1, 11, 'Alto Limoncito'),
(6, 10, 1, 12, 'Bajo Indios'),
(6, 10, 1, 13, 'Betel'),
(6, 10, 1, 14, 'Cacoragua'),
(6, 10, 1, 15, 'Campiña'),
(6, 10, 1, 16, 'Campo Dos'),
(6, 10, 1, 17, 'Campo Dos y Medio'),
(6, 10, 1, 18, 'Cañada'),
(6, 10, 1, 19, 'Caracol Sur'),
(6, 10, 1, 20, 'Castaños'),
(6, 10, 1, 21, 'Coloradito'),
(6, 10, 1, 22, 'Concordia'),
(6, 10, 1, 23, 'Coto 42'),
(6, 10, 1, 24, 'Coto 44'),
(6, 10, 1, 25, 'Coto 45'),
(6, 10, 1, 26, 'Coto 47'),
(6, 10, 1, 27, 'Coto 49'),
(6, 10, 1, 28, 'Coto 50-51'),
(6, 10, 1, 29, 'Coto 52-53'),
(6, 10, 1, 30, 'Cuesta Fila de Cal'),
(6, 10, 1, 31, 'Estrella del Sur'),
(6, 10, 1, 32, 'Florida'),
(6, 10, 1, 33, 'Fortuna'),
(6, 10, 1, 34, 'Kilómetro 10'),
(6, 10, 1, 35, 'Miramar'),
(6, 10, 1, 36, 'Montezuma'),
(6, 10, 1, 37, 'Nubes'),
(6, 10, 1, 38, 'Pangas'),
(6, 10, 1, 39, 'Planes'),
(6, 10, 1, 40, 'Pueblo Nuevo'),
(6, 10, 1, 41, 'Río Bonito'),
(6, 10, 1, 42, 'Río Nuevo (Norte)'),
(6, 10, 1, 43, 'Río Nuevo (Sur)'),
(6, 10, 1, 44, 'San Antonio Abajo'),
(6, 10, 1, 45, 'San Francisco'),
(6, 10, 1, 46, 'San Josecito'),
(6, 10, 1, 47, 'San Rafael'),
(6, 10, 1, 48, 'Santa Cecilia'),
(6, 10, 1, 49, 'Santa Marta (parte)'),
(6, 10, 1, 50, 'Santa Rita'),
(6, 10, 1, 51, 'Tropezón'),
(6, 10, 1, 52, 'Unión'),
(6, 10, 1, 53, 'Vegas de Abrojo'),
(6, 10, 1, 54, 'Villa Roma.'),
(6, 10, 2, 1, 'Canoas Abajo (parte)'),
(6, 10, 2, 2, 'Control'),
(6, 10, 2, 3, 'Cuervito'),
(6, 10, 2, 4, 'Chorro.'),
(6, 10, 3, 1, 'Lotes (San Jorge).'),
(6, 10, 3, 2, 'Altos del Brujo'),
(6, 10, 3, 3, 'Bajo Brujo'),
(6, 10, 3, 4, 'Bajo'),
(6, 10, 3, 5, 'Barrionuevo'),
(6, 10, 3, 6, 'Canoas Abajo (parte)'),
(6, 10, 3, 7, 'Canoas Arriba'),
(6, 10, 3, 8, 'Cañaza'),
(6, 10, 3, 9, 'Cerro Brujo'),
(6, 10, 3, 10, 'Colorado'),
(6, 10, 3, 11, 'Chiva'),
(6, 10, 3, 12, 'Darizara'),
(6, 10, 3, 13, 'Gloria'),
(6, 10, 3, 14, 'Guay'),
(6, 10, 3, 15, 'Guayabal'),
(6, 10, 3, 16, 'Mariposa'),
(6, 10, 3, 17, 'Níspero'),
(6, 10, 3, 18, 'Palma'),
(6, 10, 3, 19, 'Paso Canoas'),
(6, 10, 3, 20, 'San Antonio'),
(6, 10, 3, 21, 'San Isidro'),
(6, 10, 3, 22, 'San Martín'),
(6, 10, 3, 23, 'San Miguel'),
(6, 10, 3, 24, 'Santa Marta (parte)'),
(6, 10, 3, 25, 'Veguitas de Colorado'),
(6, 10, 3, 26, 'Veracruz'),
(6, 10, 3, 27, 'Villas de Darizara.'),
(6, 10, 4, 1, 'Alto Vaquita'),
(6, 10, 4, 2, 'Bambito'),
(6, 10, 4, 3, 'Bella Luz'),
(6, 10, 4, 4, 'Bijagual'),
(6, 10, 4, 5, 'Caimito'),
(6, 10, 4, 6, 'Cangrejo Verde'),
(6, 10, 4, 7, 'Caracol de la Vaca'),
(6, 10, 4, 8, 'Cariari'),
(6, 10, 4, 9, 'Caucho'),
(6, 10, 4, 10, 'Cenizo'),
(6, 10, 4, 11, 'Colonia Libertad'),
(6, 10, 4, 12, 'Coyoche'),
(6, 10, 4, 13, 'Jobo Civil'),
(6, 10, 4, 14, 'Kilómetro 22'),
(6, 10, 4, 15, 'Kilómetro 25'),
(6, 10, 4, 16, 'Kilómetro 27'),
(6, 10, 4, 17, 'Kilómetro 29'),
(6, 10, 4, 18, 'Mango'),
(6, 10, 4, 19, 'Pueblo de Dios'),
(6, 10, 4, 20, 'Puerto González Víquez'),
(6, 10, 4, 21, 'Río Incendio'),
(6, 10, 4, 22, 'Roble'),
(6, 10, 4, 23, 'San Juan'),
(6, 10, 4, 24, 'Santa Lucía'),
(6, 10, 4, 25, 'Tamarindo'),
(6, 10, 4, 26, 'Vaca (Santa Rosa)'),
(6, 10, 4, 27, 'Vereh'),
(6, 10, 4, 28, 'Zaragoza.'),
(6, 11, 1, 1, 'Agujitas'),
(6, 11, 1, 2, 'Buenos Aires'),
(6, 11, 1, 3, 'Cañablancal'),
(6, 11, 1, 4, 'Cerro Fresco'),
(6, 11, 1, 5, 'Herradura'),
(6, 11, 1, 6, 'Mona'),
(6, 11, 1, 7, 'Playa Hermosa'),
(6, 11, 1, 8, 'Playa Herradura'),
(6, 11, 1, 9, 'Pochotal'),
(6, 11, 1, 10, 'Puerto Escondido'),
(6, 11, 1, 11, 'Quebrada Amarilla'),
(6, 11, 1, 12, 'San Antonio'),
(6, 11, 1, 13, 'Turrubaritos'),
(6, 11, 1, 14, 'Tusubres.'),
(6, 11, 2, 1, 'Agujas'),
(6, 11, 2, 2, 'Bajamar'),
(6, 11, 2, 3, 'Bellavista'),
(6, 11, 2, 4, 'Caletas'),
(6, 11, 2, 5, 'Camaronal'),
(6, 11, 2, 6, 'Camaronal Arriba'),
(6, 11, 2, 7, 'Capulín'),
(6, 11, 2, 8, 'Carrizal de Bajamar'),
(6, 11, 2, 9, 'Guacalillo'),
(6, 11, 2, 10, 'Mantas'),
(6, 11, 2, 11, 'Nambí'),
(6, 11, 2, 12, 'Peñón de Tivives'),
(6, 11, 2, 13, 'Pigres'),
(6, 11, 2, 14, 'Pita'),
(6, 11, 2, 15, 'Playa Azul'),
(6, 11, 2, 16, 'Pógeres'),
(6, 11, 2, 17, 'Puerto Peje'),
(6, 11, 2, 18, 'Punta Leona'),
(6, 11, 2, 19, 'Tárcoles'),
(6, 11, 2, 20, 'Tarcolitos.'),
(7, 1, 1, 1, 'Bellavista'),
(7, 1, 1, 2, 'Bohío'),
(7, 1, 1, 3, 'Bosque'),
(7, 1, 1, 4, 'Buenos Aires'),
(7, 1, 1, 5, 'Cangrejos'),
(7, 1, 1, 6, 'Cariari'),
(7, 1, 1, 7, 'Cerro Mocho'),
(7, 1, 1, 8, 'Cielo Amarillo'),
(7, 1, 1, 9, 'Cieneguita'),
(7, 1, 1, 10, 'Colina'),
(7, 1, 1, 11, 'Corales'),
(7, 1, 1, 12, 'Cruce'),
(7, 1, 1, 13, 'Fortín'),
(7, 1, 1, 14, 'Garrón'),
(7, 1, 1, 15, 'Hospital'),
(7, 1, 1, 16, 'Jamaica Town'),
(7, 1, 1, 17, 'Japdeva'),
(7, 1, 1, 18, 'Laureles'),
(7, 1, 1, 19, 'Limoncito'),
(7, 1, 1, 20, 'Lirios'),
(7, 1, 1, 21, 'Moín'),
(7, 1, 1, 22, 'Piuta'),
(7, 1, 1, 23, 'Portete'),
(7, 1, 1, 24, 'Pueblo Nuevo'),
(7, 1, 1, 25, 'San Juan'),
(7, 1, 1, 26, 'Santa Eduvigis'),
(7, 1, 1, 27, 'Trinidad'),
(7, 1, 1, 28, 'Veracruz.'),
(7, 1, 1, 29, 'Buenos Aires'),
(7, 1, 1, 30, 'Cocal'),
(7, 1, 1, 31, 'Dos Bocas'),
(7, 1, 1, 32, 'Empalme Moín'),
(7, 1, 1, 33, 'Milla Nueve'),
(7, 1, 1, 34, 'Santa Rosa'),
(7, 1, 1, 35, 'Valle La Aurora'),
(7, 1, 1, 36, 'Villas del Mar Uno'),
(7, 1, 1, 37, 'Villas del Mar Dos'),
(7, 1, 1, 38, 'Villa Hermosa.'),
(7, 1, 2, 1, 'Colonia'),
(7, 1, 2, 2, 'Finca Ocho'),
(7, 1, 2, 3, 'Guaria'),
(7, 1, 2, 4, 'Loras'),
(7, 1, 2, 5, 'Pandora Oeste'),
(7, 1, 2, 6, 'Río Ley.'),
(7, 1, 2, 7, 'Alsacia'),
(7, 1, 2, 8, 'Armenia'),
(7, 1, 2, 9, 'Atalanta'),
(7, 1, 2, 10, 'Bananito Sur'),
(7, 1, 2, 11, 'Boca Cuen'),
(7, 1, 2, 12, 'Boca Río Estrella'),
(7, 1, 2, 13, 'Bocuare'),
(7, 1, 2, 14, 'Bonifacio'),
(7, 1, 2, 15, 'Brisas'),
(7, 1, 2, 16, 'Buenavista'),
(7, 1, 2, 17, 'Burrico'),
(7, 1, 2, 18, 'Calveri'),
(7, 1, 2, 19, 'Caño Negro'),
(7, 1, 2, 20, 'Cartagena'),
(7, 1, 2, 21, 'Casa Amarilla'),
(7, 1, 2, 22, 'Cerere'),
(7, 1, 2, 23, 'Concepción'),
(7, 1, 2, 24, 'Cuen'),
(7, 1, 2, 25, 'Chirripó Abajo (parte)'),
(7, 1, 2, 26, 'Durfuy (San Miguel)'),
(7, 1, 2, 27, 'Duruy'),
(7, 1, 2, 28, 'Fortuna'),
(7, 1, 2, 29, 'Gavilán'),
(7, 1, 2, 30, 'Hueco'),
(7, 1, 2, 31, 'I Griega'),
(7, 1, 2, 32, 'Jabuy'),
(7, 1, 2, 33, 'Llano Grande'),
(7, 1, 2, 34, 'Manú'),
(7, 1, 2, 35, 'Miramar'),
(7, 1, 2, 36, 'Moi (San Vicente)'),
(7, 1, 2, 37, 'Nanabre'),
(7, 1, 2, 38, 'Nubes'),
(7, 1, 2, 39, 'Penshurt'),
(7, 1, 2, 40, 'Pléyades'),
(7, 1, 2, 41, 'Porvenir'),
(7, 1, 2, 42, 'Progreso'),
(7, 1, 2, 43, 'Río Seco'),
(7, 1, 2, 44, 'San Andrés'),
(7, 1, 2, 45, 'San Carlos'),
(7, 1, 2, 46, 'San Clemente'),
(7, 1, 2, 47, 'San Rafael'),
(7, 1, 2, 48, 'Suruy'),
(7, 1, 2, 49, 'Talía'),
(7, 1, 2, 50, 'Tobruk'),
(7, 1, 2, 51, 'Tuba Creek (parte)'),
(7, 1, 2, 52, 'Valle de las Rosas'),
(7, 1, 2, 53, 'Vegas de Cerere'),
(7, 1, 2, 54, 'Vesta.'),
(7, 1, 2, 55, 'Brisas'),
(7, 1, 2, 56, 'Brisas de Veragua'),
(7, 1, 2, 57, 'Búfalo'),
(7, 1, 2, 58, 'Limón 2000'),
(7, 1, 2, 59, 'Loma Linda'),
(7, 1, 2, 60, 'México'),
(7, 1, 2, 61, 'Milla 9'),
(7, 1, 2, 62, 'Miravalles'),
(7, 1, 2, 63, 'Río Blanco'),
(7, 1, 2, 64, 'Río Cedro'),
(7, 1, 2, 65, 'Río Madre'),
(7, 1, 2, 66, 'Río Quito'),
(7, 1, 2, 67, 'Río Victoria'),
(7, 1, 2, 68, 'Sandoval'),
(7, 1, 2, 69, 'Santa Rita'),
(7, 1, 2, 70, 'Victoria.'),
(7, 1, 4, 1, 'Aguas Zarcas'),
(7, 1, 4, 2, 'Asunción'),
(7, 1, 4, 3, 'Bananito Norte'),
(7, 1, 4, 4, 'Bearesem'),
(7, 1, 4, 5, 'Beverley'),
(7, 1, 4, 6, 'Calle Tranvía'),
(7, 1, 4, 7, 'Castillo Nuevo'),
(7, 1, 4, 8, 'Dondonia'),
(7, 1, 4, 9, 'Filadelfia Norte'),
(7, 1, 4, 10, 'Filadelfia Sur'),
(7, 1, 4, 11, 'Kent'),
(7, 1, 4, 12, 'María Luisa'),
(7, 1, 4, 13, 'Mountain Cow'),
(7, 1, 4, 14, 'Paraíso'),
(7, 1, 4, 15, 'Polonia'),
(7, 1, 4, 16, 'Quitaría'),
(7, 1, 4, 17, 'Río Banano'),
(7, 1, 4, 18, 'San Cecilio'),
(7, 1, 4, 19, 'Tigre'),
(7, 1, 4, 20, 'Trébol'),
(7, 1, 4, 21, 'Westfalia.'),
(7, 2, 1, 1, 'Ángeles'),
(7, 2, 1, 2, 'Calle Vargas'),
(7, 2, 1, 3, 'Cacique'),
(7, 2, 1, 4, 'Cecilia'),
(7, 2, 1, 5, 'Coopevigua'),
(7, 2, 1, 6, 'Diamantes'),
(7, 2, 1, 7, 'Emilia'),
(7, 2, 1, 8, 'Floresta'),
(7, 2, 1, 9, 'Garabito'),
(7, 2, 1, 10, 'Jesús'),
(7, 2, 1, 11, 'Palma Dorada'),
(7, 2, 1, 12, 'Palmera'),
(7, 2, 1, 13, 'San Miguel'),
(7, 2, 1, 14, 'Sauces'),
(7, 2, 1, 15, 'Toro Amarillo.'),
(7, 2, 1, 16, 'Blanco'),
(7, 2, 1, 17, 'Calle Ángeles'),
(7, 2, 1, 18, 'Calle Gobierno'),
(7, 2, 1, 19, 'Corinto'),
(7, 2, 1, 20, 'Flores'),
(7, 2, 1, 21, 'La Guaria'),
(7, 2, 1, 22, 'Marina'),
(7, 2, 1, 23, 'Rancho Redondo.'),
(7, 2, 2, 1, 'Granja'),
(7, 2, 2, 2, 'Molino'),
(7, 2, 2, 3, 'Numancia'),
(7, 2, 2, 4, 'Santa Clara.'),
(7, 2, 2, 5, 'Anita Grande'),
(7, 2, 2, 6, 'Calle Diez'),
(7, 2, 2, 7, 'Calle Emilia'),
(7, 2, 2, 8, 'Calle Seis'),
(7, 2, 2, 9, 'Calle Uno'),
(7, 2, 2, 10, 'Condado del Río'),
(7, 2, 2, 11, 'Floritas'),
(7, 2, 2, 12, 'Parasal'),
(7, 2, 2, 13, 'San Luis'),
(7, 2, 2, 14, 'San Martín'),
(7, 2, 2, 15, 'San Valentín'),
(7, 2, 2, 16, 'Suerre.'),
(7, 2, 3, 1, 'Cruce de Jordán'),
(7, 2, 3, 2, 'Peligro'),
(7, 2, 3, 3, 'Pueblo Nuevo.'),
(7, 2, 3, 4, 'Balastre'),
(7, 2, 3, 5, 'Cantagallo'),
(7, 2, 3, 6, 'Cartagena'),
(7, 2, 3, 7, 'Cayuga'),
(7, 2, 3, 8, 'Cocorí'),
(7, 2, 3, 9, 'Chirvalo'),
(7, 2, 3, 10, 'Encina'),
(7, 2, 3, 11, 'Gallopinto'),
(7, 2, 3, 12, 'Hamburgo'),
(7, 2, 3, 13, 'I Griega'),
(7, 2, 3, 14, 'Indio'),
(7, 2, 3, 15, 'Jardín'),
(7, 2, 3, 16, 'Mercedes'),
(7, 2, 3, 17, 'Palmitas'),
(7, 2, 3, 18, 'Porvenir'),
(7, 2, 3, 19, 'Primavera'),
(7, 2, 3, 20, 'Rótulo'),
(7, 2, 3, 21, 'San Carlos'),
(7, 2, 3, 22, 'San Cristóbal'),
(7, 2, 3, 23, 'San Gerardo'),
(7, 2, 3, 24, 'San Pedro'),
(7, 2, 3, 25, 'Santa Elena'),
(7, 2, 3, 26, 'Santa Rosa'),
(7, 2, 3, 27, 'Sirena'),
(7, 2, 3, 28, 'Suárez'),
(7, 2, 3, 29, 'Suerte'),
(7, 2, 3, 30, 'Tarire'),
(7, 2, 3, 31, 'Teresa'),
(7, 2, 3, 32, 'Ticabán'),
(7, 2, 3, 33, 'Triángulo'),
(7, 2, 3, 34, 'Victoria.'),
(7, 2, 4, 1, 'La Cruz'),
(7, 2, 4, 2, 'Lesville'),
(7, 2, 4, 3, 'Punta de Riel.'),
(7, 2, 4, 4, 'Aguas Frías'),
(7, 2, 4, 5, 'Anabán'),
(7, 2, 4, 6, 'Boca Guápiles (parte)'),
(7, 2, 4, 7, 'Castañal'),
(7, 2, 4, 8, 'Cruce'),
(7, 2, 4, 9, 'Curia'),
(7, 2, 4, 10, 'Curva'),
(7, 2, 4, 11, 'Curva del Humo'),
(7, 2, 4, 12, 'Esperanza'),
(7, 2, 4, 13, 'Fortuna'),
(7, 2, 4, 14, 'Humo'),
(7, 2, 4, 15, 'La Lidia'),
(7, 2, 4, 16, 'Lomas Azules'),
(7, 2, 4, 17, 'Londres'),
(7, 2, 4, 18, 'Llano Bonito'),
(7, 2, 4, 19, 'Maravilla'),
(7, 2, 4, 20, 'Mata de Limón'),
(7, 2, 4, 21, 'Millón'),
(7, 2, 4, 22, 'Milloncito'),
(7, 2, 4, 23, 'Oeste'),
(7, 2, 4, 24, 'Prado (parte)'),
(7, 2, 4, 25, 'Roxana Tres'),
(7, 2, 4, 26, 'San Francisco'),
(7, 2, 4, 27, 'San Jorge'),
(7, 2, 4, 28, 'Vegas de Tortuguero.'),
(7, 2, 5, 1, 'Astúa-Pirie'),
(7, 2, 5, 2, 'Campo de Aterrizaje (Pueblo Triste)'),
(7, 2, 5, 3, 'Formosa'),
(7, 2, 5, 4, 'Palermo.'),
(7, 2, 5, 5, 'Ángeles'),
(7, 2, 5, 6, 'Banamola'),
(7, 2, 5, 7, 'Boca Guápiles (parte)'),
(7, 2, 5, 8, 'Campo Cuatro'),
(7, 2, 5, 9, 'Campo Dos'),
(7, 2, 5, 10, 'Campo Tres'),
(7, 2, 5, 11, 'Campo Tres Este'),
(7, 2, 5, 12, 'Campo Tres Oeste'),
(7, 2, 5, 13, 'Esperanza (Cantarrana)'),
(7, 2, 5, 14, 'Caño Chiquero'),
(7, 2, 5, 15, 'Carolina'),
(7, 2, 5, 16, 'Ceibo'),
(7, 2, 5, 17, 'Coopecariari'),
(7, 2, 5, 18, 'Cuatro Esquinas'),
(7, 2, 5, 19, 'Encanto'),
(7, 2, 5, 20, 'Frutera'),
(7, 2, 5, 21, 'Gaviotas'),
(7, 2, 5, 22, 'Hojancha'),
(7, 2, 5, 23, 'Maná'),
(7, 2, 5, 24, 'Monterrey'),
(7, 2, 5, 25, 'Nazaret'),
(7, 2, 5, 26, 'Progreso'),
(7, 2, 5, 27, 'Pueblo Nuevo'),
(7, 2, 5, 28, 'Sagrada Familia'),
(7, 2, 5, 29, 'San Miguel'),
(7, 2, 5, 30, 'Semillero'),
(7, 2, 5, 31, 'Vega de Río Palacios'),
(7, 2, 5, 32, 'Zacatales.'),
(7, 2, 6, 1, 'Barra del Colorado Este.'),
(7, 2, 6, 2, 'Aragón'),
(7, 2, 6, 3, 'Buenavista'),
(7, 2, 6, 4, 'Malanga'),
(7, 2, 6, 5, 'Puerto Lindo'),
(7, 2, 6, 6, 'San Gerardo'),
(7, 2, 6, 7, 'Tortuguero'),
(7, 2, 6, 8, 'Verdades.'),
(7, 2, 7, 1, 'Santa Elena.'),
(7, 2, 7, 2, 'Brisas del Toro Amarillo'),
(7, 2, 7, 3, 'Cascadas'),
(7, 2, 7, 4, 'La Victoria'),
(7, 2, 7, 5, 'Losilla'),
(7, 2, 7, 6, 'San Bosco'),
(7, 2, 7, 7, 'Prado (parte).'),
(7, 3, 1, 1, 'Betania'),
(7, 3, 1, 2, 'Brooklin'),
(7, 3, 1, 3, 'Indiana Uno'),
(7, 3, 1, 4, 'INVU'),
(7, 3, 1, 5, 'María Auxiliadora'),
(7, 3, 1, 6, 'Palmiras'),
(7, 3, 1, 7, 'Quebrador'),
(7, 3, 1, 8, 'San Rafael'),
(7, 3, 1, 9, 'San Martín'),
(7, 3, 1, 10, 'Triunfo.'),
(7, 3, 1, 11, 'Amelia'),
(7, 3, 1, 12, 'Amistad'),
(7, 3, 1, 13, 'Ángeles'),
(7, 3, 1, 14, 'Bajo Tigre'),
(7, 3, 1, 15, 'Barnstorf'),
(7, 3, 1, 16, 'Boca Pacuare'),
(7, 3, 1, 17, 'Boca Parismina'),
(7, 3, 1, 18, 'Calvario'),
(7, 3, 1, 19, 'Calle Tajo'),
(7, 3, 1, 20, 'Canadá'),
(7, 3, 1, 21, 'Caño Blanco'),
(7, 3, 1, 22, 'Carmen'),
(7, 3, 1, 23, 'Celina'),
(7, 3, 1, 24, 'Ciudadela Flores'),
(7, 3, 1, 25, 'Cocal'),
(7, 3, 1, 26, 'Coco'),
(7, 3, 1, 27, 'Dos Bocas (Suerre)'),
(7, 3, 1, 28, 'Encanto (norte)'),
(7, 3, 1, 29, 'Encanto (sur)'),
(7, 3, 1, 30, 'Ganga'),
(7, 3, 1, 31, 'Guayacán'),
(7, 3, 1, 32, 'Imperio'),
(7, 3, 1, 33, 'Indiana Dos'),
(7, 3, 1, 34, 'Indiana Tres'),
(7, 3, 1, 35, 'Islona'),
(7, 3, 1, 36, 'Lindavista'),
(7, 3, 1, 37, 'Livingston'),
(7, 3, 1, 38, 'Lucha'),
(7, 3, 1, 39, 'Maryland'),
(7, 3, 1, 40, 'Milla 52'),
(7, 3, 1, 41, 'Moravia'),
(7, 3, 1, 42, 'Morazán'),
(7, 3, 1, 43, 'Nueva Esperanza'),
(7, 3, 1, 44, 'Nueva Virginia'),
(7, 3, 1, 45, 'Pueblo Civil'),
(7, 3, 1, 46, 'San Alberto Nuevo'),
(7, 3, 1, 47, 'San Alberto Viejo'),
(7, 3, 1, 48, 'San Alejo'),
(7, 3, 1, 49, 'San Joaquín'),
(7, 3, 1, 50, 'Santo Domingo'),
(7, 3, 1, 51, 'Vegas de Imperio.'),
(7, 3, 2, 1, 'Alto Mirador'),
(7, 3, 2, 2, 'Altos de Pacuarito'),
(7, 3, 2, 3, 'Buenos Aires'),
(7, 3, 2, 4, 'Cimarrones'),
(7, 3, 2, 5, 'Culpeper'),
(7, 3, 2, 6, 'Cultivez'),
(7, 3, 2, 7, 'Freehold'),
(7, 3, 2, 8, 'Freeman (San Rafael)'),
(7, 3, 2, 9, 'Galicia'),
(7, 3, 2, 10, 'Isla Nueva'),
(7, 3, 2, 11, 'Leona'),
(7, 3, 2, 12, 'Madre de Dios'),
(7, 3, 2, 13, 'Manila'),
(7, 3, 2, 14, 'Monteverde'),
(7, 3, 2, 15, 'Pacuare'),
(7, 3, 2, 16, 'Perla'),
(7, 3, 2, 17, 'Perlita'),
(7, 3, 2, 18, 'Río Hondo'),
(7, 3, 2, 19, 'San Luis'),
(7, 3, 2, 20, 'San Carlos'),
(7, 3, 2, 21, 'San Isidro'),
(7, 3, 2, 22, 'San Pablo'),
(7, 3, 2, 23, 'Santa Rosa'),
(7, 3, 2, 24, 'Ten Switch'),
(7, 3, 2, 25, 'Trinidad'),
(7, 3, 2, 26, 'Unión Campesina'),
(7, 3, 2, 27, 'Waldeck.'),
(7, 3, 3, 1, 'El Alto.'),
(7, 3, 3, 2, 'Alto Gracias a Dios'),
(7, 3, 3, 3, 'Alto Laurelar'),
(7, 3, 3, 4, 'Altos de Pascua'),
(7, 3, 3, 5, 'Bonilla Abajo'),
(7, 3, 3, 6, 'Casorla'),
(7, 3, 3, 7, 'Chonta'),
(7, 3, 3, 8, 'Destierro'),
(7, 3, 3, 9, 'Fourth Cliff'),
(7, 3, 3, 10, 'Huecos'),
(7, 3, 3, 11, 'Lomas'),
(7, 3, 3, 12, 'Llano'),
(7, 3, 3, 13, 'Pascua'),
(7, 3, 3, 14, 'Roca'),
(7, 3, 3, 15, 'Rubí'),
(7, 3, 3, 16, 'San Antonio'),
(7, 3, 3, 17, 'Tunel Camp.'),
(7, 3, 4, 1, 'América'),
(7, 3, 4, 2, 'Babilonia.'),
(7, 3, 4, 3, 'Cacao'),
(7, 3, 4, 4, 'Colombiana'),
(7, 3, 4, 5, 'Herediana'),
(7, 3, 4, 6, 'Milano'),
(7, 3, 4, 7, 'Trinidad'),
(7, 3, 4, 8, 'Williamsburg.'),
(7, 3, 5, 1, 'Francia'),
(7, 3, 5, 2, 'Ana'),
(7, 3, 5, 3, 'Bellavista'),
(7, 3, 5, 4, 'Boca Río Jiménez'),
(7, 3, 5, 5, 'Catalinas'),
(7, 3, 5, 6, 'Castilla'),
(7, 3, 5, 7, 'Cocal'),
(7, 3, 5, 8, 'Golden  Grove'),
(7, 3, 5, 9, 'Josefina'),
(7, 3, 5, 10, 'Junta'),
(7, 3, 5, 11, 'Laureles'),
(7, 3, 5, 12, 'Luisiana'),
(7, 3, 5, 13, 'Milla 3'),
(7, 3, 5, 14, 'Milla 4'),
(7, 3, 5, 15, 'Milla 5'),
(7, 3, 5, 16, 'Milla 6'),
(7, 3, 5, 17, 'Ontario'),
(7, 3, 5, 18, 'Peje'),
(7, 3, 5, 19, 'Seis Amigos'),
(7, 3, 5, 20, 'Silencio.'),
(7, 3, 6, 1, 'Alto Herediana'),
(7, 3, 6, 2, 'Cruce'),
(7, 3, 6, 3, 'Portón Iberia'),
(7, 3, 6, 4, 'Río Peje'),
(7, 3, 6, 5, 'Vueltas.'),
(7, 4, 1, 1, 'Fields'),
(7, 4, 1, 2, 'Sand Box.'),
(7, 4, 1, 3, 'Altamira'),
(7, 4, 1, 4, 'Akberie (Piedra Grande)'),
(7, 4, 1, 5, 'Bambú'),
(7, 4, 1, 6, 'Chase'),
(7, 4, 1, 7, 'Cuabre'),
(7, 4, 1, 8, 'Gavilán Canta'),
(7, 4, 1, 9, 'Mleyuk 1'),
(7, 4, 1, 10, 'Mleyuk 2'),
(7, 4, 1, 11, 'Monte Sión'),
(7, 4, 1, 12, 'Olivia'),
(7, 4, 1, 13, 'Hu-Berie (Rancho Grande)'),
(7, 4, 1, 14, 'Shiroles'),
(7, 4, 1, 15, 'Sibujú'),
(7, 4, 1, 16, 'Suretka'),
(7, 4, 1, 17, 'Uatsi.'),
(7, 4, 2, 1, 'Ania'),
(7, 4, 2, 2, 'Boca Sixaola'),
(7, 4, 2, 3, 'Catarina'),
(7, 4, 2, 4, 'Celia'),
(7, 4, 2, 5, 'Daytonia'),
(7, 4, 2, 6, 'Gandoca'),
(7, 4, 2, 7, 'Margarita'),
(7, 4, 2, 8, 'Mata de Limón'),
(7, 4, 2, 9, 'Noventa y Seis'),
(7, 4, 2, 10, 'Palma'),
(7, 4, 2, 11, 'Paraíso'),
(7, 4, 2, 12, 'Parque'),
(7, 4, 2, 13, 'San Miguel'),
(7, 4, 2, 14, 'San Miguelito'),
(7, 4, 2, 15, 'San Rafael'),
(7, 4, 2, 16, 'Virginia'),
(7, 4, 2, 17, 'Zavala.'),
(7, 4, 3, 1, 'Buenavista (Katuir)'),
(7, 4, 3, 2, 'Bordón'),
(7, 4, 3, 3, 'Carbón'),
(7, 4, 3, 4, 'Carbón 1'),
(7, 4, 3, 5, 'Carbón 2'),
(7, 4, 3, 6, 'Catarata'),
(7, 4, 3, 7, 'Cocles'),
(7, 4, 3, 8, 'Comadre'),
(7, 4, 3, 9, 'Dindirí'),
(7, 4, 3, 10, 'Gibraltar'),
(7, 4, 3, 11, 'Hone Creek'),
(7, 4, 3, 12, 'Hotel Creek'),
(7, 4, 3, 13, 'Kekoldi'),
(7, 4, 3, 14, 'Limonal'),
(7, 4, 3, 15, 'Manzanillo'),
(7, 4, 3, 16, 'Mile Creek'),
(7, 4, 3, 17, 'Patiño'),
(7, 4, 3, 18, 'Playa Chiquita'),
(7, 4, 3, 19, 'Puerto Viejo'),
(7, 4, 3, 20, 'Punta Caliente'),
(7, 4, 3, 21, 'Punta Cocles'),
(7, 4, 3, 22, 'Punta Mona'),
(7, 4, 3, 23, 'Punta Uva'),
(7, 4, 3, 24, 'Tuba Creek (parte).'),
(7, 4, 4, 1, 'Alto Cuen (Kjacka Bata)'),
(7, 4, 4, 2, 'Alto Lari (Duriñak)'),
(7, 4, 4, 3, 'Alto Urén'),
(7, 4, 4, 4, 'Arenal'),
(7, 4, 4, 5, 'Bajo Blei'),
(7, 4, 4, 6, 'Bajo Cuen'),
(7, 4, 4, 7, 'Boca Urén'),
(7, 4, 4, 8, 'Bris'),
(7, 4, 4, 9, 'Cachabli'),
(7, 4, 4, 10, 'Coroma'),
(7, 4, 4, 11, 'Croriña'),
(7, 4, 4, 12, 'China Kichá'),
(7, 4, 4, 13, 'Dururpe'),
(7, 4, 4, 14, 'Guachalaba'),
(7, 4, 4, 15, 'Katsi'),
(7, 4, 4, 16, 'Kichuguecha'),
(7, 4, 4, 17, 'Kivut'),
(7, 4, 4, 18, 'Mojoncito'),
(7, 4, 4, 19, 'Namuwakir'),
(7, 4, 4, 20, 'Orochico'),
(7, 4, 4, 21, 'Ourut'),
(7, 4, 4, 22, 'Purisquí'),
(7, 4, 4, 23, 'Purita'),
(7, 4, 4, 24, 'Rangalle'),
(7, 4, 4, 25, 'San José Cabecar'),
(7, 4, 4, 26, 'Sepeque'),
(7, 4, 4, 27, 'Shewab'),
(7, 4, 4, 28, 'Sipurio'),
(7, 4, 4, 29, 'Soky'),
(7, 4, 4, 30, 'Sorókicha'),
(7, 4, 4, 31, 'Sukut'),
(7, 4, 4, 32, 'Surayo'),
(7, 4, 4, 33, 'Suiri'),
(7, 4, 4, 34, 'Telire'),
(7, 4, 4, 35, 'Turubokicha'),
(7, 4, 4, 36, 'Urén.'),
(7, 5, 1, 1, 'Goli'),
(7, 5, 1, 2, 'Luisa Oeste'),
(7, 5, 1, 3, 'Milla 23.'),
(7, 5, 1, 4, 'Baltimore'),
(7, 5, 1, 5, 'Barra de Matina Norte'),
(7, 5, 1, 6, 'Bristol'),
(7, 5, 1, 7, 'Colonia Puriscaleña'),
(7, 5, 1, 8, 'Corina'),
(7, 5, 1, 9, 'Chirripó'),
(7, 5, 1, 10, 'Chumico'),
(7, 5, 1, 11, 'Esperanza'),
(7, 5, 1, 12, 'Helvetia'),
(7, 5, 1, 13, 'Hilda'),
(7, 5, 1, 14, 'Línea B'),
(7, 5, 1, 15, 'Milla 4'),
(7, 5, 1, 16, 'Palmeras'),
(7, 5, 1, 17, 'Pozo Azul'),
(7, 5, 1, 18, 'Punta de Lanza'),
(7, 5, 1, 19, 'San Miguel'),
(7, 5, 1, 20, 'Victoria'),
(7, 5, 1, 21, 'Xirinachs.'),
(7, 5, 2, 1, 'Almendros'),
(7, 5, 2, 2, 'Margarita'),
(7, 5, 2, 3, 'Milla 24'),
(7, 5, 2, 4, 'Milla 25'),
(7, 5, 2, 5, 'Parcelas'),
(7, 5, 2, 6, 'Ramal Siete.'),
(7, 5, 2, 7, 'Barbilla'),
(7, 5, 2, 8, 'Berta'),
(7, 5, 2, 9, 'Damasco'),
(7, 5, 2, 10, 'Davao'),
(7, 5, 2, 11, 'Dos Ramas'),
(7, 5, 2, 12, 'Espavel'),
(7, 5, 2, 13, 'Goshen'),
(7, 5, 2, 14, 'Leyte'),
(7, 5, 2, 15, 'Lola'),
(7, 5, 2, 16, 'Luzón'),
(7, 5, 2, 17, 'Milla 27'),
(7, 5, 2, 18, 'Milla 28'),
(7, 5, 2, 19, 'Oracabesa'),
(7, 5, 2, 20, 'Sahara'),
(7, 5, 2, 21, 'Santa Marta'),
(7, 5, 2, 22, 'Titán'),
(7, 5, 2, 23, 'Vegas.'),
(7, 5, 3, 1, 'San José.'),
(7, 5, 3, 2, 'Bananita'),
(7, 5, 3, 3, 'Barra de Matina Sur'),
(7, 5, 3, 4, 'Boca del Pantano'),
(7, 5, 3, 5, 'Boca Río Matina'),
(7, 5, 3, 6, 'Boston'),
(7, 5, 3, 7, 'Brisas'),
(7, 5, 3, 8, 'California'),
(7, 5, 3, 9, 'Indio'),
(7, 5, 3, 10, 'Larga Distancia'),
(7, 5, 3, 11, 'Lomas del Toro'),
(7, 5, 3, 12, 'Luisa Este'),
(7, 5, 3, 13, 'Maravilla'),
(7, 5, 3, 14, 'Milla 14'),
(7, 5, 3, 15, 'Nueva York'),
(7, 5, 3, 16, 'Palacios'),
(7, 5, 3, 17, 'Palestina'),
(7, 5, 3, 18, 'Peje'),
(7, 5, 3, 19, 'Punta de Riel'),
(7, 5, 3, 20, 'Río Cuba'),
(7, 5, 3, 21, 'Río Peje'),
(7, 5, 3, 22, 'Saborío'),
(7, 5, 3, 23, 'San Edmundo'),
(7, 5, 3, 24, 'Santa María'),
(7, 5, 3, 25, 'Sterling'),
(7, 5, 3, 26, 'Strafford'),
(7, 5, 3, 27, 'Toro'),
(7, 5, 3, 28, 'Trinidad'),
(7, 5, 3, 29, 'Venecia'),
(7, 5, 3, 30, 'Zent.'),
(7, 6, 1, 1, 'Africa'),
(7, 6, 1, 2, 'Cantarrana'),
(7, 6, 1, 3, 'Estación Rudín'),
(7, 6, 1, 4, 'Guayacán.'),
(7, 6, 1, 5, 'Aguacate'),
(7, 6, 1, 6, 'Angelina'),
(7, 6, 1, 7, 'Bosque'),
(7, 6, 1, 8, 'Cabaña'),
(7, 6, 1, 9, 'Edén'),
(7, 6, 1, 10, 'El Tres'),
(7, 6, 1, 11, 'Fox Hall'),
(7, 6, 1, 12, 'Guaira'),
(7, 6, 1, 13, 'Hogar'),
(7, 6, 1, 14, 'Parismina'),
(7, 6, 1, 15, 'San Luis'),
(7, 6, 1, 16, 'Selva.'),
(7, 6, 2, 1, 'Bremen'),
(7, 6, 2, 2, 'Argentina'),
(7, 6, 2, 3, 'Confianza'),
(7, 6, 2, 4, 'Iroquois.'),
(7, 6, 3, 1, 'Pocora Sur.'),
(7, 6, 3, 2, 'Ojo de Agua.'),
(7, 6, 4, 1, 'Ángeles'),
(7, 6, 4, 2, 'Bocas del Río Silencio'),
(7, 6, 4, 3, 'Camarón'),
(7, 6, 4, 4, 'Cartagena'),
(7, 6, 4, 5, 'Dulce Nombre'),
(7, 6, 4, 6, 'Escocia'),
(7, 6, 4, 7, 'Irlanda'),
(7, 6, 4, 8, 'Jardín'),
(7, 6, 4, 9, 'Ligia'),
(7, 6, 4, 10, 'Lucha'),
(7, 6, 4, 11, 'Santa María'),
(7, 6, 4, 12, 'Santa Rosa'),
(7, 6, 4, 13, 'Socorro.'),
(7, 6, 5, 1, 'Aguas Gatas'),
(7, 6, 5, 2, 'Carambola'),
(7, 6, 5, 3, 'Castaño'),
(7, 6, 5, 4, 'Esperanza'),
(7, 6, 5, 5, 'Fruta de Pan'),
(7, 6, 5, 6, 'Limbo'),
(7, 6, 5, 7, 'San Cristóbal'),
(7, 6, 5, 8, 'Zancudo.');

-- --------------------------------------------------------

--
-- Estructura de tabla para la tabla `ubicacion_canton`
--

CREATE TABLE `ubicacion_canton` (
  `provincia_id` int(11) NOT NULL,
  `canton_id` int(11) NOT NULL,
  `canton` varchar(45) DEFAULT NULL
) ENGINE=InnoDB DEFAULT CHARSET=latin1;

--
-- Volcado de datos para la tabla `ubicacion_canton`
--

INSERT INTO `ubicacion_canton` (`provincia_id`, `canton_id`, `canton`) VALUES
(1, 1, 'San José'),
(1, 2, 'Escazú'),
(1, 3, 'Desamparados'),
(1, 4, 'Puriscal'),
(1, 5, 'Tarrazú'),
(1, 6, 'Aserrí'),
(1, 7, 'Mora'),
(1, 8, 'Goicoechea'),
(1, 9, 'Santa Ana'),
(1, 10, 'Alajuelita'),
(1, 11, 'Vásquez de Coronado'),
(1, 12, 'Acosta'),
(1, 13, 'Tibás'),
(1, 14, 'Moravia'),
(1, 15, 'Montes de Oca'),
(1, 16, 'Turrubares'),
(1, 17, 'Dota'),
(1, 18, 'Curridabat'),
(1, 19, 'Pérez Zeledón'),
(1, 20, 'León Cortéz Castro'),
(2, 1, 'Alajuela'),
(2, 2, 'San Ramón'),
(2, 3, 'Grecia'),
(2, 4, 'San Mateo'),
(2, 5, 'Atenas'),
(2, 6, 'Naranjo'),
(2, 7, 'Palmares'),
(2, 8, 'Poás'),
(2, 9, 'Orotina'),
(2, 10, 'San Carlos'),
(2, 11, 'Zarcero'),
(2, 12, 'Valverde Vega'),
(2, 13, 'Upala'),
(2, 14, 'Los Chiles'),
(2, 15, 'Guatuso'),
(3, 1, 'Cartago'),
(3, 2, 'Paraíso'),
(3, 3, 'La Unión'),
(3, 4, 'Jiménez'),
(3, 5, 'Turrialba'),
(3, 6, 'Alvarado'),
(3, 7, 'Oreamuno'),
(3, 8, 'El Guarco'),
(4, 1, 'Heredia'),
(4, 2, 'Barva'),
(4, 3, 'Santo Domingo'),
(4, 4, 'Santa Bárbara'),
(4, 5, 'San Rafaél'),
(4, 6, 'San Isidro'),
(4, 7, 'Belén'),
(4, 8, 'Flores'),
(4, 9, 'San Pablo'),
(4, 10, 'Sarapiquí'),
(5, 1, 'Liberia'),
(5, 2, 'Nicoya'),
(5, 3, 'Santa Cruz'),
(5, 4, 'Bagaces'),
(5, 5, 'Carrillo'),
(5, 6, 'Cañas'),
(5, 7, 'Abangáres'),
(5, 8, 'Tilarán'),
(5, 9, 'Nandayure'),
(5, 10, 'La Cruz'),
(5, 11, 'Hojancha'),
(6, 1, 'Puntarenas'),
(6, 2, 'Esparza'),
(6, 3, 'Buenos Aires'),
(6, 4, 'Montes de Oro'),
(6, 5, 'Osa'),
(6, 6, 'Aguirre'),
(6, 7, 'Golfito'),
(6, 8, 'Coto Brus'),
(6, 9, 'Parrita'),
(6, 10, 'Corredores'),
(6, 11, 'Garabito'),
(7, 1, 'Limón'),
(7, 2, 'Pococí'),
(7, 3, 'Siquirres'),
(7, 4, 'Talamanca'),
(7, 5, 'Matina'),
(7, 6, 'Guácimo');

-- --------------------------------------------------------

--
-- Estructura de tabla para la tabla `ubicacion_distrito`
--

CREATE TABLE `ubicacion_distrito` (
  `provincia_id` int(11) DEFAULT NULL,
  `canton_id` int(11) DEFAULT NULL,
  `distrito_id` int(11) DEFAULT NULL,
  `distrito` text
) ENGINE=InnoDB DEFAULT CHARSET=latin1;

--
-- Volcado de datos para la tabla `ubicacion_distrito`
--

INSERT INTO `ubicacion_distrito` (`provincia_id`, `canton_id`, `distrito_id`, `distrito`) VALUES
(1, 1, 1, 'CARMEN'),
(1, 1, 2, 'MERCED'),
(1, 1, 3, 'HOSPITAL'),
(1, 1, 4, 'CATEDRAL'),
(1, 1, 5, 'ZAPOTE'),
(1, 1, 6, 'SAN FRANCISCO DE DOS RÍOS'),
(1, 1, 7, 'URUCA'),
(1, 1, 8, 'MATA REDONDA'),
(1, 1, 9, 'PAVAS'),
(1, 1, 10, 'HATILLO'),
(1, 1, 11, 'SAN SEBASTIÁN'),
(1, 2, 1, 'ESCAZÚ'),
(1, 2, 2, 'SAN ANTONIO'),
(1, 2, 3, 'SAN RAFAEL'),
(1, 3, 1, 'DESAMPARADOS'),
(1, 3, 2, 'SAN MIGUEL'),
(1, 3, 3, 'SAN JUAN DE DIOS'),
(1, 3, 4, 'SAN RAFAEL ARRIBA'),
(1, 3, 5, 'SAN ANTONIO'),
(1, 3, 6, 'FRAILES'),
(1, 3, 7, 'PATARRÁ'),
(1, 3, 8, 'SAN CRISTÓBAL'),
(1, 3, 9, 'ROSARIO'),
(1, 3, 10, 'DAMAS'),
(1, 3, 11, 'SAN RAFAEL ABAJO'),
(1, 3, 12, 'GRAVILIAS'),
(1, 3, 13, 'LOS GUIDO'),
(1, 4, 1, 'SANTIAGO'),
(1, 4, 2, 'MERCEDES SUR'),
(1, 4, 3, 'BARBACOAS'),
(1, 4, 4, 'GRIFO ALTO'),
(1, 4, 5, 'SAN RAFAEL'),
(1, 4, 6, 'CANDELARITA'),
(1, 4, 7, 'DESAMPARADITOS'),
(1, 4, 8, 'SAN ANTONIO'),
(1, 4, 9, 'CHIRES'),
(1, 5, 1, 'SAN MARCOS'),
(1, 5, 2, 'SAN LORENZO'),
(1, 5, 3, 'SAN CARLOS'),
(1, 6, 1, 'ASERRI'),
(1, 6, 2, 'TARBACA'),
(1, 6, 3, 'VUELTA DE JORCO'),
(1, 6, 4, 'SAN GABRIEL'),
(1, 6, 5, 'LEGUA'),
(1, 6, 6, 'MONTERREY'),
(1, 6, 7, 'SALITRILLOS'),
(1, 7, 1, 'COLÓN'),
(1, 7, 2, 'GUAYABO'),
(1, 7, 3, 'TABARCIA'),
(1, 7, 4, 'PIEDRAS NEGRAS'),
(1, 7, 5, 'PICAGRES'),
(1, 7, 6, 'JARIS'),
(1, 7, 7, 'QUITIRRISI'),
(1, 8, 1, 'GUADALUPE'),
(1, 8, 2, 'SAN FRANCISCO'),
(1, 8, 3, 'CALLE BLANCOS'),
(1, 8, 4, 'MATA DE PLÁTANO'),
(1, 8, 5, 'IPÍS'),
(1, 8, 6, 'RANCHO REDONDO'),
(1, 8, 7, 'PURRAL'),
(1, 9, 1, 'SANTA ANA'),
(1, 9, 2, 'SALITRAL'),
(1, 9, 3, 'POZOS'),
(1, 9, 4, 'URUCA'),
(1, 9, 5, 'PIEDADES'),
(1, 9, 6, 'BRASIL'),
(1, 10, 1, 'ALAJUELITA'),
(1, 10, 2, 'SAN JOSECITO'),
(1, 10, 3, 'SAN ANTONIO'),
(1, 10, 4, 'CONCEPCIÓN'),
(1, 10, 5, 'SAN FELIPE'),
(1, 11, 1, 'SAN ISIDRO'),
(1, 11, 2, 'SAN RAFAEL'),
(1, 11, 3, 'DULCE NOMBRE DE JESÚS'),
(1, 11, 4, 'PATALILLO'),
(1, 11, 5, 'CASCAJAL'),
(1, 12, 1, 'SAN IGNACIO'),
(1, 12, 2, 'GUAITIL Villa'),
(1, 12, 3, 'PALMICHAL'),
(1, 12, 4, 'CANGREJAL'),
(1, 12, 5, 'SABANILLAS'),
(1, 13, 1, 'SAN JUAN'),
(1, 13, 2, 'CINCO ESQUINAS'),
(1, 13, 3, 'ANSELMO LLORENTE'),
(1, 13, 4, 'LEON XIII'),
(1, 13, 5, 'COLIMA'),
(1, 14, 1, 'SAN VICENTE'),
(1, 14, 2, 'SAN JERÓNIMO'),
(1, 14, 3, 'LA TRINIDAD'),
(1, 15, 1, 'SAN PEDRO'),
(1, 15, 2, 'SABANILLA'),
(1, 15, 3, 'MERCEDES'),
(1, 15, 4, 'SAN RAFAEL'),
(1, 16, 1, 'SAN PABLO'),
(1, 16, 2, 'SAN PEDRO'),
(1, 16, 3, 'SAN JUAN DE MATA'),
(1, 16, 4, 'SAN LUIS'),
(1, 16, 5, 'CARARA'),
(1, 17, 1, 'SANTA MARÍA'),
(1, 17, 2, 'JARDÍN'),
(1, 17, 3, 'COPEY'),
(1, 18, 1, 'CURRIDABAT'),
(1, 18, 2, 'GRANADILLA'),
(1, 18, 3, 'SÁNCHEZ'),
(1, 18, 4, 'TIRRASES'),
(1, 19, 1, 'SAN ISIDRO DE EL GENERAL'),
(1, 19, 2, 'EL GENERAL'),
(1, 19, 3, 'DANIEL FLORES'),
(1, 19, 4, 'RIVAS'),
(1, 19, 5, 'SAN PEDRO'),
(1, 19, 6, 'PLATANARES'),
(1, 19, 7, 'PEJIBAYE'),
(1, 19, 8, 'CAJÓN'),
(1, 19, 9, 'BARÚ'),
(1, 19, 10, 'RÍO NUEVO'),
(1, 19, 11, 'PÁRAMO'),
(1, 20, 1, 'SAN PABLO'),
(1, 20, 2, 'SAN ANDRÉS'),
(1, 20, 3, 'LLANO BONITO'),
(1, 20, 4, 'SAN ISIDRO'),
(1, 20, 5, 'SANTA CRUZ'),
(1, 20, 6, 'SAN ANTONIO'),
(2, 1, 1, 'ALAJUELA'),
(2, 1, 2, 'SAN JOSÉ'),
(2, 1, 3, 'CARRIZAL'),
(2, 1, 4, 'SAN ANTONIO'),
(2, 1, 5, 'GUÁCIMA'),
(2, 1, 6, 'SAN ISIDRO'),
(2, 1, 7, 'SABANILLA'),
(2, 1, 8, 'SAN RAFAEL'),
(2, 1, 9, 'RÍO SEGUNDO'),
(2, 1, 10, 'DESAMPARADOS'),
(2, 1, 11, 'TURRÚCARES'),
(2, 1, 12, 'TAMBOR'),
(2, 1, 13, 'GARITA'),
(2, 1, 14, 'SARAPIQUÍ'),
(2, 2, 1, 'SAN RAMÓN'),
(2, 2, 2, 'SANTIAGO'),
(2, 2, 3, 'SAN JUAN'),
(2, 2, 4, 'PIEDADES NORTE'),
(2, 2, 5, 'PIEDADES SUR'),
(2, 2, 6, 'SAN RAFAEL'),
(2, 2, 7, 'SAN ISIDRO'),
(2, 2, 8, 'ÁNGELES'),
(2, 2, 9, 'ALFARO'),
(2, 2, 10, 'VOLIO'),
(2, 2, 11, 'CONCEPCIÓN'),
(2, 2, 12, 'ZAPOTAL'),
(2, 2, 13, 'PEÑAS BLANCAS'),
(2, 3, 1, 'GRECIA'),
(2, 3, 2, 'SAN ISIDRO'),
(2, 3, 3, 'SAN JOSÉ'),
(2, 3, 4, 'SAN ROQUE'),
(2, 3, 5, 'TACARES'),
(2, 3, 6, 'RÍO CUARTO'),
(2, 3, 7, 'PUENTE DE PIEDRA'),
(2, 3, 8, 'BOLÍVAR'),
(2, 4, 1, 'SAN MATEO'),
(2, 4, 2, 'DESMONTE'),
(2, 4, 3, 'JESÚS MARÍA'),
(2, 4, 4, 'LABRADOR'),
(2, 5, 1, 'ATENAS'),
(2, 5, 2, 'JESÚS'),
(2, 5, 3, 'MERCEDES'),
(2, 5, 4, 'SAN ISIDRO'),
(2, 5, 5, 'CONCEPCIÓN'),
(2, 5, 6, 'SAN JOSE'),
(2, 5, 7, 'SANTA EULALIA'),
(2, 5, 8, 'ESCOBAL'),
(2, 6, 1, 'NARANJO'),
(2, 6, 2, 'SAN MIGUEL'),
(2, 6, 3, 'SAN JOSÉ'),
(2, 6, 4, 'CIRRÍ SUR'),
(2, 6, 5, 'SAN JERÓNIMO'),
(2, 6, 6, 'SAN JUAN'),
(2, 6, 7, 'EL ROSARIO'),
(2, 6, 8, 'PALMITOS'),
(2, 7, 1, 'PALMARES'),
(2, 7, 2, 'ZARAGOZA'),
(2, 7, 3, 'BUENOS AIRES'),
(2, 7, 4, 'SANTIAGO'),
(2, 7, 5, 'CANDELARIA'),
(2, 7, 6, 'ESQUÍPULAS'),
(2, 7, 7, 'LA GRANJA'),
(2, 8, 1, 'SAN PEDRO'),
(2, 8, 2, 'SAN JUAN'),
(2, 8, 3, 'SAN RAFAEL'),
(2, 8, 4, 'CARRILLOS'),
(2, 8, 5, 'SABANA REDONDA'),
(2, 9, 1, 'OROTINA'),
(2, 9, 2, 'EL MASTATE'),
(2, 9, 3, 'HACIENDA VIEJA'),
(2, 9, 4, 'COYOLAR'),
(2, 9, 5, 'LA CEIBA'),
(2, 10, 1, 'QUESADA'),
(2, 10, 2, 'FLORENCIA'),
(2, 10, 3, 'BUENAVISTA'),
(2, 10, 4, 'AGUAS ZARCAS'),
(2, 10, 5, 'VENECIA'),
(2, 10, 6, 'PITAL'),
(2, 10, 7, 'LA FORTUNA'),
(2, 10, 8, 'LA TIGRA'),
(2, 10, 9, 'LA PALMERA'),
(2, 10, 10, 'VENADO'),
(2, 10, 11, 'CUTRIS'),
(2, 10, 12, 'MONTERREY'),
(2, 10, 13, 'POCOSOL'),
(2, 11, 1, 'ZARCERO'),
(2, 11, 2, 'LAGUNA'),
(2, 11, 4, 'GUADALUPE'),
(2, 11, 5, 'PALMIRA'),
(2, 11, 6, 'ZAPOTE'),
(2, 11, 7, 'BRISAS'),
(2, 12, 1, 'SARCHÍ NORTE'),
(2, 12, 2, 'SARCHÍ SUR'),
(2, 12, 3, 'TORO AMARILLO'),
(2, 12, 4, 'SAN PEDRO'),
(2, 12, 5, 'RODRÍGUEZ'),
(2, 13, 1, 'UPALA'),
(2, 13, 2, 'AGUAS CLARAS'),
(2, 13, 3, 'SAN JOSÉ o PIZOTE'),
(2, 13, 4, 'BIJAGUA'),
(2, 13, 5, 'DELICIAS'),
(2, 13, 6, 'DOS RÍOS'),
(2, 13, 7, 'YOLILLAL'),
(2, 13, 8, 'CANALETE'),
(2, 14, 1, 'LOS CHILES'),
(2, 14, 2, 'CAÑO NEGRO'),
(2, 14, 3, 'EL AMPARO'),
(2, 14, 4, 'SAN JORGE'),
(2, 15, 2, 'BUENAVISTA'),
(2, 15, 3, 'COTE'),
(2, 15, 4, 'KATIRA'),
(3, 1, 1, 'ORIENTAL'),
(3, 1, 2, 'OCCIDENTAL'),
(3, 1, 3, 'CARMEN'),
(3, 1, 4, 'SAN NICOLÁS'),
(3, 1, 5, 'AGUACALIENTE o SAN FRANCISCO'),
(3, 1, 6, 'GUADALUPE o ARENILLA'),
(3, 1, 7, 'CORRALILLO'),
(3, 1, 8, 'TIERRA BLANCA'),
(3, 1, 9, 'DULCE NOMBRE'),
(3, 1, 10, 'LLANO GRANDE'),
(3, 1, 11, 'QUEBRADILLA'),
(3, 2, 1, 'PARAÍSO'),
(3, 2, 2, 'SANTIAGO'),
(3, 2, 3, 'OROSI'),
(3, 2, 4, 'CACHÍ'),
(3, 2, 5, 'LLANOS DE SANTA LUCÍA'),
(3, 3, 1, 'TRES RÍOS'),
(3, 3, 2, 'SAN DIEGO'),
(3, 3, 3, 'SAN JUAN'),
(3, 3, 4, 'SAN RAFAEL'),
(3, 3, 5, 'CONCEPCIÓN'),
(3, 3, 6, 'DULCE NOMBRE'),
(3, 3, 7, 'SAN RAMÓN'),
(3, 3, 8, 'RÍO AZUL'),
(3, 4, 1, 'JUAN VIÑAS'),
(3, 4, 2, 'TUCURRIQUE'),
(3, 4, 3, 'PEJIBAYE'),
(3, 5, 1, 'TURRIALBA'),
(3, 5, 2, 'LA SUIZA'),
(3, 5, 3, 'PERALTA'),
(3, 5, 4, 'SANTA CRUZ'),
(3, 5, 5, 'SANTA TERESITA'),
(3, 5, 6, 'PAVONES'),
(3, 5, 7, 'TUIS'),
(3, 5, 8, 'TAYUTIC'),
(3, 5, 9, 'SANTA ROSA'),
(3, 5, 10, 'TRES EQUIS'),
(3, 5, 11, 'LA ISABEL'),
(3, 5, 12, 'CHIRRIPÓ'),
(3, 6, 1, 'PACAYAS'),
(3, 6, 2, 'CERVANTES'),
(3, 6, 3, 'CAPELLADES'),
(3, 7, 1, 'SAN RAFAEL'),
(3, 7, 2, 'COT'),
(3, 7, 3, 'POTRERO CERRADO'),
(3, 7, 4, 'CIPRESES'),
(3, 7, 5, 'SANTA ROSA'),
(3, 8, 1, 'EL TEJAR'),
(3, 8, 2, 'SAN ISIDRO'),
(3, 8, 3, 'TOBOSI'),
(3, 8, 4, 'PATIO DE AGUA'),
(4, 1, 1, 'HEREDIA'),
(4, 1, 2, 'MERCEDES'),
(4, 1, 3, 'SAN FRANCISCO'),
(4, 1, 4, 'ULLOA'),
(4, 1, 5, 'VARABLANCA'),
(4, 2, 1, 'BARVA'),
(4, 2, 2, 'SAN PEDRO'),
(4, 2, 3, 'SAN PABLO'),
(4, 2, 4, 'SAN ROQUE'),
(4, 2, 5, 'SANTA LUCÍA'),
(4, 2, 6, 'SAN JOSÉ DE LA MONTAÑA'),
(4, 3, 2, 'SAN VICENTE'),
(4, 3, 3, 'SAN MIGUEL'),
(4, 3, 4, 'PARACITO'),
(4, 3, 5, 'SANTO TOMÁS'),
(4, 3, 6, 'SANTA ROSA'),
(4, 3, 7, 'TURES'),
(4, 3, 8, 'PARÁ'),
(4, 4, 1, 'SANTA BÁRBARA'),
(4, 4, 2, 'SAN PEDRO'),
(4, 4, 3, 'SAN JUAN'),
(4, 4, 4, 'JESÚS'),
(4, 4, 5, 'SANTO DOMINGO'),
(4, 4, 6, 'PURABÁ'),
(4, 5, 1, 'SAN RAFAEL'),
(4, 5, 2, 'SAN JOSECITO'),
(4, 5, 3, 'SANTIAGO'),
(4, 5, 4, 'ÁNGELES'),
(4, 5, 5, 'CONCEPCIÓN'),
(4, 6, 1, 'SAN ISIDRO'),
(4, 6, 2, 'SAN JOSÉ'),
(4, 6, 3, 'CONCEPCIÓN'),
(4, 6, 4, 'SAN FRANCISCO'),
(4, 7, 1, 'SAN ANTONIO'),
(4, 7, 2, 'LA RIBERA'),
(4, 7, 3, 'LA ASUNCIÓN'),
(4, 8, 1, 'SAN JOAQUÍN'),
(4, 8, 2, 'BARRANTES'),
(4, 8, 3, 'LLORENTE'),
(4, 9, 1, 'SAN PABLO'),
(4, 10, 1, 'PUERTO VIEJO'),
(4, 10, 2, 'LA VIRGEN'),
(4, 10, 3, 'LAS HORQUETAS'),
(4, 10, 4, 'LLANURAS DEL GASPAR'),
(4, 10, 5, 'CUREÑA'),
(5, 1, 1, 'LIBERIA'),
(5, 1, 2, 'CAÑAS DULCES'),
(5, 1, 3, 'MAYORGA'),
(5, 1, 4, 'NACASCOLO'),
(5, 1, 5, 'CURUBANDÉ'),
(5, 2, 1, 'NICOYA'),
(5, 2, 2, 'MANSIÓN'),
(5, 2, 3, 'SAN ANTONIO'),
(5, 2, 4, 'QUEBRADA HONDA'),
(5, 2, 5, 'SÁMARA'),
(5, 2, 6, 'NOSARA'),
(5, 2, 7, 'BELÉN DE NOSARITA'),
(5, 3, 1, 'SANTA CRUZ'),
(5, 3, 2, 'BOLSÓN'),
(5, 3, 3, 'VEINTISIETE DE ABRIL'),
(5, 3, 4, 'TEMPATE'),
(5, 3, 5, 'CARTAGENA'),
(5, 3, 6, 'CUAJINIQUIL'),
(5, 3, 7, 'DIRIÁ'),
(5, 3, 8, 'CABO VELAS'),
(5, 3, 9, 'TAMARINDO'),
(5, 4, 1, 'BAGACES'),
(5, 4, 2, 'LA FORTUNA'),
(5, 4, 3, 'MOGOTE'),
(5, 4, 4, 'RÍO NARANJO'),
(5, 5, 1, 'FILADELFIA'),
(5, 5, 2, 'PALMIRA'),
(5, 5, 3, 'SARDINAL'),
(5, 5, 4, 'BELÉN'),
(5, 6, 1, 'CAÑAS'),
(5, 6, 2, 'PALMIRA'),
(5, 6, 3, 'SAN MIGUEL'),
(5, 6, 4, 'BEBEDERO'),
(5, 6, 5, 'POROZAL'),
(5, 7, 1, 'LAS JUNTAS'),
(5, 7, 2, 'SIERRA'),
(5, 7, 3, 'SAN JUAN'),
(5, 7, 4, 'COLORADO'),
(5, 8, 1, 'TILARÁN'),
(5, 8, 2, 'QUEBRADA GRANDE'),
(5, 8, 3, 'TRONADORA'),
(5, 8, 4, 'SANTA ROSA'),
(5, 8, 5, 'LÍBANO'),
(5, 8, 6, 'TIERRAS MORENAS'),
(5, 8, 7, 'ARENAL'),
(5, 9, 1, 'CARMONA'),
(5, 9, 2, 'SANTA RITA'),
(5, 9, 3, 'ZAPOTAL'),
(5, 9, 4, 'SAN PABLO'),
(5, 9, 5, 'PORVENIR'),
(5, 9, 6, 'BEJUCO'),
(5, 10, 1, 'LA CRUZ'),
(5, 10, 2, 'SANTA CECILIA'),
(5, 10, 3, 'LA GARITA'),
(5, 10, 4, 'SANTA ELENA'),
(5, 11, 1, 'HOJANCHA'),
(5, 11, 2, 'MONTE ROMO'),
(5, 11, 3, 'PUERTO CARRILLO'),
(5, 11, 4, 'HUACAS'),
(6, 1, 1, 'PUNTARENAS'),
(6, 1, 2, 'PITAHAYA'),
(6, 1, 3, 'CHOMES'),
(6, 1, 4, 'LEPANTO'),
(6, 1, 5, 'PAQUERA'),
(6, 1, 6, 'MANZANILLO'),
(6, 1, 7, 'GUACIMAL'),
(6, 1, 8, 'BARRANCA'),
(6, 1, 9, 'MONTE VERDE'),
(6, 1, 11, 'CÓBANO'),
(6, 1, 12, 'CHACARITA'),
(6, 1, 13, 'CHIRA'),
(6, 1, 14, 'ACAPULCO'),
(6, 1, 15, 'EL ROBLE'),
(6, 1, 16, 'ARANCIBIA'),
(6, 2, 1, 'ESPÍRITU SANTO'),
(6, 2, 2, 'SAN JUAN GRANDE'),
(6, 2, 3, 'MACACONA'),
(6, 2, 4, 'SAN RAFAEL'),
(6, 2, 5, 'SAN JERÓNIMO'),
(6, 2, 6, 'CALDERA'),
(6, 3, 1, 'BUENOS AIRES'),
(6, 3, 2, 'VOLCÁN'),
(6, 3, 3, 'POTRERO GRANDE'),
(6, 3, 4, 'BORUCA'),
(6, 3, 5, 'PILAS'),
(6, 3, 6, 'COLINAS'),
(6, 3, 7, 'CHÁNGUENA'),
(6, 3, 8, 'BIOLLEY'),
(6, 3, 9, 'BRUNKA'),
(6, 4, 1, 'MIRAMAR'),
(6, 4, 2, 'LA UNIÓN'),
(6, 4, 3, 'SAN ISIDRO'),
(6, 5, 1, 'PUERTO CORTÉS'),
(6, 5, 2, 'PALMAR'),
(6, 5, 3, 'SIERPE'),
(6, 5, 4, 'BAHÍA BALLENA'),
(6, 5, 5, 'PIEDRAS BLANCAS'),
(6, 5, 6, 'BAHÍA DRAKE'),
(6, 6, 1, 'QUEPOS'),
(6, 6, 2, 'SAVEGRE'),
(6, 6, 3, 'NARANJITO'),
(6, 7, 1, 'GOLFITO'),
(6, 7, 2, 'PUERTO JIMÉNEZ'),
(6, 7, 3, 'GUAYCARÁ'),
(6, 7, 4, 'PAVÓN'),
(6, 8, 1, 'SAN VITO'),
(6, 8, 2, 'SABALITO'),
(6, 8, 3, 'AGUABUENA'),
(6, 8, 4, 'LIMONCITO'),
(6, 8, 5, 'PITTIER'),
(6, 8, 6, 'GUTIERREZ BRAUN'),
(6, 9, 1, 'PARRITA'),
(6, 10, 1, 'CORREDOR'),
(6, 10, 2, 'LA CUESTA'),
(6, 10, 3, 'CANOAS'),
(6, 10, 4, 'LAUREL'),
(6, 11, 1, 'JACÓ'),
(6, 11, 2, 'TÁRCOLES'),
(7, 1, 1, 'LIMÓN'),
(7, 1, 2, 'VALLE LA ESTRELLA'),
(7, 1, 4, 'MATAMA'),
(7, 2, 1, 'GUÁPILES'),
(7, 2, 2, 'JIMÉNEZ'),
(7, 2, 3, 'RITA'),
(7, 2, 4, 'ROXANA'),
(7, 2, 5, 'CARIARI'),
(7, 2, 6, 'COLORADO'),
(7, 2, 7, 'LA COLONIA'),
(7, 3, 1, 'SIQUIRRES'),
(7, 3, 2, 'PACUARITO'),
(7, 3, 3, 'FLORIDA'),
(7, 3, 4, 'GERMANIA'),
(7, 3, 5, 'EL CAIRO'),
(7, 3, 6, 'ALEGRÍA'),
(7, 4, 1, 'BRATSI'),
(7, 4, 2, 'SIXAOLA'),
(7, 4, 3, 'CAHUITA'),
(7, 4, 4, 'TELIRE'),
(7, 5, 1, 'MATINA'),
(7, 5, 2, 'BATÁN'),
(7, 5, 3, 'CARRANDI'),
(7, 6, 1, 'GUÁCIMO'),
(7, 6, 2, 'MERCEDES'),
(7, 6, 3, 'POCORA'),
(7, 6, 4, 'RÍO JIMÉNEZ'),
(7, 6, 5, 'DUACARÍ');

-- --------------------------------------------------------

--
-- Estructura de tabla para la tabla `ubicacion_provincia`
--

CREATE TABLE `ubicacion_provincia` (
  `provincia_id` int(11) NOT NULL,
  `provincia` varchar(45) DEFAULT NULL
) ENGINE=InnoDB DEFAULT CHARSET=latin1;

--
-- Volcado de datos para la tabla `ubicacion_provincia`
--

INSERT INTO `ubicacion_provincia` (`provincia_id`, `provincia`) VALUES
(1, 'San José'),
(2, 'Alajuela'),
(3, 'Cartago'),
(4, 'Heredia'),
(5, 'Guanacaste'),
(6, 'Puntarenas'),
(7, 'Limón');

-- --------------------------------------------------------

--
-- Estructura de tabla para la tabla `usuario`
--

CREATE TABLE `usuario` (
  `usuario_id` int(11) NOT NULL,
  `fecha_registro` datetime NOT NULL,
  `rol_id` int(11) NOT NULL,
  `estado_id` int(11) NOT NULL,
  `usuario` text COLLATE utf8_spanish_ci NOT NULL,
  `password` char(255) COLLATE utf8_spanish_ci NOT NULL
) ENGINE=InnoDB DEFAULT CHARSET=utf8 COLLATE=utf8_spanish_ci;

--
-- Volcado de datos para la tabla `usuario`
--

INSERT INTO `usuario` (`usuario_id`, `fecha_registro`, `rol_id`, `estado_id`, `usuario`, `password`) VALUES
(1, '2017-12-01 06:19:38', 1, 1, 'instatec_admin', '$2y$10$UDJh9W7b0YR5.yNPEmNyLO6j8ZSN.f/7WXt136JrAEumTXbVfbdQC'),
(2, '2017-12-01 06:21:48', 1, 1, 'keylormg', '$2y$10$H/zVeP80TCO1oY1Qo6ZzbOMUUphGPyCdVDD43IZFaQ24dISqo5s9y');

-- --------------------------------------------------------

--
-- Estructura de tabla para la tabla `usuario_bitacora_cambios`
--

CREATE TABLE `usuario_bitacora_cambios` (
  `usuario_bitacora_cambio_id` int(11) NOT NULL,
  `usuario_id` int(11) NOT NULL,
  `fecha_cambio` datetime NOT NULL,
  `tipo` varchar(30) COLLATE utf8_spanish_ci NOT NULL,
  `tabla` varchar(60) COLLATE utf8_spanish_ci NOT NULL,
  `id_fila` int(11) NOT NULL
) ENGINE=InnoDB DEFAULT CHARSET=utf8 COLLATE=utf8_spanish_ci;

--
-- Volcado de datos para la tabla `usuario_bitacora_cambios`
--

INSERT INTO `usuario_bitacora_cambios` (`usuario_bitacora_cambio_id`, `usuario_id`, `fecha_cambio`, `tipo`, `tabla`, `id_fila`) VALUES
(1, 1, '2017-12-11 07:32:10', 'edicion', 'cliente', 1),
(2, 1, '2017-12-11 07:32:38', 'edicion', 'cliente', 1),
(3, 1, '2017-12-11 07:33:19', 'edicion', 'proveedor', 1),
(4, 1, '2017-12-11 07:33:42', 'edicion', 'proveedor', 3),
(5, 1, '2017-12-17 21:11:29', 'edicion', '', 1),
(6, 1, '2017-12-17 21:20:17', 'edicion', '', 1),
(7, 1, '2017-12-17 21:23:51', 'edicion', '', 1),
(8, 1, '2017-12-17 21:27:08', 'edicion', '', 7),
(9, 1, '2017-12-22 19:48:56', 'edicion', '', 5),
(10, 1, '2017-12-23 01:54:22', 'edicion', '', 5),
(11, 1, '2017-12-29 05:43:43', 'edicion', '', 1),
(12, 1, '2017-12-29 05:46:04', 'edicion', '', 1),
(13, 1, '2017-12-29 05:47:30', 'edicion', '', 1),
(14, 1, '2017-12-29 05:48:15', 'edicion', '', 2),
(15, 1, '2017-12-29 05:48:18', 'edicion', '', 3),
(16, 1, '2017-12-29 05:48:23', 'edicion', '', 4),
(17, 1, '2017-12-29 05:48:27', 'edicion', '', 5),
(18, 1, '2017-12-29 05:48:29', 'edicion', '', 6),
(19, 1, '2017-12-29 05:48:32', 'edicion', '', 7),
(20, 1, '2017-12-29 05:51:19', 'edicion', '', 1),
(21, 1, '2017-12-29 05:51:42', 'edicion', '', 1),
(22, 1, '2017-12-29 05:51:59', 'edicion', '', 1),
(23, 1, '2017-12-29 06:09:56', 'edicion', '', 1),
(24, 1, '2017-12-29 06:10:18', 'edicion', '', 1),
(25, 1, '2017-12-29 06:10:46', 'edicion', '', 1),
(26, 1, '2017-12-29 06:11:10', 'edicion', '', 1),
(27, 1, '2017-12-29 07:38:01', 'edicion', '', 1),
(28, 1, '2017-12-29 07:49:45', 'edicion', '', 1),
(29, 1, '2017-12-29 07:52:37', 'edicion', '', 1),
(30, 1, '2017-12-30 05:31:01', 'edicion', '', 15);

-- --------------------------------------------------------

--
-- Estructura de tabla para la tabla `usuario_bitacora_ingreso`
--

CREATE TABLE `usuario_bitacora_ingreso` (
  `usuario_bitacora_id` int(11) NOT NULL,
  `usuario_id` int(11) NOT NULL,
  `fecha_ingreso` datetime NOT NULL,
  `ip` varchar(60) COLLATE utf8_spanish_ci NOT NULL,
  `agente_usuario` varchar(300) COLLATE utf8_spanish_ci NOT NULL
) ENGINE=InnoDB DEFAULT CHARSET=utf8 COLLATE=utf8_spanish_ci;

--
-- Volcado de datos para la tabla `usuario_bitacora_ingreso`
--

INSERT INTO `usuario_bitacora_ingreso` (`usuario_bitacora_id`, `usuario_id`, `fecha_ingreso`, `ip`, `agente_usuario`) VALUES
(1, 1, '2017-12-01 08:05:13', '127.0.0.1', 'Mozilla/5.0 (Windows NT 10.0; Win64; x64) AppleWebKit/537.36 (KHTML, like Gecko) Chrome/62.0.3202.94 Safari/537.36'),
(2, 2, '2017-12-01 08:07:13', '127.0.0.1', 'Mozilla/5.0 (Windows NT 10.0; Win64; x64) AppleWebKit/537.36 (KHTML, like Gecko) Chrome/62.0.3202.94 Safari/537.36'),
(3, 1, '2017-12-01 08:07:32', '127.0.0.1', 'Mozilla/5.0 (Windows NT 10.0; Win64; x64) AppleWebKit/537.36 (KHTML, like Gecko) Chrome/62.0.3202.94 Safari/537.36'),
(4, 1, '2017-12-01 08:11:01', '127.0.0.1', 'Mozilla/5.0 (iPhone; CPU iPhone OS 9_1 like Mac OS X) AppleWebKit/601.1.46 (KHTML, like Gecko) Version/9.0 Mobile/13B143 Safari/601.1'),
(5, 1, '2017-12-04 00:11:51', '127.0.0.1', 'Mozilla/5.0 (Windows NT 10.0; Win64; x64) AppleWebKit/537.36 (KHTML, like Gecko) Chrome/62.0.3202.94 Safari/537.36'),
(6, 1, '2017-12-07 02:12:29', '127.0.0.1', 'Mozilla/5.0 (Windows NT 10.0; Win64; x64) AppleWebKit/537.36 (KHTML, like Gecko) Chrome/62.0.3202.94 Safari/537.36'),
(7, 1, '2017-12-07 02:27:51', '127.0.0.1', 'Mozilla/5.0 (Windows NT 10.0; Win64; x64) AppleWebKit/537.36 (KHTML, like Gecko) Chrome/62.0.3202.94 Safari/537.36'),
(8, 1, '2017-12-08 06:21:24', '127.0.0.1', 'Mozilla/5.0 (Windows NT 10.0; Win64; x64) AppleWebKit/537.36 (KHTML, like Gecko) Chrome/62.0.3202.94 Safari/537.36'),
(9, 1, '2017-12-09 02:45:54', '127.0.0.1', 'Mozilla/5.0 (Windows NT 10.0; Win64; x64) AppleWebKit/537.36 (KHTML, like Gecko) Chrome/62.0.3202.94 Safari/537.36'),
(10, 1, '2017-12-11 01:32:28', '127.0.0.1', 'Mozilla/5.0 (Windows NT 10.0; Win64; x64) AppleWebKit/537.36 (KHTML, like Gecko) Chrome/62.0.3202.94 Safari/537.36'),
(11, 1, '2017-12-11 05:14:48', '127.0.0.1', 'Mozilla/5.0 (Windows NT 10.0; Win64; x64) AppleWebKit/537.36 (KHTML, like Gecko) Chrome/62.0.3202.94 Safari/537.36'),
(12, 1, '2017-12-12 06:32:04', '127.0.0.1', 'Mozilla/5.0 (Windows NT 10.0; Win64; x64) AppleWebKit/537.36 (KHTML, like Gecko) Chrome/62.0.3202.94 Safari/537.36'),
(13, 1, '2017-12-13 04:13:52', '127.0.0.1', 'Mozilla/5.0 (Windows NT 10.0; Win64; x64) AppleWebKit/537.36 (KHTML, like Gecko) Chrome/62.0.3202.94 Safari/537.36'),
(14, 1, '2017-12-13 07:01:19', '127.0.0.1', 'Mozilla/5.0 (Windows NT 10.0; Win64; x64) AppleWebKit/537.36 (KHTML, like Gecko) Chrome/62.0.3202.94 Safari/537.36'),
(15, 1, '2017-12-14 04:52:16', '127.0.0.1', 'Mozilla/5.0 (Windows NT 10.0; Win64; x64) AppleWebKit/537.36 (KHTML, like Gecko) Chrome/62.0.3202.94 Safari/537.36'),
(16, 1, '2017-12-16 01:07:01', '127.0.0.1', 'Mozilla/5.0 (Windows NT 10.0; Win64; x64) AppleWebKit/537.36 (KHTML, like Gecko) Chrome/62.0.3202.94 Safari/537.36'),
(17, 1, '2017-12-16 19:09:48', '127.0.0.1', 'Mozilla/5.0 (Windows NT 10.0; Win64; x64) AppleWebKit/537.36 (KHTML, like Gecko) Chrome/63.0.3239.84 Safari/537.36'),
(18, 1, '2017-12-17 19:50:05', '127.0.0.1', 'Mozilla/5.0 (Windows NT 10.0; Win64; x64) AppleWebKit/537.36 (KHTML, like Gecko) Chrome/63.0.3239.84 Safari/537.36'),
(19, 1, '2017-12-17 19:50:10', '127.0.0.1', 'Mozilla/5.0 (Windows NT 10.0; Win64; x64) AppleWebKit/537.36 (KHTML, like Gecko) Chrome/63.0.3239.84 Safari/537.36'),
(20, 1, '2017-12-17 21:34:11', '127.0.0.1', 'Mozilla/5.0 (Windows NT 10.0; Win64; x64) AppleWebKit/537.36 (KHTML, like Gecko) Chrome/63.0.3239.84 Safari/537.36'),
(21, 1, '2017-12-17 21:34:28', '127.0.0.1', 'Mozilla/5.0 (Windows NT 10.0; Win64; x64) AppleWebKit/537.36 (KHTML, like Gecko) Chrome/63.0.3239.84 Safari/537.36'),
(22, 1, '2017-12-18 06:45:45', '127.0.0.1', 'Mozilla/5.0 (Windows NT 10.0; Win64; x64) AppleWebKit/537.36 (KHTML, like Gecko) Chrome/63.0.3239.84 Safari/537.36'),
(23, 1, '2017-12-19 03:38:06', '127.0.0.1', 'Mozilla/5.0 (Windows NT 10.0; Win64; x64) AppleWebKit/537.36 (KHTML, like Gecko) Chrome/63.0.3239.84 Safari/537.36'),
(24, 1, '2017-12-19 06:34:58', '127.0.0.1', 'Mozilla/5.0 (Windows NT 10.0; Win64; x64) AppleWebKit/537.36 (KHTML, like Gecko) Chrome/63.0.3239.84 Safari/537.36'),
(25, 1, '2017-12-20 03:16:04', '127.0.0.1', 'Mozilla/5.0 (Windows NT 10.0; Win64; x64) AppleWebKit/537.36 (KHTML, like Gecko) Chrome/63.0.3239.84 Safari/537.36'),
(26, 1, '2017-12-22 03:27:48', '127.0.0.1', 'Mozilla/5.0 (Windows NT 10.0; Win64; x64) AppleWebKit/537.36 (KHTML, like Gecko) Chrome/63.0.3239.84 Safari/537.36'),
(27, 1, '2017-12-22 05:30:50', '127.0.0.1', 'Mozilla/5.0 (Windows NT 10.0; Win64; x64) AppleWebKit/537.36 (KHTML, like Gecko) Chrome/63.0.3239.84 Safari/537.36'),
(28, 1, '2017-12-22 19:41:20', '127.0.0.1', 'Mozilla/5.0 (Windows NT 10.0; Win64; x64) AppleWebKit/537.36 (KHTML, like Gecko) Chrome/63.0.3239.84 Safari/537.36'),
(29, 1, '2017-12-24 18:51:03', '127.0.0.1', 'Mozilla/5.0 (Windows NT 10.0; Win64; x64) AppleWebKit/537.36 (KHTML, like Gecko) Chrome/63.0.3239.84 Safari/537.36'),
(30, 1, '2017-12-26 20:08:00', '127.0.0.1', 'Mozilla/5.0 (Windows NT 10.0; Win64; x64) AppleWebKit/537.36 (KHTML, like Gecko) Chrome/63.0.3239.84 Safari/537.36'),
(31, 1, '2017-12-26 20:08:07', '127.0.0.1', 'Mozilla/5.0 (Windows NT 10.0; Win64; x64) AppleWebKit/537.36 (KHTML, like Gecko) Chrome/63.0.3239.84 Safari/537.36'),
(32, 1, '2017-12-27 01:26:54', '127.0.0.1', 'Mozilla/5.0 (Windows NT 10.0; Win64; x64) AppleWebKit/537.36 (KHTML, like Gecko) Chrome/63.0.3239.84 Safari/537.36'),
(33, 1, '2017-12-28 01:23:12', '127.0.0.1', 'Mozilla/5.0 (Windows NT 10.0; Win64; x64) AppleWebKit/537.36 (KHTML, like Gecko) Chrome/63.0.3239.84 Safari/537.36'),
(34, 1, '2017-12-28 04:22:09', '127.0.0.1', 'Mozilla/5.0 (Windows NT 10.0; Win64; x64) AppleWebKit/537.36 (KHTML, like Gecko) Chrome/63.0.3239.84 Safari/537.36'),
(35, 1, '2017-12-28 19:14:02', '127.0.0.1', 'Mozilla/5.0 (Windows NT 10.0; Win64; x64) AppleWebKit/537.36 (KHTML, like Gecko) Chrome/63.0.3239.84 Safari/537.36'),
(36, 1, '2017-12-29 00:53:12', '127.0.0.1', 'Mozilla/5.0 (Windows NT 10.0; Win64; x64) AppleWebKit/537.36 (KHTML, like Gecko) Chrome/63.0.3239.84 Safari/537.36'),
(37, 1, '2017-12-29 23:32:27', '127.0.0.1', 'Mozilla/5.0 (Windows NT 10.0; Win64; x64) AppleWebKit/537.36 (KHTML, like Gecko) Chrome/63.0.3239.84 Safari/537.36');

-- --------------------------------------------------------

--
-- Estructura de tabla para la tabla `usuario_colaborador`
--

CREATE TABLE `usuario_colaborador` (
  `usuario_colaborador_id` int(11) NOT NULL,
  `usuario_id` int(11) NOT NULL,
  `colaborador_id` int(11) NOT NULL
) ENGINE=InnoDB DEFAULT CHARSET=utf8 COLLATE=utf8_spanish_ci;

-- --------------------------------------------------------

--
-- Estructura de tabla para la tabla `usuario_detalle`
--

CREATE TABLE `usuario_detalle` (
  `usuario_detalle_id` int(11) NOT NULL,
  `usuario_id` int(11) NOT NULL,
  `nombre` varchar(50) COLLATE utf8_spanish_ci NOT NULL,
  `apellidos` varchar(50) COLLATE utf8_spanish_ci NOT NULL,
  `correo` varchar(100) COLLATE utf8_spanish_ci NOT NULL
) ENGINE=InnoDB DEFAULT CHARSET=utf8 COLLATE=utf8_spanish_ci ROW_FORMAT=COMPACT;

--
-- Volcado de datos para la tabla `usuario_detalle`
--

INSERT INTO `usuario_detalle` (`usuario_detalle_id`, `usuario_id`, `nombre`, `apellidos`, `correo`) VALUES
(1, 1, 'Arlen', 'Loaiza', 'info@instateccr.com'),
(2, 2, 'Keylor', 'Mora', 'khmg13@gmail.com');

-- --------------------------------------------------------

--
-- Estructura de tabla para la tabla `usuario_estado`
--

CREATE TABLE `usuario_estado` (
  `estado_id` int(11) NOT NULL,
  `estado` varchar(30) COLLATE utf8_spanish_ci NOT NULL
) ENGINE=InnoDB DEFAULT CHARSET=utf8 COLLATE=utf8_spanish_ci;

--
-- Volcado de datos para la tabla `usuario_estado`
--

INSERT INTO `usuario_estado` (`estado_id`, `estado`) VALUES
(1, 'activo'),
(2, 'inactivo');

-- --------------------------------------------------------

--
-- Estructura de tabla para la tabla `usuario_rol`
--

CREATE TABLE `usuario_rol` (
  `rol_id` int(11) NOT NULL,
  `rol` varchar(30) COLLATE utf8_spanish_ci NOT NULL
) ENGINE=InnoDB DEFAULT CHARSET=utf8 COLLATE=utf8_spanish_ci;

--
-- Volcado de datos para la tabla `usuario_rol`
--

INSERT INTO `usuario_rol` (`rol_id`, `rol`) VALUES
(1, 'administrador'),
(2, 'asistente'),
(3, 'jefe_proyecto'),
(4, 'colaborador');

-- --------------------------------------------------------

--
-- Estructura de tabla para la tabla `usuario_rol_permiso`
--

CREATE TABLE `usuario_rol_permiso` (
  `usuario_rol_permiso_id` int(11) NOT NULL,
  `usuario_rol_id` int(11) NOT NULL,
  `modulo` varchar(50) COLLATE utf8_spanish_ci NOT NULL,
  `funcion` varchar(50) COLLATE utf8_spanish_ci NOT NULL,
  `estado_permiso` int(1) NOT NULL
) ENGINE=InnoDB DEFAULT CHARSET=utf8 COLLATE=utf8_spanish_ci;

--
-- Volcado de datos para la tabla `usuario_rol_permiso`
--

INSERT INTO `usuario_rol_permiso` (`usuario_rol_permiso_id`, `usuario_rol_id`, `modulo`, `funcion`, `estado_permiso`) VALUES
(1, 1, 'factura', 'create', 1),
(2, 1, 'factura', 'view', 1),
(3, 1, 'factura', 'edit', 1),
(4, 1, 'factura', 'delete', 1),
(5, 1, 'factura', 'list', 1),
(6, 1, 'cliente', 'create', 1),
(7, 1, 'cliente', 'view', 1),
(8, 1, 'cliente', 'edit', 1),
(9, 1, 'cliente', 'delete', 1),
(10, 1, 'cliente', 'list', 1),
(11, 1, 'proveedor', 'create', 1),
(12, 1, 'proveedor', 'view', 1),
(13, 1, 'proveedor', 'edit', 1),
(14, 1, 'proveedor', 'delete', 1),
(15, 1, 'proveedor', 'list', 1),
(16, 1, 'configuracion_empresa', 'create', 1),
(17, 1, 'configuracion_empresa', 'edit', 1),
(18, 1, 'configuracion_empresa', 'list', 1),
(19, 1, 'proyecto_extensiones', 'list', 1),
(20, 1, 'proyecto_extensiones', 'delete', 1),
(21, 1, 'proyecto_gastos', 'create', 1),
(22, 1, 'proyecto_gastos', 'view', 1),
(23, 1, 'proyecto_gastos', 'edit', 1),
(24, 1, 'proyecto_gastos', 'delete', 1),
(25, 1, 'proyecto_gastos', 'list', 1),
(26, 1, 'reporte', 'list', 1),
(27, 1, 'reporte_proyecto_especifico', 'view', 1);

--
-- Índices para tablas volcadas
--

--
-- Indices de la tabla `cliente`
--
ALTER TABLE `cliente`
  ADD PRIMARY KEY (`cliente_id`);

--
-- Indices de la tabla `cliente_correo`
--
ALTER TABLE `cliente_correo`
  ADD PRIMARY KEY (`cliente_correo_id`);

--
-- Indices de la tabla `cliente_telefono`
--
ALTER TABLE `cliente_telefono`
  ADD PRIMARY KEY (`cliente_telefono_id`);

--
-- Indices de la tabla `colaborador`
--
ALTER TABLE `colaborador`
  ADD PRIMARY KEY (`colaborador_id`);

--
-- Indices de la tabla `colaborador_costo_hora`
--
ALTER TABLE `colaborador_costo_hora`
  ADD PRIMARY KEY (`colaborador_costo_hora_id`);

--
-- Indices de la tabla `colaborador_puesto`
--
ALTER TABLE `colaborador_puesto`
  ADD PRIMARY KEY (`colaborador_puesto_id`);

--
-- Indices de la tabla `moneda`
--
ALTER TABLE `moneda`
  ADD PRIMARY KEY (`moneda_id`);

--
-- Indices de la tabla `pais`
--
ALTER TABLE `pais`
  ADD PRIMARY KEY (`id`);

--
-- Indices de la tabla `proveedor`
--
ALTER TABLE `proveedor`
  ADD PRIMARY KEY (`proveedor_id`);

--
-- Indices de la tabla `proveedor_correo`
--
ALTER TABLE `proveedor_correo`
  ADD PRIMARY KEY (`proveedor_correo_id`);

--
-- Indices de la tabla `proveedor_telefono`
--
ALTER TABLE `proveedor_telefono`
  ADD PRIMARY KEY (`proveedor_telefono_id`);

--
-- Indices de la tabla `proyecto`
--
ALTER TABLE `proyecto`
  ADD PRIMARY KEY (`proyecto_id`);

--
-- Indices de la tabla `proyecto_colaborador`
--
ALTER TABLE `proyecto_colaborador`
  ADD PRIMARY KEY (`proyecto_colaborador_id`);

--
-- Indices de la tabla `proyecto_estado`
--
ALTER TABLE `proyecto_estado`
  ADD PRIMARY KEY (`proyecto_estado_id`);

--
-- Indices de la tabla `proyecto_gasto`
--
ALTER TABLE `proyecto_gasto`
  ADD PRIMARY KEY (`proyecto_gasto_id`);

--
-- Indices de la tabla `proyecto_gasto_detalle`
--
ALTER TABLE `proyecto_gasto_detalle`
  ADD PRIMARY KEY (`proyecto_gasto_detalle_id`);

--
-- Indices de la tabla `proyecto_gasto_estado`
--
ALTER TABLE `proyecto_gasto_estado`
  ADD PRIMARY KEY (`proyecto_gasto_estado_id`);

--
-- Indices de la tabla `proyecto_gasto_mano_obra`
--
ALTER TABLE `proyecto_gasto_mano_obra`
  ADD PRIMARY KEY (`proyecto_gasto_mano_obra_id`);

--
-- Indices de la tabla `proyecto_gasto_monto`
--
ALTER TABLE `proyecto_gasto_monto`
  ADD PRIMARY KEY (`proyecto_gasto_monto_id`);

--
-- Indices de la tabla `proyecto_gasto_tipo`
--
ALTER TABLE `proyecto_gasto_tipo`
  ADD PRIMARY KEY (`proyecto_gasto_tipo_id`);

--
-- Indices de la tabla `proyecto_tipo_cambio`
--
ALTER TABLE `proyecto_tipo_cambio`
  ADD PRIMARY KEY (`proyecto_tipo_cambio_id`);

--
-- Indices de la tabla `proyecto_valor_oferta`
--
ALTER TABLE `proyecto_valor_oferta`
  ADD PRIMARY KEY (`proyecto_valor_oferta_id`);

--
-- Indices de la tabla `proyecto_valor_oferta_extension_detalle`
--
ALTER TABLE `proyecto_valor_oferta_extension_detalle`
  ADD PRIMARY KEY (`proyecto_valor_oferta_extension_detalle_id`);

--
-- Indices de la tabla `proyecto_valor_oferta_extension_tipo`
--
ALTER TABLE `proyecto_valor_oferta_extension_tipo`
  ADD PRIMARY KEY (`proyecto_valor_oferta_extension_tipo_id`);

--
-- Indices de la tabla `proyecto_valor_oferta_tipo`
--
ALTER TABLE `proyecto_valor_oferta_tipo`
  ADD PRIMARY KEY (`proyecto_valor_oferta_tipo_id`);

--
-- Indices de la tabla `ubicacion_provincia`
--
ALTER TABLE `ubicacion_provincia`
  ADD PRIMARY KEY (`provincia_id`);

--
-- Indices de la tabla `usuario`
--
ALTER TABLE `usuario`
  ADD PRIMARY KEY (`usuario_id`);

--
-- Indices de la tabla `usuario_bitacora_cambios`
--
ALTER TABLE `usuario_bitacora_cambios`
  ADD PRIMARY KEY (`usuario_bitacora_cambio_id`);

--
-- Indices de la tabla `usuario_bitacora_ingreso`
--
ALTER TABLE `usuario_bitacora_ingreso`
  ADD PRIMARY KEY (`usuario_bitacora_id`);

--
-- Indices de la tabla `usuario_colaborador`
--
ALTER TABLE `usuario_colaborador`
  ADD PRIMARY KEY (`usuario_colaborador_id`);

--
-- Indices de la tabla `usuario_detalle`
--
ALTER TABLE `usuario_detalle`
  ADD PRIMARY KEY (`usuario_detalle_id`);

--
-- Indices de la tabla `usuario_estado`
--
ALTER TABLE `usuario_estado`
  ADD PRIMARY KEY (`estado_id`);

--
-- Indices de la tabla `usuario_rol`
--
ALTER TABLE `usuario_rol`
  ADD PRIMARY KEY (`rol_id`);

--
-- Indices de la tabla `usuario_rol_permiso`
--
ALTER TABLE `usuario_rol_permiso`
  ADD PRIMARY KEY (`usuario_rol_permiso_id`);

--
-- AUTO_INCREMENT de las tablas volcadas
--

--
-- AUTO_INCREMENT de la tabla `cliente`
--
ALTER TABLE `cliente`
  MODIFY `cliente_id` int(11) NOT NULL AUTO_INCREMENT, AUTO_INCREMENT=15;
--
-- AUTO_INCREMENT de la tabla `cliente_correo`
--
ALTER TABLE `cliente_correo`
  MODIFY `cliente_correo_id` int(11) NOT NULL AUTO_INCREMENT, AUTO_INCREMENT=20;
--
-- AUTO_INCREMENT de la tabla `cliente_telefono`
--
ALTER TABLE `cliente_telefono`
  MODIFY `cliente_telefono_id` int(11) NOT NULL AUTO_INCREMENT, AUTO_INCREMENT=19;
--
-- AUTO_INCREMENT de la tabla `colaborador`
--
ALTER TABLE `colaborador`
  MODIFY `colaborador_id` int(11) NOT NULL AUTO_INCREMENT;
--
-- AUTO_INCREMENT de la tabla `colaborador_costo_hora`
--
ALTER TABLE `colaborador_costo_hora`
  MODIFY `colaborador_costo_hora_id` int(11) NOT NULL AUTO_INCREMENT;
--
-- AUTO_INCREMENT de la tabla `colaborador_puesto`
--
ALTER TABLE `colaborador_puesto`
  MODIFY `colaborador_puesto_id` int(11) NOT NULL AUTO_INCREMENT, AUTO_INCREMENT=4;
--
-- AUTO_INCREMENT de la tabla `moneda`
--
ALTER TABLE `moneda`
  MODIFY `moneda_id` int(11) NOT NULL AUTO_INCREMENT, AUTO_INCREMENT=3;
--
-- AUTO_INCREMENT de la tabla `pais`
--
ALTER TABLE `pais`
  MODIFY `id` int(11) NOT NULL AUTO_INCREMENT COMMENT 'ID de país', AUTO_INCREMENT=246;
--
-- AUTO_INCREMENT de la tabla `proveedor`
--
ALTER TABLE `proveedor`
  MODIFY `proveedor_id` int(11) NOT NULL AUTO_INCREMENT, AUTO_INCREMENT=5;
--
-- AUTO_INCREMENT de la tabla `proveedor_correo`
--
ALTER TABLE `proveedor_correo`
  MODIFY `proveedor_correo_id` int(11) NOT NULL AUTO_INCREMENT, AUTO_INCREMENT=18;
--
-- AUTO_INCREMENT de la tabla `proveedor_telefono`
--
ALTER TABLE `proveedor_telefono`
  MODIFY `proveedor_telefono_id` int(11) NOT NULL AUTO_INCREMENT, AUTO_INCREMENT=18;
--
-- AUTO_INCREMENT de la tabla `proyecto`
--
ALTER TABLE `proyecto`
  MODIFY `proyecto_id` int(11) NOT NULL AUTO_INCREMENT, AUTO_INCREMENT=16;
--
-- AUTO_INCREMENT de la tabla `proyecto_colaborador`
--
ALTER TABLE `proyecto_colaborador`
  MODIFY `proyecto_colaborador_id` int(11) NOT NULL AUTO_INCREMENT;
--
-- AUTO_INCREMENT de la tabla `proyecto_estado`
--
ALTER TABLE `proyecto_estado`
  MODIFY `proyecto_estado_id` int(11) NOT NULL AUTO_INCREMENT, AUTO_INCREMENT=5;
--
-- AUTO_INCREMENT de la tabla `proyecto_gasto`
--
ALTER TABLE `proyecto_gasto`
  MODIFY `proyecto_gasto_id` int(11) NOT NULL AUTO_INCREMENT, AUTO_INCREMENT=22;
--
-- AUTO_INCREMENT de la tabla `proyecto_gasto_detalle`
--
ALTER TABLE `proyecto_gasto_detalle`
  MODIFY `proyecto_gasto_detalle_id` int(11) NOT NULL AUTO_INCREMENT, AUTO_INCREMENT=10;
--
-- AUTO_INCREMENT de la tabla `proyecto_gasto_estado`
--
ALTER TABLE `proyecto_gasto_estado`
  MODIFY `proyecto_gasto_estado_id` int(11) NOT NULL AUTO_INCREMENT, AUTO_INCREMENT=3;
--
-- AUTO_INCREMENT de la tabla `proyecto_gasto_mano_obra`
--
ALTER TABLE `proyecto_gasto_mano_obra`
  MODIFY `proyecto_gasto_mano_obra_id` int(11) NOT NULL AUTO_INCREMENT;
--
-- AUTO_INCREMENT de la tabla `proyecto_gasto_monto`
--
ALTER TABLE `proyecto_gasto_monto`
  MODIFY `proyecto_gasto_monto_id` int(11) NOT NULL AUTO_INCREMENT, AUTO_INCREMENT=40;
--
-- AUTO_INCREMENT de la tabla `proyecto_gasto_tipo`
--
ALTER TABLE `proyecto_gasto_tipo`
  MODIFY `proyecto_gasto_tipo_id` int(11) NOT NULL AUTO_INCREMENT, AUTO_INCREMENT=5;
--
-- AUTO_INCREMENT de la tabla `proyecto_tipo_cambio`
--
ALTER TABLE `proyecto_tipo_cambio`
  MODIFY `proyecto_tipo_cambio_id` int(11) NOT NULL AUTO_INCREMENT, AUTO_INCREMENT=16;
--
-- AUTO_INCREMENT de la tabla `proyecto_valor_oferta`
--
ALTER TABLE `proyecto_valor_oferta`
  MODIFY `proyecto_valor_oferta_id` int(11) NOT NULL AUTO_INCREMENT, AUTO_INCREMENT=100;
--
-- AUTO_INCREMENT de la tabla `proyecto_valor_oferta_extension_detalle`
--
ALTER TABLE `proyecto_valor_oferta_extension_detalle`
  MODIFY `proyecto_valor_oferta_extension_detalle_id` int(11) NOT NULL AUTO_INCREMENT, AUTO_INCREMENT=24;
--
-- AUTO_INCREMENT de la tabla `proyecto_valor_oferta_extension_tipo`
--
ALTER TABLE `proyecto_valor_oferta_extension_tipo`
  MODIFY `proyecto_valor_oferta_extension_tipo_id` int(11) NOT NULL AUTO_INCREMENT, AUTO_INCREMENT=4;
--
-- AUTO_INCREMENT de la tabla `proyecto_valor_oferta_tipo`
--
ALTER TABLE `proyecto_valor_oferta_tipo`
  MODIFY `proyecto_valor_oferta_tipo_id` int(11) NOT NULL AUTO_INCREMENT, AUTO_INCREMENT=7;
--
-- AUTO_INCREMENT de la tabla `ubicacion_provincia`
--
ALTER TABLE `ubicacion_provincia`
  MODIFY `provincia_id` int(11) NOT NULL AUTO_INCREMENT, AUTO_INCREMENT=8;
--
-- AUTO_INCREMENT de la tabla `usuario`
--
ALTER TABLE `usuario`
  MODIFY `usuario_id` int(11) NOT NULL AUTO_INCREMENT, AUTO_INCREMENT=3;
--
-- AUTO_INCREMENT de la tabla `usuario_bitacora_cambios`
--
ALTER TABLE `usuario_bitacora_cambios`
  MODIFY `usuario_bitacora_cambio_id` int(11) NOT NULL AUTO_INCREMENT, AUTO_INCREMENT=31;
--
-- AUTO_INCREMENT de la tabla `usuario_bitacora_ingreso`
--
ALTER TABLE `usuario_bitacora_ingreso`
  MODIFY `usuario_bitacora_id` int(11) NOT NULL AUTO_INCREMENT, AUTO_INCREMENT=38;
--
-- AUTO_INCREMENT de la tabla `usuario_colaborador`
--
ALTER TABLE `usuario_colaborador`
  MODIFY `usuario_colaborador_id` int(11) NOT NULL AUTO_INCREMENT;
--
-- AUTO_INCREMENT de la tabla `usuario_detalle`
--
ALTER TABLE `usuario_detalle`
  MODIFY `usuario_detalle_id` int(11) NOT NULL AUTO_INCREMENT, AUTO_INCREMENT=3;
--
-- AUTO_INCREMENT de la tabla `usuario_estado`
--
ALTER TABLE `usuario_estado`
  MODIFY `estado_id` int(11) NOT NULL AUTO_INCREMENT, AUTO_INCREMENT=3;
--
-- AUTO_INCREMENT de la tabla `usuario_rol`
--
ALTER TABLE `usuario_rol`
  MODIFY `rol_id` int(11) NOT NULL AUTO_INCREMENT, AUTO_INCREMENT=5;
--
-- AUTO_INCREMENT de la tabla `usuario_rol_permiso`
--
ALTER TABLE `usuario_rol_permiso`
  MODIFY `usuario_rol_permiso_id` int(11) NOT NULL AUTO_INCREMENT, AUTO_INCREMENT=28;
/*!40101 SET CHARACTER_SET_CLIENT=@OLD_CHARACTER_SET_CLIENT */;
/*!40101 SET CHARACTER_SET_RESULTS=@OLD_CHARACTER_SET_RESULTS */;
/*!40101 SET COLLATION_CONNECTION=@OLD_COLLATION_CONNECTION */;
